timestamp,rev_FCR_D,rev_DA,rev_IM,PnL
2026-03-01 00:00:00,40.02426147718266,85.27721832375606,-81.15104187562449,44.150437925314236
2026-03-01 00:15:00,40.02426147718266,67.36022431928069,-8.081498758899539,99.30298703756381
2026-03-01 00:30:00,40.02426147718266,-19.404576897244553,94.01575042054625,114.63543500048436
2026-03-01 00:45:00,40.02426147718266,42.658890254815745,-2.5678978357615456,80.11525389623687
2026-03-01 01:00:00,40.02426147718266,70.2925711405239,-38.85779466783565,71.45903794987092
2026-03-01 01:15:00,40.02426147718266,-20.646575948392073,126.57363173516106,145.95131726395164
2026-03-01 01:30:00,40.02426147718266,94.68762841106431,90.79759443049366,225.50948431874062
2026-03-01 01:45:00,40.02426147718266,101.91126028312355,14.02294013618393,155.95846189649015
2026-03-01 02:00:00,40.02426147718266,104.65761326582445,25.689700096582442,170.37157483958956
2026-03-01 02:15:00,40.02426147718266,76.22334744181948,101.04974622630348,217.29735514530563
2026-03-01 02:30:00,40.02426147718266,80.03393744183875,170.46366238498405,290.5218613040055
2026-03-01 02:45:00,40.02426147718266,62.637101355325186,27.063835037932375,129.7251978704402
2026-03-01 03:00:00,40.02426147718266,50.05630550255839,69.13344669777707,159.21401367751812
2026-03-01 03:15:00,40.02426147718266,60.697395787937474,49.714227879707366,150.43588514482752
2026-03-01 03:30:00,40.02426147718266,20.570762646757256,71.23135066227755,131.82637478621746
2026-03-01 03:45:00,40.02426147718266,-8.025071413619003,81.94869671900051,113.94788678256417
2026-03-01 04:00:00,51.48690848569659,70.13609901598355,86.95627027841167,208.5792777800918
2026-03-01 04:15:00,51.48690848569659,35.766427529687384,34.08356584650281,121.33690186188679
2026-03-01 04:30:00,51.48690848569659,-17.86707086330586,93.9537336623278,127.57357128471854
2026-03-01 04:45:00,51.48690848569659,35.18501666021962,89.99517294898276,176.66709809489896
2026-03-01 05:00:00,51.48690848569659,60.45572365189058,77.16637970525497,189.10901184284214
2026-03-01 05:15:00,51.48690848569659,52.9381900248893,137.80792044157647,242.23301895216235
2026-03-01 05:30:00,51.48690848569659,56.65584221300685,99.02116785942988,207.16391855813333
2026-03-01 05:45:00,51.48690848569659,71.53983175598101,46.964061239153395,169.990801480831
2026-03-01 06:00:00,51.48690848569659,62.34329067948333,59.612058367333375,173.44225753251328
2026-03-01 06:15:00,51.48690848569659,55.123960562270035,66.78885118640737,173.399720234374
2026-03-01 06:30:00,51.48690848569659,41.284849621517246,64.7900388509212,157.56179695813503
2026-03-01 06:45:00,51.48690848569659,55.04710053266227,84.01607993234559,190.55008895070443
2026-03-01 07:00:00,51.48690848569659,36.67363935722976,59.1604711248833,147.32101896780966
2026-03-01 07:15:00,51.48690848569659,17.42052685926354,77.13187955367098,146.03931489863112
2026-03-01 07:30:00,51.48690848569659,18.063355001145496,62.67308305191038,132.22334653875248
2026-03-01 07:45:00,51.48690848569659,-52.923432750009084,162.12905698032324,160.69253271601076
2026-03-01 08:00:00,53.71077104324165,81.28712347548844,41.46384129493055,176.46173581366065
2026-03-01 08:15:00,53.71077104324165,-14.627429389333791,99.24058228320085,138.3239239371087
2026-03-01 08:30:00,53.71077104324165,-37.6879010578603,148.2214064822179,164.24427646759926
2026-03-01 08:45:00,53.71077104324165,24.743596910961827,153.60438154933593,232.0587495035394
2026-03-01 09:00:00,53.71077104324165,-11.540293681070832,558.2342128050877,600.4046901672585
2026-03-01 09:15:00,53.71077104324165,4.242476175391836,804.5149286124736,862.468175831107
2026-03-01 09:30:00,53.71077104324165,-20.114539388956416,740.4662955147616,774.0625271690468
2026-03-01 09:45:00,53.71077104324165,-4.942129723104715,80.89503036391567,129.6636716840526
2026-03-01 10:00:00,53.71077104324165,-7.732608129917889,71.3254733878235,117.30363630114725
2026-03-01 10:15:00,53.71077104324165,2.991871438843962,51.018366943688264,107.72100942577387
2026-03-01 10:30:00,53.71077104324165,1.1723189446419862,209.15410232074728,264.0371923086309
2026-03-01 10:45:00,53.71077104324165,-18.898045156838965,351.21618916610356,386.02891505250625
2026-03-01 11:00:00,53.71077104324165,39.044271991661546,140.50300653422474,233.25804956912793
2026-03-01 11:15:00,53.71077104324165,27.17622828140658,116.43638297300997,197.3233822976582
2026-03-01 11:30:00,53.71077104324165,-0.2139217545940645,72.4867934664402,125.9836427550878
2026-03-01 11:45:00,53.71077104324165,35.517726591014856,236.88286928136685,326.11136691562336
2026-03-01 12:00:00,90.91453279530478,-14.904150121490474,121.75128640997318,197.76166908378747
2026-03-01 12:15:00,90.91453279530478,-44.17520600547366,145.21274391224784,191.95207070207897
2026-03-01 12:30:00,90.91453279530478,7.504695011181699,202.72868053928872,301.1479083457752
2026-03-01 12:45:00,90.91453279530478,-33.75184630848408,167.86272141404314,225.02540790086383
2026-03-01 13:00:00,90.91453279530478,5.889936970551198,90.89351179582056,187.69798156167656
2026-03-01 13:15:00,90.91453279530478,5.536391701168912,62.82993758569512,159.28086208216882
2026-03-01 13:30:00,90.91453279530478,23.39697520742105,48.423580140464914,162.73508814319075
2026-03-01 13:45:00,90.91453279530478,18.015546178386057,177.40677088188892,286.33684985557977
2026-03-01 14:00:00,90.91453279530478,17.53405728546847,126.63089907294086,235.07948915371412
2026-03-01 14:15:00,90.91453279530478,2.490260719456149,86.14419313225252,179.54898664701346
2026-03-01 14:30:00,90.91453279530478,-8.1074313267867,141.14852461381207,223.95562608233016
2026-03-01 14:45:00,90.91453279530478,38.52929533198341,76.57576961169949,206.01959773898767
2026-03-01 15:00:00,90.91453279530478,39.976561567042296,561.1370091681935,692.0281035305405
2026-03-01 15:15:00,90.91453279530478,6.179738777003898,168.54717413310536,265.64144570541407
2026-03-01 15:30:00,90.91453279530478,12.464650202085728,58.926373476326525,162.30555647371702
2026-03-01 15:45:00,90.91453279530478,10.3083588369483,89.46941326129382,190.69230489354692
2026-03-01 16:00:00,87.88487344075332,-5.847300109667649,88.54376547310726,170.58133880419294
2026-03-01 16:15:00,87.88487344075332,6.058082016304391,79.28749951002976,173.2304549670875
2026-03-01 16:30:00,87.88487344075332,15.342714781288308,49.09953034021701,152.32711856225865
2026-03-01 16:45:00,87.88487344075332,52.27126238352484,41.08228184308773,181.23841766736592
2026-03-01 17:00:00,87.88487344075332,-20.784311675787666,61.99980815659969,129.10036992156535
2026-03-01 17:15:00,87.88487344075332,70.47111323935789,77.46446638882772,235.82045306893895
2026-03-01 17:30:00,87.88487344075332,53.75432467268861,84.95015974094785,226.5893578543898
2026-03-01 17:45:00,87.88487344075332,74.1893287574984,17.11319901816421,179.18740121641594
2026-03-01 18:00:00,87.88487344075332,-11.452600016939684,65.76501766593529,142.19729108974894
2026-03-01 18:15:00,87.88487344075332,-42.103622264032346,700.9775540363902,746.7588052131111
2026-03-01 18:30:00,87.88487344075332,-89.71304122000004,486.83395342467145,485.00578564542474
2026-03-01 18:45:00,87.88487344075332,-141.81307742640882,409.06831689420534,355.14011290854984
2026-03-01 19:00:00,87.88487344075332,-112.7808515645598,569.975875810244,545.0798976864376
2026-03-01 19:15:00,87.88487344075332,-136.73537326501014,351.82783954571266,302.97733972145585
2026-03-01 19:30:00,87.88487344075332,-94.24329248305325,294.976907216457,288.61848817415705
2026-03-01 19:45:00,87.88487344075332,-72.97936215994771,88.98586258568344,103.89137386648905
2026-03-01 20:00:00,93.7585392061527,-76.68105966031987,194.69497148543422,211.77245103126705
2026-03-01 20:15:00,93.7585392061527,-94.01753047081516,173.2451836029465,172.98619233828404
2026-03-01 20:30:00,93.7585392061527,-44.40765242438686,187.5270372862979,236.87792406806375
2026-03-01 20:45:00,93.7585392061527,-60.68928542771938,271.83660242871645,304.9058562071498
2026-03-01 21:00:00,93.7585392061527,-129.3120285940263,289.37539326541366,253.82190387754008
2026-03-01 21:15:00,93.7585392061527,-74.91678445488186,234.17448853275278,253.01624328402363
2026-03-01 21:30:00,93.7585392061527,-73.11683767293027,283.2137015249523,303.8554030581747
2026-03-01 21:45:00,93.7585392061527,-77.23041701285825,181.0986692186464,197.62679141194084
2026-03-01 22:00:00,93.7585392061527,-90.54992846057041,275.68122831878634,278.88983906436863
2026-03-01 22:15:00,93.7585392061527,-25.201122055275903,289.66962564984544,358.22704280072224
2026-03-01 22:30:00,93.7585392061527,-85.66606553628336,144.85023065943787,152.94270432930722
2026-03-01 22:45:00,93.7585392061527,80.66708863422691,-39.940171977492746,134.48545586288685
2026-03-01 23:00:00,93.7585392061527,-88.85733768996026,272.4728748023217,277.37407631851414
2026-03-01 23:15:00,93.7585392061527,69.43953167332218,49.517612189172624,212.71568306864748
2026-03-01 23:30:00,93.7585392061527,-38.30016320849935,293.33204083659916,348.79041683425254
2026-03-01 23:45:00,93.7585392061527,-9.035014449724496,148.2199608129676,232.94348556939582
2026-03-02 00:00:00,24.39926147718267,55.25221832375606,-49.212875561069744,30.438604239868987
2026-03-02 00:15:00,24.39926147718267,29.8602243192807,-9.719374723133493,44.540111073329875
2026-03-02 00:30:00,24.39926147718267,-26.821195393738158,121.98690318065226,119.56496926409677
2026-03-02 00:45:00,24.39926147718267,3.19110974518426,102.31119507492181,129.90156629728875
2026-03-02 01:00:00,24.39926147718267,37.16757114052391,7.2401338013926,68.80696641909918
2026-03-02 01:15:00,24.39926147718267,-5.857370938696383,128.1866872880383,146.7285778265246
2026-03-02 01:30:00,24.39926147718267,15.187628411064313,132.70477580673386,172.29166569498085
2026-03-02 01:45:00,24.39926147718267,29.41126028312356,70.45302622720605,124.26354798751228
2026-03-02 02:00:00,24.39926147718267,82.43261326582444,86.41550871226293,193.24738345527004
2026-03-02 02:15:00,24.39926147718267,39.89834744181947,55.003181194727844,119.30079011372997
2026-03-02 02:30:00,24.39926147718267,40.108937441838755,154.59609958599782,219.10429850501924
2026-03-02 02:45:00,24.39926147718267,-17.637101355325193,57.09359551538895,63.855755637246425
2026-03-02 03:00:00,24.39926147718267,-8.622161456118473,111.50148227289178,127.27858229395598
2026-03-02 03:15:00,24.39926147718267,22.99739578793747,72.98924895782825,120.38590622294839
2026-03-02 03:30:00,24.39926147718267,20.32923735324274,27.35804731986684,72.08654615029225
2026-03-02 03:45:00,24.39926147718267,3.323454104166926,85.97503133456034,113.69774691590993
2026-03-02 04:00:00,54.53690848569658,34.13609901598354,88.00378124924175,176.67678875092187
2026-03-02 04:15:00,54.53690848569658,8.95857247031262,67.43331057619685,130.92879153220605
2026-03-02 04:30:00,54.53690848569658,19.207929136694144,90.5404734553508,164.28531107774154
2026-03-02 04:45:00,54.53690848569658,11.664983339780385,86.5582606198512,152.76015244532817
2026-03-02 05:00:00,54.53690848569658,19.180723651890567,95.64689422096833,169.36452635855548
2026-03-02 05:15:00,54.53690848569658,-10.438190024889295,175.9395500453159,220.0382685061232
2026-03-02 05:30:00,54.53690848569658,-14.214661467940028,55.68154282749166,96.0037898452482
2026-03-02 05:45:00,54.53690848569658,-57.864831755981,367.0767122485293,363.7487889782449
2026-03-02 06:00:00,54.53690848569658,52.143290679483336,51.77625915614734,158.45645832132726
2026-03-02 06:15:00,54.53690848569658,47.12396056227003,51.02771829826236,152.68858734622896
2026-03-02 06:30:00,54.53690848569658,32.80984962151725,55.19877926282426,142.5455373700381
2026-03-02 06:45:00,54.53690848569658,62.44710053266225,74.9799727723323,191.96398179069112
2026-03-02 07:00:00,54.53690848569658,-32.573639357229766,119.63991133493398,141.6031804634008
2026-03-02 07:15:00,54.53690848569658,-24.145526859263533,235.95408648142393,266.34546810785696
2026-03-02 07:30:00,54.53690848569658,-58.093454013714805,397.220831015989,393.6642854879708
2026-03-02 07:45:00,54.53690848569658,-121.64843275000908,377.79666742018156,310.68514315586907
2026-03-02 08:00:00,129.06077104324163,214.68712347548842,82.93841469524928,426.6863092139793
2026-03-02 08:15:00,129.06077104324163,-74.92742938933378,209.951535661237,264.0848773151448
2026-03-02 08:30:00,129.06077104324163,-66.0629010578603,210.38463218933822,273.38250217471955
2026-03-02 08:45:00,129.06077104324163,1.2314030890381744,154.65480836576688,284.9469824980467
2026-03-02 09:00:00,129.06077104324163,50.59029368107083,2.4080645504242635,182.0591292747367
2026-03-02 09:15:00,129.06077104324163,-66.15752382460818,128.56427261009168,191.46751982872513
2026-03-02 09:30:00,129.06077104324163,83.83953938895642,60.04043615375556,272.9407465859536
2026-03-02 09:45:00,129.06077104324163,41.36712972310471,1338.5859421499758,1509.0138429163221
2026-03-02 10:00:00,129.06077104324163,55.66739187008211,274.8568646543644,459.58502756768814
2026-03-02 10:15:00,129.06077104324163,32.035765513631475,741.8950585228131,902.9915950796862
2026-03-02 10:30:00,129.06077104324163,5.947318944641992,683.2375578779448,818.2456478658285
2026-03-02 10:45:00,129.06077104324163,-14.59804515683896,743.6578618816637,858.1205877680663
2026-03-02 11:00:00,129.06077104324163,23.58072800833846,485.32226408479664,637.9637631363768
2026-03-02 11:15:00,129.06077104324163,-27.02622828140658,699.6399887479299,801.674531509765
2026-03-02 11:30:00,129.06077104324163,-31.631074649374604,73.51915501128254,170.94885140514958
2026-03-02 11:45:00,129.06077104324163,35.76772659101486,105.74474319516226,270.57324082941875
2026-03-02 12:00:00,142.4145327953048,-14.654150121490474,76.90205978395224,204.6624424577666
2026-03-02 12:15:00,142.4145327953048,-42.65020600547368,310.15783083064287,409.92215762047397
2026-03-02 12:30:00,142.4145327953048,54.729695011181704,363.6199692337582,560.7641970402447
2026-03-02 12:45:00,142.4145327953048,-31.10184630848407,369.10457272840256,480.4172592152233
2026-03-02 13:00:00,142.4145327953048,8.414936970551198,314.2513974103727,465.0808671762287
2026-03-02 13:15:00,142.4145327953048,-36.02766552678323,267.82945177241174,374.2163190409333
2026-03-02 13:30:00,142.4145327953048,20.896975207421058,68.4055196622281,231.71702766495397
2026-03-02 13:45:00,142.4145327953048,18.290546178386055,438.65901736638807,599.364096340079
2026-03-02 14:00:00,142.4145327953048,20.034057285468478,332.09103106180305,494.5396211425763
2026-03-02 14:15:00,142.4145327953048,2.6402607194561583,349.03780653805666,494.0926000528176
2026-03-02 14:30:00,142.4145327953048,15.417568673213298,347.8955750214723,505.7276764899905
2026-03-02 14:45:00,142.4145327953048,-20.37929533198342,186.43190222147445,308.4671396847958
2026-03-02 15:00:00,142.4145327953048,40.201561567042305,263.73125871979767,446.34735308214476
2026-03-02 15:15:00,142.4145327953048,7.729738777003899,283.27500090764124,433.41927247994994
2026-03-02 15:30:00,142.4145327953048,30.164650202085728,317.1578084713602,489.7369914687508
2026-03-02 15:45:00,142.4145327953048,12.358358836948295,253.24713322628105,408.02002485853416
2026-03-02 16:00:00,93.89054218581856,13.452699890332354,56.617588117661434,163.96083019381234
2026-03-02 16:15:00,93.89054218581856,47.49564002957158,43.06551681732437,184.45169903271452
2026-03-02 16:30:00,93.89054218581856,41.28228521871169,48.91647654264922,184.08930394717947
2026-03-02 16:45:00,93.89054218581856,-80.19626238352484,340.6498577393086,354.3441375416023
2026-03-02 17:00:00,93.89054218581856,58.509311675787686,-5.925502745477795,146.47435111612845
2026-03-02 17:15:00,93.89054218581856,16.596113239357898,52.93458031714022,163.42123574231667
2026-03-02 17:30:00,93.89054218581856,128.50432467268863,32.61075174328781,255.005618601795
2026-03-02 17:45:00,93.89054218581856,222.7393287574984,0.9191639859297307,317.5490349292467
2026-03-02 18:00:00,93.89054218581856,62.44256295753296,26.294791218572602,182.62789636192414
2026-03-02 18:15:00,93.89054218581856,202.65362226403238,6.710418387974483,303.2545828378254
2026-03-02 18:30:00,93.89054218581856,271.63804122000005,-52.333827712328514,313.1947556934901
2026-03-02 18:45:00,93.89054218581856,302.4380774264088,-103.36947847298681,292.95914113924056
2026-03-02 19:00:00,93.89054218581856,350.40585156455984,-38.74826903273493,405.5481247176435
2026-03-02 19:15:00,93.89054218581856,318.7853732650101,-41.84995583752057,370.8259596133081
2026-03-02 19:30:00,93.89054218581856,221.7432924830532,107.03931376624396,422.67314843511576
2026-03-02 19:45:00,93.89054218581856,201.82936215994775,1011.9280007399054,1307.6479050856717
2026-03-02 20:00:00,88.1085392061527,-211.00605966031986,650.5428211769731,527.6453007228059
2026-03-02 20:15:00,88.1085392061527,-225.2675304708152,712.3063551789236,575.1473639142611
2026-03-02 20:30:00,88.1085392061527,-148.03265242438687,470.5696376660614,410.64552444782726
2026-03-02 20:45:00,88.1085392061527,-141.11428542771938,660.3826905347349,607.3769443131682
2026-03-02 21:00:00,88.1085392061527,-199.13702859402628,713.0685980754743,602.0401086876007
2026-03-02 21:15:00,88.1085392061527,140.13646440221908,-125.35680359479132,102.88820001358046
2026-03-02 21:30:00,88.1085392061527,-123.1168376729303,411.7759455678559,376.7676471010783
2026-03-02 21:45:00,88.1085392061527,-110.88041701285829,250.79531260811927,228.02343480141369
2026-03-02 22:00:00,88.1085392061527,113.54992846057041,-78.37257167882186,123.28589598790126
2026-03-02 22:15:00,88.1085392061527,-58.026122055275906,186.80131025773147,216.88372740860825
2026-03-02 22:30:00,88.1085392061527,-156.29106553628336,279.53445345246274,211.35192712233209
2026-03-02 22:45:00,88.1085392061527,161.89208863422687,-81.7316196806664,168.26900815971317
2026-03-02 23:00:00,88.1085392061527,188.4573376899603,-52.39552950171907,224.1703473943939
2026-03-02 23:15:00,88.1085392061527,135.51453167332218,18.334094464816992,241.95716534429187
2026-03-02 23:30:00,88.1085392061527,-115.50016320849934,243.92194536190559,216.53032135955894
2026-03-02 23:45:00,88.1085392061527,-62.01001444972448,241.70280077054494,267.8013255269732
2026-03-03 00:00:00,36.12426147718266,-103.85221832375605,661.3072254168695,593.5792685702961
2026-03-03 00:15:00,36.12426147718266,-122.2102243192807,272.77990268677485,186.6939398446768
2026-03-03 00:30:00,36.12426147718266,-112.84619539373816,45.39026561162163,-31.33166830493387
2026-03-03 00:45:00,36.12426147718266,-62.658890254815745,26.686352000952848,0.15172322331975963
2026-03-03 01:00:00,36.12426147718266,-159.2175711405239,671.6136222737583,548.5203126104171
2026-03-03 01:15:00,36.12426147718266,-99.95737093869639,417.9312412528269,354.09813179131316
2026-03-03 01:30:00,36.12426147718266,-137.16262841106433,404.5531846252911,303.51481769140946
2026-03-03 01:45:00,36.12426147718266,-124.43626028312357,598.488826843882,510.17682803794105
2026-03-03 02:00:00,36.12426147718266,64.20550135390478,-21.185990157321292,79.14377267376614
2026-03-03 02:15:00,36.12426147718266,-129.69834744181946,167.1318967377794,73.5578107731426
2026-03-03 02:30:00,36.12426147718266,-115.93393744183874,128.23240286310357,48.42272689844749
2026-03-03 02:45:00,36.12426147718266,-80.78710135532518,71.87944409971269,27.216604221570165
2026-03-03 03:00:00,36.12426147718266,-86.35630550255841,288.37763799273046,238.1455939673547
2026-03-03 03:15:00,36.12426147718266,-75.22239578793747,230.36204760494851,191.26391329419369
2026-03-03 03:30:00,36.12426147718266,-33.495762646757264,464.62052016108436,467.24901899150973
2026-03-03 03:45:00,36.12426147718266,-41.47539611316006,289.5101429975797,284.1590083616023
2026-03-03 04:00:00,61.686908485696584,-97.61109901598353,123.61672451070221,87.69253398041528
2026-03-03 04:15:00,61.686908485696584,-55.941427529687374,64.95130814769193,70.69678910370115
2026-03-03 04:30:00,61.686908485696584,-51.16707086330587,136.79985609543684,147.31969371782756
2026-03-03 04:45:00,61.686908485696584,53.63501666021961,-0.3699904572808691,114.95193468863533
2026-03-03 05:00:00,61.686908485696584,88.93072365189057,-16.37052547947816,134.24710665810898
2026-03-03 05:15:00,61.686908485696584,87.5131900248893,26.360633099354697,175.56073160994058
2026-03-03 05:30:00,61.686908485696584,133.23084221300684,-57.586449238332094,137.33130146037132
2026-03-03 05:45:00,61.686908485696584,-151.814831755981,248.2554356297193,158.1275123594349
2026-03-03 06:00:00,61.686908485696584,-176.29329067948336,273.3936589041137,158.78727671032692
2026-03-03 06:15:00,61.686908485696584,-192.12396056227007,511.9191913468929,381.4821392703194
2026-03-03 06:30:00,61.686908485696584,-192.05984962151723,483.2901217485364,352.9171806127158
2026-03-03 06:45:00,61.686908485696584,351.37210053266233,-217.30441276452137,195.75459625383752
2026-03-03 07:00:00,61.686908485696584,319.77363935722974,-147.83432498414683,233.62622285877947
2026-03-03 07:15:00,61.686908485696584,336.2455268592634,-120.1510165863219,277.7814187586381
2026-03-03 07:30:00,61.686908485696584,-372.06845401371487,655.9708441659066,345.58929863788825
2026-03-03 07:45:00,61.686908485696584,327.74843275000904,-199.87850918330082,189.5568320524048
2026-03-03 08:00:00,144.73577104324164,484.2621234754886,-142.93633739558706,486.0615571231431
2026-03-03 08:15:00,144.73577104324164,321.8274293893338,-217.79447021596502,248.76873021661044
2026-03-03 08:30:00,144.73577104324164,296.33790105786034,-166.75708744363408,274.3165846574679
2026-03-03 08:45:00,144.73577104324164,-194.5564030890382,155.37519796290252,105.55456591710595
2026-03-03 09:00:00,144.73577104324164,295.9152936810708,-67.82876730402766,372.82229742028477
2026-03-03 09:15:00,144.73577104324164,-212.85752382460817,449.2508756541591,381.12912287279255
2026-03-03 09:30:00,144.73577104324164,200.83953938895638,-187.38507518461319,158.19023524758484
2026-03-03 09:45:00,144.73577104324164,-112.8421297231047,57.33429509595046,89.2279364160874
2026-03-03 10:00:00,144.73577104324164,-107.11739187008212,308.35549238714503,345.9738715603046
2026-03-03 10:15:00,144.73577104324164,-133.28576551363147,458.86918339814645,470.3191889277566
2026-03-03 10:30:00,144.73577104324164,-69.522318944642,467.1791923916168,542.3926444902165
2026-03-03 10:45:00,144.73577104324164,-27.45195484316104,459.1732917476752,576.4571079477557
2026-03-03 11:00:00,144.73577104324164,-35.20572800833846,401.6396172657906,511.16966030069375
2026-03-03 11:15:00,144.73577104324164,-29.19877171859342,568.0143539721925,683.5513532968407
2026-03-03 11:30:00,144.73577104324164,-26.343925350625405,413.1969945264508,531.588840219067
2026-03-03 11:45:00,144.73577104324164,-45.91772659101487,327.40155799090826,426.21960244313505
2026-03-03 12:00:00,193.6145327953048,-85.54584987850953,230.80847891415564,338.8771618309509
2026-03-03 12:15:00,193.6145327953048,-26.049793994526333,231.62894066708523,399.1936794678637
2026-03-03 12:30:00,193.6145327953048,-69.27969501118169,164.42869423407865,288.7635320182018
2026-03-03 12:45:00,193.6145327953048,28.25184630848408,186.62484356898972,408.4912226727786
2026-03-03 13:00:00,193.6145327953048,-7.427963469385063,27.463926150460786,213.6504954763805
2026-03-03 13:15:00,193.6145327953048,-39.602665526783234,124.46202122930109,278.47388849782266
2026-03-03 13:30:00,193.6145327953048,18.621975207421055,65.36802674126086,277.60453474398673
2026-03-03 13:45:00,193.6145327953048,20.565546178386043,91.52854497032176,305.70862394401263
2026-03-03 14:00:00,193.6145327953048,-38.68405728546848,122.24498310880446,277.1754586186408
2026-03-03 14:15:00,193.6145327953048,-41.66526071945616,119.13378183972807,271.08305391557667
2026-03-03 14:30:00,193.6145327953048,-6.4675686732133,327.7312684922168,514.8782326143083
2026-03-03 14:45:00,193.6145327953048,13.279295331983418,418.831028280948,625.7248564082362
2026-03-03 15:00:00,193.6145327953048,-51.07656156704229,446.09556876704744,588.63353999531
2026-03-03 15:15:00,193.6145327953048,-77.60473877700389,298.7420744959472,414.7518685142481
2026-03-03 15:30:00,193.6145327953048,-80.73965020208573,332.9513888911077,445.82627148432675
2026-03-03 15:45:00,193.6145327953048,-129.9833588369483,462.44614899686655,526.077322955223
2026-03-03 16:00:00,149.6598734407533,-46.577699890332354,135.25340064509575,238.3355741955167
2026-03-03 16:15:00,149.6598734407533,-104.34564002957157,206.94853768087097,252.2627710920527
2026-03-03 16:30:00,149.6598734407533,-77.4072852187117,120.39196914585607,192.64455736789768
2026-03-03 16:45:00,149.6598734407533,103.09626238352485,-77.51990767432878,175.23622814994937
2026-03-03 17:00:00,149.6598734407533,-90.65931167578765,119.98282824230492,178.98339000727057
2026-03-03 17:15:00,149.6598734407533,-102.17111323935791,170.66588223254251,218.1546424339379
2026-03-03 17:30:00,149.6598734407533,135.90432467268857,-30.972171403876256,254.59202670956563
2026-03-03 17:45:00,149.6598734407533,210.5393287574984,-71.75603944377801,288.44316275447363
2026-03-03 18:00:00,149.6598734407533,-51.827600016939684,164.7403851402442,262.5726585640578
2026-03-03 18:15:00,149.6598734407533,163.10362226403237,-70.94923638736662,241.81425931741904
2026-03-03 18:30:00,149.6598734407533,249.86304121999996,-92.90606487504155,306.6168497857117
2026-03-03 18:45:00,149.6598734407533,469.21307742640886,-78.90766881478899,539.9652820523733
2026-03-03 19:00:00,149.6598734407533,443.9308515645597,-50.453613312873266,543.1371116924398
2026-03-03 19:15:00,149.6598734407533,438.8853732650101,-36.106650613319744,552.4385960924437
2026-03-03 19:30:00,149.6598734407533,355.5182924830533,-33.9196340034634,471.2585319203432
2026-03-03 19:45:00,149.6598734407533,251.55436215994771,738.4459047005461,1139.660140301247
2026-03-03 20:00:00,85.2835392061527,255.63105966031986,-58.04801846639373,282.8665804000788
2026-03-03 20:15:00,85.2835392061527,257.1675304708152,-132.87593303928585,209.57513663768205
2026-03-03 20:30:00,85.2835392061527,174.98265242438686,-109.09396285695678,151.17222877358276
2026-03-03 20:45:00,85.2835392061527,171.36428542771938,-99.94103146869152,156.70679316518056
2026-03-03 21:00:00,85.2835392061527,-215.7370285940263,706.3393466587484,575.8858572708748
2026-03-03 21:15:00,85.2835392061527,-171.39178445488193,593.2557765848649,507.1475313361356
2026-03-03 21:30:00,85.2835392061527,-167.49183767293027,663.1353475701047,580.9270491033271
2026-03-03 21:45:00,85.2835392061527,-134.78041701285827,542.6160821589156,493.11920435221
2026-03-03 22:00:00,85.2835392061527,-172.49992846057037,294.20297697436075,206.9865877199431
2026-03-03 22:15:00,85.2835392061527,-92.65112205527589,161.08521169491507,153.71762884579186
2026-03-03 22:30:00,85.2835392061527,-188.81606553628336,328.24182693372944,224.70930060359876
2026-03-03 22:45:00,85.2835392061527,-122.6670886342269,431.3061354805715,393.9225860524973
2026-03-03 23:00:00,85.2835392061527,-158.18233768996026,146.6142088666406,73.71541038283304
2026-03-03 23:15:00,85.2835392061527,42.78185934263612,30.18053789599291,158.2459364447817
2026-03-03 23:30:00,85.2835392061527,41.421058010356724,87.37479593984692,214.07939315635633
2026-03-03 23:45:00,85.2835392061527,77.3100144497245,103.42890497727733,266.02245863315454
2026-03-04 00:00:00,25.02426147718267,171.8022183237561,-124.17864746471037,72.64783233622842
2026-03-04 00:15:00,25.02426147718267,-128.2602243192807,51.077593536303546,-52.15836930579447
2026-03-04 00:30:00,25.02426147718267,-94.50720619094447,180.15381822227283,110.67087350851102
2026-03-04 00:45:00,25.02426147718267,-128.05889025481574,309.09601381158103,206.06138503394797
2026-03-04 01:00:00,25.02426147718267,-157.86757114052392,406.50755267907016,273.6642430157289
2026-03-04 01:15:00,25.02426147718267,-113.33237093869639,263.23209406949815,174.92398460798444
2026-03-04 01:30:00,25.02426147718267,114.16262841106432,-32.69368588109118,106.49320400715581
2026-03-04 01:45:00,25.02426147718267,-126.26126028312358,295.710102550668,194.4731037447271
2026-03-04 02:00:00,25.02426147718267,-179.28261326582447,297.98291694472306,143.72456515608127
2026-03-04 02:15:00,25.02426147718267,153.9233474418195,-123.02371999693476,55.923888922067405
2026-03-04 02:30:00,25.02426147718267,161.45893744183877,-33.91243948190202,152.57075943711942
2026-03-04 02:45:00,25.02426147718267,109.4121013553252,-17.50379715665237,116.93256567585551
2026-03-04 03:00:00,25.02426147718267,-113.1063055025584,223.17674333473843,135.0946993093627
2026-03-04 03:15:00,25.02426147718267,106.04739578793749,-87.25438645058222,43.81727081453795
2026-03-04 03:30:00,25.02426147718267,-59.87076264675727,428.07337108431705,393.22686991474245
2026-03-04 03:45:00,25.02426147718267,-76.30039611316003,321.5922665664135,270.31613193043614
2026-03-04 04:00:00,55.536908485696564,-121.11109901598354,318.2819924991809,252.7078019688939
2026-03-04 04:15:00,55.536908485696564,-84.39142752968738,110.11730975252536,81.26279070853454
2026-03-04 04:30:00,55.536908485696564,-59.592070863305864,118.00476901491432,113.94960663730501
2026-03-04 04:45:00,55.536908485696564,-70.6350166602196,324.73527540570433,309.6371672311813
2026-03-04 05:00:00,55.536908485696564,-126.45572365189057,206.60585199764728,135.68703683145327
2026-03-04 05:15:00,55.536908485696564,-103.0131900248893,308.4357913349719,260.9595097957792
2026-03-04 05:30:00,55.536908485696564,113.18084221300685,-68.70363993774009,100.01411076096332
2026-03-04 05:45:00,55.536908485696564,161.53983175598097,-126.36298328722205,90.71375695445548
2026-03-04 06:00:00,55.536908485696564,-136.91829067948333,243.56659774143424,162.18521554764746
2026-03-04 06:15:00,55.536908485696564,-144.17396056227005,348.73514990669213,260.0980978301186
2026-03-04 06:30:00,55.536908485696564,-158.08484962151726,255.48425593082135,152.93631479500064
2026-03-04 06:45:00,55.536908485696564,283.6721005326622,-137.24007606928285,201.96893294907596
2026-03-04 07:00:00,55.536908485696564,416.6736393572297,-51.03856749318271,421.1719803497436
2026-03-04 07:15:00,55.536908485696564,499.1955268592635,-90.06525968195504,464.6671756630051
2026-03-04 07:30:00,55.536908485696564,534.7184540137149,-155.25822702073827,434.9971354786732
2026-03-04 07:45:00,55.536908485696564,439.3734327500091,-207.9527097565903,286.9576314791154
2026-03-04 08:00:00,129.06077104324163,751.5371234754883,-129.79023902292704,750.8076554958029
2026-03-04 08:15:00,129.06077104324163,502.65242938933386,-179.88567692994232,451.8275235026332
2026-03-04 08:30:00,129.06077104324163,382.38790105786023,-108.23637103883512,403.21230106226676
2026-03-04 08:45:00,129.06077104324163,293.2564030890382,-217.24439465510764,205.0727794771722
2026-03-04 09:00:00,129.06077104324163,-238.16529368107086,864.428825446041,755.3243028082118
2026-03-04 09:15:00,129.06077104324163,-211.2325238246082,780.2104445341893,698.0386917528227
2026-03-04 09:30:00,129.06077104324163,-178.66453938895643,1726.4474905901254,1676.8437222444106
2026-03-04 09:45:00,129.06077104324163,180.94212972310476,-136.88456860370525,173.11833216264114
2026-03-04 10:00:00,129.06077104324163,178.54239187008207,-49.27013323198019,258.3330296813435
2026-03-04 10:15:00,129.06077104324163,166.41076551363147,-35.70181622977668,259.7697203270964
2026-03-04 10:30:00,129.06077104324163,216.34731894464198,-22.711527484613455,322.6965625032702
2026-03-04 10:45:00,129.06077104324163,-95.80195484316104,385.4722347866145,418.7310509866951
2026-03-04 11:00:00,129.06077104324163,125.03072800833846,23.133680252113386,277.2251793036935
2026-03-04 11:15:00,129.06077104324163,67.24877171859343,53.51996508456548,249.82950784640056
2026-03-04 11:30:00,129.06077104324163,103.99392535062537,291.2655524567615,524.3202488506286
2026-03-04 11:45:00,129.06077104324163,128.01772659101485,1038.2114646526638,1295.2899622869204
2026-03-04 12:00:00,116.4395327953048,51.396777548419486,38.54943614689111,206.3857464906154
2026-03-04 12:15:00,116.4395327953048,-20.049793994526333,138.59840651260316,234.98814531338164
2026-03-04 12:30:00,116.4395327953048,77.9296950111817,43.939917594663925,238.30914540115043
2026-03-04 12:45:00,116.4395327953048,16.00184630848408,90.0752817522479,222.51666085603676
2026-03-04 13:00:00,116.4395327953048,27.164936970551192,1573.5033500318118,1717.1078197976678
2026-03-04 13:15:00,116.4395327953048,52.227665526783234,1358.7076765597908,1527.374874881879
2026-03-04 13:30:00,116.4395327953048,-8.396975207421052,1908.2407757059445,2016.2833332938283
2026-03-04 13:45:00,116.4395327953048,30.79054617838605,2067.1210681508505,2214.3511471245415
2026-03-04 14:00:00,116.4395327953048,38.93405728546848,46.52397124937638,201.89756133014967
2026-03-04 14:15:00,116.4395327953048,-9.958465358614296,91.55476306001208,198.0358304967026
2026-03-04 14:30:00,116.4395327953048,13.767568673213301,102.07331315736037,232.28041462587845
2026-03-04 14:45:00,116.4395327953048,2.80429533198342,126.0285858373069,245.27241396459513
2026-03-04 15:00:00,116.4395327953048,77.62656156704233,52.289298549168265,246.35539291151542
2026-03-04 15:15:00,116.4395327953048,-47.154738777003914,297.75623648825825,367.04103050655914
2026-03-04 15:30:00,116.4395327953048,-60.789650202085724,371.636765383476,427.2866479766951
2026-03-04 15:45:00,116.4395327953048,99.5833588369483,36.176626573453284,252.1995182057064
2026-03-04 16:00:00,93.7098734407533,60.12769989033235,31.408670883940637,185.24624421502628
2026-03-04 16:15:00,93.7098734407533,108.89564002957158,-1.0729078348980807,201.5326056354268
2026-03-04 16:30:00,93.7098734407533,43.45728521871169,10.598411792932728,147.7655704523977
2026-03-04 16:45:00,93.7098734407533,-115.14626238352484,405.13691882629155,383.70052988352
2026-03-04 17:00:00,93.7098734407533,-77.10931167578768,489.016288477902,505.6168502428676
2026-03-04 17:15:00,93.7098734407533,-83.1961132393579,231.12453347930972,241.63829368070512
2026-03-04 17:30:00,93.7098734407533,-43.373038156413465,59.24627352657728,109.58310881091711
2026-03-04 17:45:00,93.7098734407533,256.2143287574984,-72.56319204777105,277.36101015048064
2026-03-04 18:00:00,93.7098734407533,-145.20260001693973,364.1407078375589,312.6479812613725
2026-03-04 18:15:00,93.7098734407533,227.10362226403237,-95.77718251092043,225.03631319386525
2026-03-04 18:30:00,93.7098734407533,247.26304122,-106.10236223212925,234.87055242862405
2026-03-04 18:45:00,93.7098734407533,307.73807742640895,-95.24647999663692,306.2014708705253
2026-03-04 19:00:00,93.7098734407533,372.2058515645597,-74.79164882283959,391.1240761824734
2026-03-04 19:15:00,93.7098734407533,427.9103732650102,-57.45634976247707,464.16389694328643
2026-03-04 19:30:00,93.7098734407533,426.1432924830533,-105.61456057727716,414.2386053465294
2026-03-04 19:45:00,93.7098734407533,447.22936215994775,-86.9530782910967,453.9861573096044
2026-03-04 20:00:00,81.6835392061527,431.95605966031985,-62.04089801634135,451.59870085013114
2026-03-04 20:15:00,81.6835392061527,436.4675304708152,-108.3745772627972,409.77649241417066
2026-03-04 20:30:00,81.6835392061527,355.1076524243868,-36.50315570652624,400.2880359240133
2026-03-04 20:45:00,81.6835392061527,338.68928542771937,182.05550026451846,602.4283248983905
2026-03-04 21:00:00,81.6835392061527,293.1870285940263,-34.103399942961396,340.7671678572176
2026-03-04 21:15:00,81.6835392061527,257.8917844548819,-2.5981377700585706,336.97718589097605
2026-03-04 21:30:00,81.6835392061527,205.8168376729302,-39.270179746219654,248.23019713286328
2026-03-04 21:45:00,81.6835392061527,184.38041701285817,331.03141225171686,597.0953684707277
2026-03-04 22:00:00,81.6835392061527,223.57492846057045,-15.562341264320768,289.6961264024024
2026-03-04 22:15:00,81.6835392061527,172.45112205527585,46.692312354622615,300.8269736160512
2026-03-04 22:30:00,81.6835392061527,225.69106553628333,32.00253522162265,339.37713996405864
2026-03-04 22:45:00,81.6835392061527,224.56708863422688,1277.2042278798529,1583.4548557202324
2026-03-04 23:00:00,81.6835392061527,233.35733768996027,90.1470363720074,405.1879132681204
2026-03-04 23:15:00,81.6835392061527,219.53953167332216,98.1610457118426,399.3841165913175
2026-03-04 23:30:00,81.6835392061527,172.00016320849932,29.28128577902993,282.96498819368196
2026-03-04 23:45:00,81.6835392061527,152.3100144497245,1110.3389225899803,1344.3324762458574
2026-03-05 00:00:00,23.224261477182672,253.7522183237561,-101.70112666853522,175.27535313240355
2026-03-05 00:15:00,23.224261477182672,232.8352243192807,-172.0041522198246,84.05533357663879
2026-03-05 00:30:00,23.224261477182672,222.19619539373815,-97.33198186259486,148.08847500832596
2026-03-05 00:45:00,23.224261477182672,189.50889025481575,-133.22079553198475,79.51235620001367
2026-03-05 01:00:00,23.224261477182672,222.11757114052398,-197.74496412836436,47.596868489342285
2026-03-05 01:15:00,23.224261477182672,201.3323709386964,-88.03154417168774,136.52508824419135
2026-03-05 01:30:00,23.224261477182672,-206.96262841106432,314.577436456109,130.83906952222736
2026-03-05 01:45:00,23.224261477182672,-223.23626028312356,327.58736074069446,127.57536193475357
2026-03-05 02:00:00,23.224261477182672,256.5826132658244,-77.89438894410064,201.91248579890646
2026-03-05 02:15:00,23.224261477182672,230.19834744181946,-123.5573035372663,129.86530538173582
2026-03-05 02:30:00,23.224261477182672,234.43393744183876,-108.7999737283355,148.85822519068597
2026-03-05 02:45:00,23.224261477182672,203.63710135532523,-126.29736136946678,100.56400146304111
2026-03-05 03:00:00,23.224261477182672,188.05630550255842,-54.59854537865372,156.68202160108737
2026-03-05 03:15:00,23.224261477182672,-190.7223957879375,343.43509868537024,175.9369643746154
2026-03-05 03:30:00,23.224261477182672,142.12076264675727,-72.83341100141804,92.5116131225219
2026-03-05 03:45:00,23.224261477182672,162.07539611316002,-80.22924297877063,105.07041461157206
2026-03-05 04:00:00,52.88690848569658,199.08609901598356,-39.22117513558063,212.7518323660995
2026-03-05 04:15:00,52.88690848569658,166.0164275296874,-61.07801684735235,157.82531916803163
2026-03-05 04:30:00,52.88690848569658,151.51707086330586,-50.88852669662733,153.5154526523751
2026-03-05 04:45:00,52.88690848569658,174.43501666021962,-48.283395346653826,179.03852979926236
2026-03-05 05:00:00,52.88690848569658,202.55572365189053,-78.66637668505419,176.77625545253292
2026-03-05 05:15:00,52.88690848569658,207.9381900248893,-20.98880683558603,239.8362916749999
2026-03-05 05:30:00,52.88690848569658,216.58084221300692,-25.831529651263402,243.63622104744013
2026-03-05 05:45:00,52.88690848569658,248.714831755981,-90.18675301900723,211.41498722267036
2026-03-05 06:00:00,52.88690848569658,258.5932906794833,-92.4714976667675,219.0087014984124
2026-03-05 06:15:00,52.88690848569658,263.32396056227014,-74.13302894512988,242.0778401028369
2026-03-05 06:30:00,52.88690848569658,249.85984962151724,-96.84198292143046,205.9047751857834
2026-03-05 06:45:00,52.88690848569658,317.94710053266226,-140.79887673012092,230.03513228823795
2026-03-05 07:00:00,52.88690848569658,299.2236393572298,-101.71731009873845,250.39323774418796
2026-03-05 07:15:00,52.88690848569658,318.67052685926353,-149.75852890991567,221.79890643504447
2026-03-05 07:30:00,52.88690848569658,369.9684540137148,-146.89901640326852,275.95634609614285
2026-03-05 07:45:00,52.88690848569658,361.6734327500091,-116.45381564935494,298.1065255863507
2026-03-05 08:00:00,183.3107710432417,464.8621234754885,-95.47415125157083,552.6987432671593
2026-03-05 08:15:00,183.3107710432417,334.4774293893339,-217.73013357767132,300.0580668549043
2026-03-05 08:30:00,183.3107710432417,-315.8379010578603,520.5096270053716,387.982496990753
2026-03-05 08:45:00,183.3107710432417,-216.45640308903813,313.7858956401782,280.64026359438174
2026-03-05 09:00:00,183.3107710432417,-298.2152936810709,525.5811955286225,410.6766728907933
2026-03-05 09:15:00,183.3107710432417,-241.25752382460826,368.3433812760086,310.396628494642
2026-03-05 09:30:00,183.3107710432417,-243.5145393889564,331.989697969938,271.7859296242233
2026-03-05 09:45:00,183.3107710432417,-182.06712972310473,292.0004944568801,293.24413577701705
2026-03-05 10:00:00,183.3107710432417,-121.61924930826333,205.0084163057939,266.6999380407723
2026-03-05 10:15:00,183.3107710432417,-174.5857655136315,403.61411967232686,412.33912520193707
2026-03-05 10:30:00,183.3107710432417,-151.32231894464195,236.80672992089575,268.7951820194955
2026-03-05 10:45:00,183.3107710432417,-73.80195484316106,263.24251509270675,372.75133129278737
2026-03-05 11:00:00,183.3107710432417,-115.48072800833843,195.8691981304904,263.69924116539363
2026-03-05 11:15:00,183.3107710432417,-49.34877171859342,166.45406195408538,300.41606127873365
2026-03-05 11:30:00,183.3107710432417,-0.14392535062540057,187.15782729108625,370.3246729837025
2026-03-05 11:45:00,183.3107710432417,-39.91772659101485,135.86684348339583,279.25988793562266
2026-03-05 12:00:00,195.91453279530475,-8.070849878509524,397.58303873001176,585.426721646807
2026-03-05 12:15:00,195.91453279530475,40.05020600547365,149.6532724977252,385.6180112985036
2026-03-05 12:30:00,195.91453279530475,-11.629695011181695,61.48057498777481,245.76541277189787
2026-03-05 12:45:00,195.91453279530475,27.75184630848408,200.41453504407036,424.0809141478592
2026-03-05 13:00:00,195.91453279530475,-8.689936970551196,285.7637770242024,472.9883728489559
2026-03-05 13:15:00,195.91453279530475,-36.87766552678323,265.13449740151805,424.17136467003957
2026-03-05 13:30:00,195.91453279530475,17.696975207421055,232.7036829973772,446.315191000103
2026-03-05 13:45:00,195.91453279530475,-43.265546178386046,176.8540754293997,329.5030620463184
2026-03-05 14:00:00,195.91453279530475,-45.03405728546848,169.13082001546104,320.0112955252973
2026-03-05 14:15:00,195.91453279530475,-83.31526071945618,187.28952892714597,299.88880100299457
2026-03-05 14:30:00,195.91453279530475,-91.54256867321331,762.2860403959803,866.6580045180717
2026-03-05 14:45:00,195.91453279530475,-83.89570466801658,407.7772277473474,519.7960558746356
2026-03-05 15:00:00,195.91453279530475,-133.60156156704232,223.00019843302962,285.313169661292
2026-03-05 15:15:00,195.91453279530475,-119.8047387770039,310.55822531823037,386.6680193365312
2026-03-05 15:30:00,195.91453279530475,-126.61465020208574,310.1993126100738,379.4991952032928
2026-03-05 15:45:00,195.91453279530475,-164.5583588369483,340.1767895689494,371.53296352730587
2026-03-05 16:00:00,53.83956384673459,-113.15269989033237,141.15725734683488,81.8441213032371
2026-03-05 16:15:00,53.83956384673459,-155.27064002957158,266.1282110481437,164.69713486530674
2026-03-05 16:30:00,53.83956384673459,-174.75728521871167,153.1987613286445,32.28103995666743
2026-03-05 16:45:00,53.83956384673459,-207.54626238352486,200.49520845815078,46.788509921360514
2026-03-05 17:00:00,53.83956384673459,-229.85931167578764,201.55498241037967,25.53523458132662
2026-03-05 17:15:00,53.83956384673459,-206.37111323935795,187.45831886467153,34.926769472048164
2026-03-05 17:30:00,53.83956384673459,262.8043246726886,-232.5304233224944,84.11346519692876
2026-03-05 17:45:00,53.83956384673459,-296.2893287574985,493.7858148993725,251.3360499886086
2026-03-05 18:00:00,53.83956384673459,-197.0026000169397,253.3849869990491,110.22195082884397
2026-03-05 18:15:00,53.83956384673459,280.10362226403237,-268.6829014585236,65.2602846522434
2026-03-05 18:30:00,53.83956384673459,369.96304122,-479.3370915666427,-55.5344864999081
2026-03-05 18:45:00,53.83956384673459,-383.0880774264088,818.96647201767,489.7179584379958
2026-03-05 19:00:00,53.83956384673459,-379.7058515645597,1303.7001375586315,977.8338498408064
2026-03-05 19:15:00,53.83956384673459,-404.9853732650101,1536.2462083493226,1185.100398931047
2026-03-05 19:30:00,53.83956384673459,-350.3932924830532,1760.6532183815311,1464.0994897452124
2026-03-05 19:45:00,53.83956384673459,-353.47936215994775,1647.4762541812186,1347.8364558680055
2026-03-05 20:00:00,39.45737310016546,-353.70605966031985,1164.0242780070284,849.775591446874
2026-03-05 20:15:00,39.45737310016546,-343.9675304708152,1681.4231566632584,1376.9129992926087
2026-03-05 20:30:00,39.45737310016546,-239.38265242438692,1649.6821005087775,1449.756821184556
2026-03-05 20:45:00,39.45737310016546,-247.71428542771935,1546.0192585573561,1337.7623462298022
2026-03-05 21:00:00,39.45737310016546,-302.7120285940263,1882.8624493621414,1619.6077938682806
2026-03-05 21:15:00,39.45737310016546,-252.06678445488188,297.4778178348472,84.86840648013077
2026-03-05 21:30:00,39.45737310016546,-42.85140895035617,4.300025562354193,0.9059897121634819
2026-03-05 21:45:00,39.45737310016546,229.7304170128583,-227.35393721917552,41.833852893848245
2026-03-05 22:00:00,39.45737310016546,243.92492846057047,-236.15099616299835,47.23130539773757
2026-03-05 22:15:00,39.45737310016546,-179.5761220552759,416.39663560694663,276.2778866518362
2026-03-05 22:30:00,39.45737310016546,-230.99106553628337,291.7714481226013,100.23775568648341
2026-03-05 22:45:00,39.45737310016546,222.16708863422693,-150.22632842498234,111.39813330941007
2026-03-05 23:00:00,39.45737310016546,-230.35733768996027,503.9704424959453,313.0704779061505
2026-03-05 23:15:00,39.45737310016546,214.9395316733222,-68.60306350269818,185.79384127078947
2026-03-05 23:30:00,39.45737310016546,104.17802084565102,-38.088301971740314,105.54709197407615
2026-03-05 23:45:00,39.45737310016546,-124.81001444972449,272.3331197162892,186.98047836673018
2026-03-06 00:00:00,20.599261477182665,-185.25221832375604,631.5696612358819,466.9167043893085
2026-03-06 00:15:00,20.599261477182665,-129.91022431928067,84.53782464571302,-24.77313819638499
2026-03-06 00:30:00,20.599261477182665,-138.32119539373818,391.58031769482756,273.858383778272
2026-03-06 00:45:00,20.599261477182665,-117.0588902548158,134.57161995828497,38.11199118065184
2026-03-06 01:00:00,20.599261477182665,-180.16757114052393,307.1705409038047,147.60223124046342
2026-03-06 01:15:00,20.599261477182665,-142.8573709386964,393.2884473213244,271.03033785981063
2026-03-06 01:30:00,20.599261477182665,-163.93762841106434,375.63773364205997,232.2993667081783
2026-03-06 01:45:00,20.599261477182665,-147.03626028312354,521.6370258600139,395.20002705407296
2026-03-06 02:00:00,20.599261477182665,-198.2326132658245,725.0877759197033,547.4544241310614
2026-03-06 02:15:00,20.599261477182665,-150.4233474418195,216.73182357079295,86.90773760615613
2026-03-06 02:30:00,20.599261477182665,168.98393744183878,-184.43144703387833,5.151751885143113
2026-03-06 02:45:00,20.599261477182665,-137.8621013553252,275.67234153470946,158.40950165656693
2026-03-06 03:00:00,20.599261477182665,-117.55630550255842,246.17878233097008,149.22173830559433
2026-03-06 03:15:00,20.599261477182665,-116.44739578793747,231.65124134923448,135.80310703847968
2026-03-06 03:30:00,20.599261477182665,-75.57076264675727,137.31484237606392,82.34334120648931
2026-03-06 03:45:00,20.599261477182665,-75.00039611316005,242.9075364929534,188.50640185697603
2026-03-06 04:00:00,52.88690848569658,-131.31109901598353,169.02120644865974,90.59701591837279
2026-03-06 04:15:00,52.88690848569658,-64.89142752968738,208.46891066756962,196.46439162357882
2026-03-06 04:30:00,52.88690848569658,-54.91707086330587,270.4164104237012,268.38624804609196
2026-03-06 04:45:00,52.88690848569658,-80.68501666021962,270.06215417684615,242.2640460023231
2026-03-06 05:00:00,52.88690848569658,-131.55572365189056,343.95012432109286,265.28130915489885
2026-03-06 05:15:00,52.88690848569658,-144.58819002488926,255.09586568690983,163.39458414771715
2026-03-06 05:30:00,52.88690848569658,139.00584221300687,-93.65811196165666,98.2346387370468
2026-03-06 05:45:00,52.88690848569658,157.78983175598097,-131.7229640894235,78.95377615225405
2026-03-06 06:00:00,52.88690848569658,125.01829067948333,-122.54675882355384,55.358440341626064
2026-03-06 06:15:00,52.88690848569658,-123.12396056227004,697.1752047173425,626.938152640769
2026-03-06 06:30:00,52.88690848569658,-154.55984962151726,564.7296092851365,463.0566681493158
2026-03-06 06:45:00,52.88690848569658,-236.84710053266227,624.5966063522185,440.6364143052528
2026-03-06 07:00:00,52.88690848569658,-216.44863935722978,697.3893985483903,533.8276676768571
2026-03-06 07:15:00,52.88690848569658,185.27052685926353,-262.91491656363297,-24.757481218672865
2026-03-06 07:30:00,52.88690848569658,-142.99345401371482,901.9384454761312,811.8318999481129
2026-03-06 07:45:00,52.88690848569658,-167.49843275000904,902.943443969614,788.3319197053015
2026-03-06 08:00:00,68.43577104324163,252.34486658845967,-173.4667421094706,147.31389552223072
2026-03-06 08:15:00,68.43577104324163,-284.37742938933377,377.8283301723255,161.88667182623334
2026-03-06 08:30:00,68.43577104324163,-242.73790105786026,345.3414733946355,171.03934338001687
2026-03-06 08:45:00,68.43577104324163,-183.4564030890382,611.6626699764454,496.6420379306488
2026-03-06 09:00:00,68.43577104324163,-197.44029368107084,1434.3460506472468,1305.3415280094175
2026-03-06 09:15:00,68.43577104324163,-180.98252382460817,405.0641956893993,292.51744290803276
2026-03-06 09:30:00,68.43577104324163,-179.61453938895636,321.59475723143896,210.41598888572423
2026-03-06 09:45:00,68.43577104324163,-152.4421297231047,215.29780288738579,131.29144420752272
2026-03-06 10:00:00,68.43577104324163,10.353936876238675,-54.217572774105825,24.57213514537448
2026-03-06 10:15:00,68.43577104324163,-185.91076551363145,296.9215397402735,179.44654526988367
2026-03-06 10:30:00,68.43577104324163,-167.99731894464202,272.7224009272705,173.1608530258701
2026-03-06 10:45:00,68.43577104324163,-138.25195484316106,306.19641778876496,236.38023398884553
2026-03-06 11:00:00,68.43577104324163,-143.43072800833846,274.07489242361953,199.0799354585227
2026-03-06 11:15:00,68.43577104324163,-144.97377171859338,260.7123160985123,184.17431542316055
2026-03-06 11:30:00,68.43577104324163,-150.1689253506254,374.5191443256712,292.78599001828746
2026-03-06 11:45:00,68.43577104324163,-193.81772659101486,256.37239189945575,130.99043635168252
2026-03-06 12:00:00,127.81453279530479,-168.92084987850953,265.8033514433452,224.69703436014046
2026-03-06 12:15:00,127.81453279530479,-99.49979399452633,288.40170656980325,316.7164453705817
2026-03-06 12:30:00,127.81453279530479,160.7046950111817,-125.28420657392151,163.23502123256497
2026-03-06 12:45:00,127.81453279530479,-106.24815369151591,214.32203736041123,235.8884164642001
2026-03-06 13:00:00,127.81453279530479,-140.7649369705512,214.42282324739557,201.47241907214917
2026-03-06 13:15:00,127.81453279530479,-166.02766552678327,471.36501613564025,433.15188340416177
2026-03-06 13:30:00,127.81453279530479,-107.47802479257894,333.364497405845,353.70100540857084
2026-03-06 13:45:00,127.81453279530479,-162.41554617838605,204.2188086091363,169.61779522605502
2026-03-06 14:00:00,127.81453279530479,-146.28405728546846,227.59711165707168,209.127587166908
2026-03-06 14:15:00,127.81453279530479,-163.89026071945614,829.4850395176176,793.4093115934662
2026-03-06 14:30:00,127.81453279530479,-112.4675686732133,227.0145425169657,242.36150663905718
2026-03-06 14:45:00,127.81453279530479,-83.84570466801657,263.5630425479019,307.53187067519013
2026-03-06 15:00:00,127.81453279530479,-158.0765615670423,164.53917171383557,134.27714294209807
2026-03-06 15:15:00,127.81453279530479,-168.7297387770039,1529.9010685870826,1488.9858626053835
2026-03-06 15:30:00,127.81453279530479,-141.13965020208573,992.2493973868316,978.9242799800506
2026-03-06 15:45:00,127.81453279530479,-155.8583588369483,179.95376535089645,151.90993930925293
2026-03-06 16:00:00,104.6348734407533,-157.35269989033233,323.3737960847154,270.6559696351364
2026-03-06 16:15:00,104.6348734407533,-104.27064002957158,494.9191972988341,495.2834307100158
2026-03-06 16:30:00,104.6348734407533,-167.6072852187117,254.55000028795675,191.57758850999835
2026-03-06 16:45:00,104.6348734407533,-180.77126238352486,243.85413796258726,167.7177490198157
2026-03-06 17:00:00,104.6348734407533,-162.05931167578768,688.2125133579109,630.7880751228765
2026-03-06 17:15:00,104.6348734407533,-140.87111323935792,938.2494144299939,902.0131746313892
2026-03-06 17:30:00,104.6348734407533,-170.02932467268857,595.3701643652134,529.9757131332782
2026-03-06 17:45:00,104.6348734407533,-235.5393287574984,739.8487644994285,608.9443091826834
2026-03-06 18:00:00,104.6348734407533,-191.02760001693966,1524.976880477701,1438.5841539015146
2026-03-06 18:15:00,104.6348734407533,-306.35362226403237,1536.9077886710313,1335.1890398477522
2026-03-06 18:30:00,104.6348734407533,-169.96304122,1598.1609900844387,1532.832822305192
2026-03-06 18:45:00,104.6348734407533,-207.33807742640886,1707.4017319274699,1604.6985279418143
2026-03-06 19:00:00,104.6348734407533,-310.9058515645597,123.70950005710806,-82.56147806669837
2026-03-06 19:15:00,104.6348734407533,364.81037326501007,-469.7934552118181,-0.3482085060547888
2026-03-06 19:30:00,104.6348734407533,263.1432924830533,-341.9064961473397,25.871669776466888
2026-03-06 19:45:00,104.6348734407533,237.2293621599477,-168.55657066768293,173.3076649330181
2026-03-06 20:00:00,26.353362308120154,-257.13105966031986,1484.22770049441,1253.4500031422103
2026-03-06 20:15:00,26.353362308120154,-261.2675304708152,1501.5701350107615,1266.6559668480666
2026-03-06 20:30:00,26.353362308120154,-207.1326524243869,34.653839793313566,-146.12545032295316
2026-03-06 20:45:00,26.353362308120154,-151.25593847505488,59.04154738759547,-65.86102877933925
2026-03-06 21:00:00,26.353362308120154,-292.5620285940263,879.2637438405036,613.0550775545975
2026-03-06 21:15:00,26.353362308120154,-252.31678445488183,691.5869325964297,465.62351044966806
2026-03-06 21:30:00,26.353362308120154,-248.14183767293028,898.1608470631833,676.3723716983732
2026-03-06 21:45:00,26.353362308120154,-246.2804170128582,807.7516846610722,587.8246299563341
2026-03-06 22:00:00,26.353362308120154,-248.22492846057037,773.3944299032303,551.5228637507801
2026-03-06 22:15:00,26.353362308120154,-196.55112205527593,905.6958276153897,735.4980678682339
2026-03-06 22:30:00,26.353362308120154,-248.4410655362834,503.53579713577585,281.4480939076126
2026-03-06 22:45:00,26.353362308120154,-231.06708863422688,210.44536467423805,5.731638348131327
2026-03-06 23:00:00,26.353362308120154,-257.6573376899603,477.75788130669355,246.45390592485342
2026-03-06 23:15:00,26.353362308120154,-231.7895316733222,325.30057243513954,119.86440306993751
2026-03-06 23:30:00,26.353362308120154,-206.45016320849933,629.2766153937479,449.17981449336867
2026-03-06 23:45:00,26.353362308120154,-161.88501444972445,469.4289667384525,333.8973145968482
2026-03-07 00:00:00,20.02426147718267,-210.0022183237561,198.74404885936562,8.7660920127922
2026-03-07 00:15:00,20.02426147718267,-180.08522431928066,124.32039340548579,-35.74056943661219
2026-03-07 00:30:00,20.02426147718267,-167.09619539373816,440.2878238828347,293.2158899662792
2026-03-07 00:45:00,20.02426147718267,-143.55889025481576,313.39537898355934,189.86075020592625
2026-03-07 01:00:00,20.02426147718267,-183.09257114052394,200.19138018761592,37.12307052427465
2026-03-07 01:15:00,20.02426147718267,-150.85737093869642,298.7013873688308,167.86827790731707
2026-03-07 01:30:00,20.02426147718267,-183.28762841106436,1561.8407815654627,1398.5774146315812
2026-03-07 01:45:00,20.02426147718267,-203.23626028312358,236.71505486282905,53.50305605688814
2026-03-07 02:00:00,20.02426147718267,-201.63261326582446,815.5267262835031,633.9183744948613
2026-03-07 02:15:00,20.02426147718267,-193.22334744181944,310.021589995252,136.82250403061522
2026-03-07 02:30:00,20.02426147718267,3.9490373382316935,-49.85979875374291,-25.886499938328544
2026-03-07 02:45:00,20.02426147718267,-155.4371013553252,100.37227698164507,-35.04056289649746
2026-03-07 03:00:00,20.02426147718267,-132.6063055025584,505.9195816442467,393.337537618871
2026-03-07 03:15:00,20.02426147718267,-140.34739578793747,234.14849293916055,113.82535862840575
2026-03-07 03:30:00,20.02426147718267,-98.07076264675727,235.8912916175092,157.8447904479346
2026-03-07 03:45:00,20.02426147718267,-109.22539611316004,216.8900753836981,127.68894074772072
2026-03-07 04:00:00,15.25219268820438,-139.11109901598354,254.79512219625727,130.9362158684781
2026-03-07 04:15:00,15.25219268820438,-104.74142752968737,294.62697594245225,205.13774110096927
2026-03-07 04:30:00,15.25219268820438,-86.99207086330586,299.73201838938166,227.9921402142802
2026-03-07 04:45:00,15.25219268820438,104.31001666021962,-107.9369088895721,11.625300458851896
2026-03-07 05:00:00,15.25219268820438,-130.88072365189058,135.33519745208176,19.706666488395555
2026-03-07 05:15:00,15.25219268820438,123.36319002488932,-39.60647350051162,99.0089092125821
2026-03-07 05:30:00,15.25219268820438,-136.65584221300685,261.4940713117302,140.09042178692772
2026-03-07 05:45:00,15.25219268820438,-156.189831755981,307.70118198510374,166.76354291732713
2026-03-07 06:00:00,15.25219268820438,-142.36829067948332,588.4430143492481,461.32691635796914
2026-03-07 06:15:00,15.25219268820438,-148.52396056227002,597.8156722551327,464.543904381067
2026-03-07 06:30:00,15.25219268820438,-134.23484962151724,590.3259490643452,471.34329213103234
2026-03-07 06:45:00,15.25219268820438,-149.44710053266223,584.7995470013992,450.6046391569414
2026-03-07 07:00:00,15.25219268820438,-125.12363935722979,215.51193905144623,105.64049238242082
2026-03-07 07:15:00,15.25219268820438,-109.74552685926353,143.69515521096795,49.20182103990879
2026-03-07 07:30:00,15.25219268820438,-119.49345401371481,133.83384118757618,29.592579862065747
2026-03-07 07:45:00,15.25219268820438,-154.6734327500091,749.7866679840415,610.3654279222368
2026-03-07 08:00:00,101.93577104324164,202.78712347548844,-143.19160313833652,161.53129138039355
2026-03-07 08:15:00,101.93577104324164,-125.90242938933383,177.94897420991202,153.98231586381985
2026-03-07 08:30:00,101.93577104324164,-141.7129010578603,185.4250369637247,145.64790694910602
2026-03-07 08:45:00,101.93577104324164,-103.25640308903814,324.5158707384518,323.19523869265527
2026-03-07 09:00:00,101.93577104324164,-130.0402936810708,300.28997031405993,272.18544767623075
2026-03-07 09:15:00,101.93577104324164,-130.63252382460814,295.31001248289647,266.61325970152996
2026-03-07 09:30:00,101.93577104324164,-146.5895393889564,277.9884824646484,233.33471411893368
2026-03-07 09:45:00,101.93577104324164,-124.76712972310472,301.4630807627764,278.63172208291337
2026-03-07 10:00:00,101.93577104324164,121.21739187008211,-71.83318999202257,151.31997292130117
2026-03-07 10:15:00,101.93577104324164,-152.2607655136315,331.2676960819837,280.9427016115938
2026-03-07 10:30:00,101.93577104324164,-109.947318944642,310.55453399721563,302.54298609581525
2026-03-07 10:45:00,101.93577104324164,-69.75195484316104,355.31347245435575,387.4972886544364
2026-03-07 11:00:00,101.93577104324164,47.555728008338455,-17.13922418492745,132.35227486665264
2026-03-07 11:15:00,101.93577104324164,57.82377171859342,-6.722726617916351,153.0368161439187
2026-03-07 11:30:00,101.93577104324164,-2.7023296836410147,58.62292208917154,157.85636344877219
2026-03-07 11:45:00,101.93577104324164,93.26772659101482,46.966164842647764,242.16966247690422
2026-03-07 12:00:00,96.58953279530475,42.84584987850954,9.951494054355942,149.38687672817022
2026-03-07 12:15:00,96.58953279530475,1.0504022999923972,70.75338398099873,168.39331907629588
2026-03-07 12:30:00,96.58953279530475,43.129695011181695,33.849373301211116,173.5686011076976
2026-03-07 12:45:00,96.58953279530475,4.95184630848409,100.12899765893174,201.6703767627206
2026-03-07 13:00:00,96.58953279530475,-24.264936970551197,76.65805617299932,148.98265199775287
2026-03-07 13:15:00,96.58953279530475,-37.92766552678323,135.00152692786895,193.66339419639047
2026-03-07 13:30:00,96.58953279530475,20.896975207421058,84.22669482053409,201.7132028232599
2026-03-07 13:45:00,96.58953279530475,-18.54054617838605,242.96144401187289,321.0104306287916
2026-03-07 14:00:00,96.58953279530475,-28.484057285468467,295.39242292803544,363.49789843787175
2026-03-07 14:15:00,96.58953279530475,-40.265260719456165,531.9493576574371,588.2736297332857
2026-03-07 14:30:00,96.58953279530475,-49.3925686732133,525.9089199158644,573.1058840379559
2026-03-07 14:45:00,96.58953279530475,-43.895704668016585,796.6960709269788,849.389899054267
2026-03-07 15:00:00,96.58953279530475,-125.1265615670423,251.40434133711332,222.86731256537576
2026-03-07 15:15:00,96.58953279530475,-91.22973877700389,522.033074025118,527.3928680434188
2026-03-07 15:30:00,96.58953279530475,-97.48965020208573,544.3883438323122,543.4882264255313
2026-03-07 15:45:00,96.58953279530475,95.08335883694828,-109.46495577221336,82.20793586003967
2026-03-07 16:00:00,126.4098734407533,79.17769989033235,-80.5143706512487,125.07320267983695
2026-03-07 16:15:00,126.4098734407533,-65.57064002957156,113.05141783481952,173.89065124600126
2026-03-07 16:30:00,126.4098734407533,-81.40728521871169,495.40556159028813,540.4081498123297
2026-03-07 16:45:00,126.4098734407533,-134.47126238352487,191.1155806971025,183.05419175433093
2026-03-07 17:00:00,126.4098734407533,-117.85931167578764,416.1989281855075,424.74948995047316
2026-03-07 17:15:00,126.4098734407533,-102.94611323935789,210.11123814315752,233.57499834455294
2026-03-07 17:30:00,126.4098734407533,-165.5543246726886,234.63447008137587,195.49001884944056
2026-03-07 17:45:00,126.4098734407533,-245.81432875749846,269.78487876780883,150.38042345106368
2026-03-07 18:00:00,126.4098734407533,-185.7526000169397,596.6710099299078,537.3282833537214
2026-03-07 18:15:00,126.4098734407533,-243.4786222640323,780.4031924748701,663.3344436515911
2026-03-07 18:30:00,126.4098734407533,-257.46304122000004,877.723570333363,746.6704025541162
2026-03-07 18:45:00,126.4098734407533,-274.86307742640884,1145.4551987768652,997.0019947912097
2026-03-07 19:00:00,126.4098734407533,-283.0308515645597,288.3181195970642,131.69714147325777
2026-03-07 19:15:00,126.4098734407533,320.7853732650101,-199.47664705568474,247.71859965007866
2026-03-07 19:30:00,126.4098734407533,-170.5385484710731,248.03497626618142,203.9063012358616
2026-03-07 19:45:00,126.4098734407533,333.85436215994775,-110.74038728561352,349.52384831508755
2026-03-07 20:00:00,34.184698493606646,325.08105966031985,-210.32825038173254,148.93750777219398
2026-03-07 20:15:00,34.184698493606646,329.8175304708151,-11.640581972474333,352.36164699194745
2026-03-07 20:30:00,34.184698493606646,269.3826524243869,-103.8262895051021,199.7410614128914
2026-03-07 20:45:00,34.184698493606646,270.68928542771937,-114.09208099211298,190.78190292921306
2026-03-07 21:00:00,34.184698493606646,-302.5620285940263,652.4907605834918,384.1134304830722
2026-03-07 21:15:00,34.184698493606646,-216.76678445488187,498.5925920659264,316.0105061046512
2026-03-07 21:30:00,34.184698493606646,-200.01683767293028,814.349660964569,648.5175217852454
2026-03-07 21:45:00,34.184698493606646,-227.25541701285832,227.87655750866156,34.80583898940989
2026-03-07 22:00:00,34.184698493606646,-262.57492846057033,624.939667882103,396.54943791513926
2026-03-07 22:15:00,34.184698493606646,-158.7391965811662,235.94631391353224,111.39181582597269
2026-03-07 22:30:00,34.184698493606646,267.5410655362833,-204.16189283346887,97.56387119642113
2026-03-07 22:45:00,34.184698493606646,-259.51708863422687,523.8164141523483,298.48402401172814
2026-03-07 23:00:00,34.184698493606646,-269.0323376899603,594.218686125558,359.37104692920434
2026-03-07 23:15:00,34.184698493606646,244.2895316733222,-120.23193574239772,158.24229442453108
2026-03-07 23:30:00,34.184698493606646,-216.87516320849937,576.1721507744111,393.4816860595183
2026-03-07 23:45:00,34.184698493606646,210.4100144497245,-5.400287002525552,239.19442594080562
2026-03-08 00:00:00,33.161761477182665,285.45221832375614,-303.2256779310148,15.388301869924021
2026-03-08 00:15:00,33.161761477182665,249.26022431928067,-160.92358188058967,121.49840391587367
2026-03-08 00:30:00,33.161761477182665,258.6711953937381,-78.33980636396585,213.49315050695492
2026-03-08 00:45:00,33.161761477182665,223.0838902548157,-85.07500329298846,171.17064843900988
2026-03-08 01:00:00,33.161761477182665,256.14257114052396,-108.41785959661232,180.8864730210943
2026-03-08 01:15:00,33.161761477182665,235.15737093869637,-29.59584627805741,238.72328613782162
2026-03-08 01:30:00,33.161761477182665,232.63762841106427,3.237545325661942,269.03693521390886
2026-03-08 01:45:00,33.161761477182665,252.0112602831236,-37.588108442974196,247.58491331733205
2026-03-08 02:00:00,33.161761477182665,274.13261326582443,-34.370400746849484,272.9239739961576
2026-03-08 02:15:00,33.161761477182665,251.32334744181944,340.88633485432916,625.3714437733313
2026-03-08 02:30:00,33.161761477182665,253.78393744183876,495.3850385048863,782.3307374239077
2026-03-08 02:45:00,33.161761477182665,230.8871013553252,671.7098730857908,935.7587359182987
2026-03-08 03:00:00,33.161761477182665,212.35630550255843,80.0190959281781,325.5371629079192
2026-03-08 03:15:00,33.161761477182665,216.74739578793748,-11.701093325704358,238.20806393941578
2026-03-08 03:30:00,33.161761477182665,176.12076264675724,-30.158986236151737,179.12353788778816
2026-03-08 03:45:00,33.161761477182665,197.52539611316,-3.083537086862551,227.60362050348013
2026-03-08 04:00:00,70.51190848569658,225.16109901598352,-22.920311581372566,272.75269592030753
2026-03-08 04:15:00,70.51190848569658,183.5414275296874,-50.4624667906053,203.5908692247787
2026-03-08 04:30:00,70.51190848569658,166.8420708633059,-61.77899310735012,175.57498624165237
2026-03-08 04:45:00,70.51190848569658,182.68501666021962,-24.276284801687115,228.92064034422907
2026-03-08 05:00:00,70.51190848569658,212.9557236518906,-30.541562279653427,252.92606985793378
2026-03-08 05:15:00,70.51190848569658,207.96319002488934,6.620336752518343,285.09543526310426
2026-03-08 05:30:00,70.51190848569658,213.90584221300688,5.575564694508958,289.9933153932124
2026-03-08 05:45:00,70.51190848569658,223.814831755981,-59.50755885763523,234.8191813840424
2026-03-08 06:00:00,70.51190848569658,205.09329067948332,-22.643767432042402,252.9614317331375
2026-03-08 06:15:00,70.51190848569658,209.47396056227,-19.306039860101823,260.6798291878648
2026-03-08 06:30:00,70.51190848569658,195.6098496215173,-16.787994003984693,249.33376410322916
2026-03-08 06:45:00,70.51190848569658,206.49710053266227,-47.58300759005233,229.4260014283065
2026-03-08 07:00:00,70.51190848569658,192.92363935722977,-28.415176945808735,235.0203708971176
2026-03-08 07:15:00,70.51190848569658,174.44552685926354,-57.800603294870356,187.15683205008975
2026-03-08 07:30:00,70.51190848569658,189.21845401371485,-13.466628143542419,246.263734355869
2026-03-08 07:45:00,70.51190848569658,211.42343275000908,-63.39289330116977,218.5424479345359
2026-03-08 08:00:00,111.68577104324163,254.9121234754884,-17.604929437314993,348.99296508141504
2026-03-08 08:15:00,111.68577104324163,173.1774293893338,-41.287976596973635,243.57522383560183
2026-03-08 08:30:00,111.68577104324163,191.3129010578603,16.30591415530615,319.3045862564081
2026-03-08 08:45:00,111.68577104324163,130.83140308903816,-6.0845190604913,236.4326550717885
2026-03-08 09:00:00,111.68577104324163,175.66529368107086,-54.87423488502566,232.47682983928684
2026-03-08 09:15:00,111.68577104324163,164.5575238246082,-35.69379102548437,240.54950384236548
2026-03-08 09:30:00,111.68577104324163,170.21453938895638,13.401887151566442,295.30219758376444
2026-03-08 09:45:00,111.68577104324163,139.94212972310473,1.395185513892538,253.02308628023889
2026-03-08 10:00:00,111.68577104324163,-132.66739187008213,760.4513406234081,739.4697197965676
2026-03-08 10:15:00,111.68577104324163,-116.9357655136315,1019.3391114668832,1014.0891169964933
2026-03-08 10:30:00,111.68577104324163,-86.32231894464198,381.571778366599,406.93523046519863
2026-03-08 10:45:00,111.68577104324163,-40.07695484316105,101.21696521390867,172.82578141398926
2026-03-08 11:00:00,111.68577104324163,-45.93072800833846,110.00081870975512,175.7558617446583
2026-03-08 11:15:00,111.68577104324163,32.173771718593414,14.808042161889142,158.66758492372418
2026-03-08 11:30:00,111.68577104324163,-12.9189253506254,141.03371005776887,239.80055575038512
2026-03-08 11:45:00,111.68577104324163,63.34272659101486,85.01997578442112,260.04847341867764
2026-03-08 12:00:00,47.291613998457564,25.345849878509526,67.20598861143253,139.84345248839963
2026-03-08 12:15:00,47.291613998457564,6.440688129416139,80.25288638292456,133.98518851079825
2026-03-08 12:30:00,47.291613998457564,38.1296950111817,100.34343233346824,185.76474134310752
2026-03-08 12:45:00,47.291613998457564,14.30849624818647,86.75876988513699,148.358880131781
2026-03-08 13:00:00,47.291613998457564,7.018164163200085,62.154167423429705,116.46394558508734
2026-03-08 13:15:00,47.291613998457564,-36.05266552678323,103.45041000940849,114.68935848108282
2026-03-08 13:30:00,47.291613998457564,20.921975207421045,69.36918686365593,137.58277606953453
2026-03-08 13:45:00,47.291613998457564,18.290546178386055,148.29356402638143,213.87572420322505
2026-03-08 14:00:00,47.291613998457564,20.034057285468478,108.3365029796144,175.66217426354044
2026-03-08 14:15:00,47.291613998457564,2.6402607194561583,94.23572171731914,144.16759643523287
2026-03-08 14:30:00,47.291613998457564,11.365253032438154,82.83101667554237,141.48788370643808
2026-03-08 14:45:00,47.291613998457564,-5.045704668016583,1384.2880407922007,1426.5339501226417
2026-03-08 15:00:00,47.291613998457564,-79.05156156704228,1321.296177223764,1289.5362296551793
2026-03-08 15:15:00,47.291613998457564,-62.1047387770039,1649.6708535611938,1634.8577287826474
2026-03-08 15:30:00,47.291613998457564,-69.98965020208573,911.4242005028898,888.7261642992617
2026-03-08 15:45:00,47.291613998457564,-77.58335883694828,428.2803390735967,397.98859423510595
2026-03-08 16:00:00,183.50987344075332,-51.67769989033236,274.2264729473161,406.0586464977371
2026-03-08 16:15:00,183.50987344075332,-64.32064002957158,331.48702044524435,450.6762538564261
2026-03-08 16:30:00,183.50987344075332,66.40728521871169,-2.9946136989737573,246.92254496049128
2026-03-08 16:45:00,183.50987344075332,107.72126238352483,-22.25012712726483,268.98100869701335
2026-03-08 17:00:00,183.50987344075332,102.3593116757877,-47.93533663552951,237.93384848101152
2026-03-08 17:15:00,183.50987344075332,123.9961132393579,-0.9423105753401245,306.5636761047711
2026-03-08 17:30:00,183.50987344075332,189.5043246726886,-28.50670392151405,344.5074941919279
2026-03-08 17:45:00,183.50987344075332,246.5643287574984,-59.87743464779605,370.19676755045566
2026-03-08 18:00:00,183.50987344075332,187.10260001693973,-46.25952443327504,324.352949024418
2026-03-08 18:15:00,183.50987344075332,254.1536222640323,-74.75552216157607,362.90797354320955
2026-03-08 18:30:00,183.50987344075332,345.93804122,-164.00743832398874,365.4404763367646
2026-03-08 18:45:00,183.50987344075332,413.0880774264088,-54.77302115551571,541.8249297116464
2026-03-08 19:00:00,183.50987344075332,374.0808515645597,-51.09490453566381,506.49582046964923
2026-03-08 19:15:00,183.50987344075332,364.46037326501016,-81.71685936569915,466.25338734006425
2026-03-08 19:30:00,183.50987344075332,347.59329248305323,-103.5348010495826,427.5683648742239
2026-03-08 19:45:00,183.50987344075332,358.0293621599477,-174.56812938888478,366.97110621181616
2026-03-08 20:00:00,34.24923001605997,371.60605966031983,-129.94356586633893,275.9117238100409
2026-03-08 20:15:00,34.24923001605997,365.5675304708152,-218.89023525533202,180.92652523154317
2026-03-08 20:30:00,34.24923001605997,299.98265242438697,-134.61488886388443,199.61699357656252
2026-03-08 20:45:00,34.24923001605997,293.56428542771937,-112.9944251844518,214.81909025932754
2026-03-08 21:00:00,34.24923001605997,389.86202859402624,-137.29402268111568,286.81723592897055
2026-03-08 21:15:00,34.24923001605997,332.3667844548818,-145.7661868319539,220.84982763898788
2026-03-08 21:30:00,34.24923001605997,321.76683767293025,-109.21510096836428,246.80096672062595
2026-03-08 21:45:00,34.24923001605997,312.23041701285825,-151.14608022870897,195.33356680020927
2026-03-08 22:00:00,34.24923001605997,346.72492846057037,-106.99720820916191,273.97695026746845
2026-03-08 22:15:00,34.24923001605997,-273.72612205527594,526.0531039163177,286.57621187710174
2026-03-08 22:30:00,34.24923001605997,317.6410655362834,-181.53555919897576,170.35473635336763
2026-03-08 22:45:00,34.24923001605997,319.4420886342269,-90.32910846708168,263.3622101832052
2026-03-08 23:00:00,34.24923001605997,-339.40733768996034,702.7756956719501,397.6175879980497
2026-03-08 23:15:00,34.24923001605997,317.48953167332223,-103.05107520039287,248.68768648898936
2026-03-08 23:30:00,34.24923001605997,222.22592154560982,36.42660920682783,292.90176076849764
2026-03-08 23:45:00,34.24923001605997,265.7100144497245,-6.24505104812758,293.7141934176569
2026-03-09 00:00:00,55.02426147718266,306.85221832375606,-443.9821701904574,-82.10569038951866
2026-03-09 00:15:00,55.02426147718266,269.53522431928064,-300.18570636864683,24.373779427816487
2026-03-09 00:30:00,55.02426147718266,276.8211953937381,-158.8275318707297,173.01792500019107
2026-03-09 00:45:00,55.02426147718266,251.7088902548157,-230.54156413198274,76.19158760001562
2026-03-09 01:00:00,55.02426147718266,283.66757114052393,-266.19333589207906,72.49849672562755
2026-03-09 01:15:00,55.02426147718266,264.73237093869636,-145.85600142557695,173.9006309903021
2026-03-09 01:30:00,55.02426147718266,267.4876284110643,-108.99828126527184,213.51360862297514
2026-03-09 01:45:00,55.02426147718266,283.73626028312356,-205.27091544170813,133.4896063185981
2026-03-09 02:00:00,55.02426147718266,299.03261326582447,-140.1867935352229,213.87008120778424
2026-03-09 02:15:00,55.02426147718266,31.667969348694758,32.695224392177536,119.38745521805495
2026-03-09 02:30:00,55.02426147718266,265.03393744183876,-182.49852918723306,137.55966973178838
2026-03-09 02:45:00,55.02426147718266,224.76210135532514,-182.99172752007365,96.79463531243414
2026-03-09 03:00:00,55.02426147718266,-205.05630550255836,359.3053830304105,209.2733390050348
2026-03-09 03:15:00,55.02426147718266,-208.52239578793743,293.2885295070121,139.7903951962573
2026-03-09 03:30:00,55.02426147718266,-160.92076264675728,301.91140018937006,196.01489901979545
2026-03-09 03:45:00,55.02426147718266,171.72539611316006,-180.76098887555978,45.98866871478296
2026-03-09 04:00:00,126.68690848569656,-49.806018029147964,87.83547176167612,164.71636221822473
2026-03-09 04:15:00,126.68690848569656,-178.26642752968735,377.04704571891807,325.4675266749273
2026-03-09 04:30:00,126.68690848569656,-170.84207086330588,413.6833463963802,369.5281840187709
2026-03-09 04:45:00,126.68690848569656,-191.9100166602196,288.4690217997114,223.24591362518836
2026-03-09 05:00:00,126.68690848569656,249.35572365189057,-182.87033536116638,193.17229677642075
2026-03-09 05:15:00,126.68690848569656,241.83819002488931,-138.39766798227427,230.12743052831158
2026-03-09 05:30:00,126.68690848569656,261.65584221300685,-146.93817001298143,241.40458068572198
2026-03-09 05:45:00,126.68690848569656,302.539831755981,-202.5748908028832,226.6518494387944
2026-03-09 06:00:00,126.68690848569656,354.89329067948336,-249.66751458177814,231.91268458340178
2026-03-09 06:15:00,126.68690848569656,-268.22396056227,564.4463483904352,422.9092963138618
2026-03-09 06:30:00,126.68690848569656,-273.55984962151723,366.85763520985336,219.9846940740327
2026-03-09 06:45:00,126.68690848569656,295.84710053266224,-183.9611692252057,238.5728397931531
2026-03-09 07:00:00,126.68690848569656,372.0736393572297,-251.6787147980461,247.08183304488017
2026-03-09 07:15:00,126.68690848569656,343.17052685926353,-107.84729914994662,362.0101361950135
2026-03-09 07:30:00,126.68690848569656,388.71845401371473,-162.8476361254782,352.55772637393306
2026-03-09 07:45:00,126.68690848569656,-370.4234327500091,824.5461593968405,580.809635132528
2026-03-09 08:00:00,271.9107710432417,540.7621234754884,-145.5734179844415,667.0994765342887
2026-03-09 08:15:00,271.9107710432417,362.00242938933377,-246.95949118894546,386.95370924363
2026-03-09 08:30:00,271.9107710432417,338.5629010578603,-199.624090998731,410.849581102371
2026-03-09 08:45:00,271.9107710432417,280.5314030890382,-151.994273822279,400.4479003100009
2026-03-09 09:00:00,271.9107710432417,303.7152936810708,-91.42313098184528,484.2029337424673
2026-03-09 09:15:00,271.9107710432417,306.1825238246081,-227.45299715914535,350.6402977087045
2026-03-09 09:30:00,271.9107710432417,311.6145393889564,-108.52122489207872,475.0040855401194
2026-03-09 09:45:00,271.9107710432417,292.3171297231047,-80.39360661609956,483.83429415024693
2026-03-09 10:00:00,271.9107710432417,291.3923918700821,-25.16604155093198,538.1371213623919
2026-03-09 10:15:00,271.9107710432417,314.88576551363144,-39.353143868609436,547.4433926882638
2026-03-09 10:30:00,271.9107710432417,261.622318944642,36.34287377710351,569.8759637649872
2026-03-09 10:45:00,271.9107710432417,224.32695484316105,180.93424817845016,677.171974064853
2026-03-09 11:00:00,271.9107710432417,210.1807280083384,2.7142191767413704,484.8057182283215
2026-03-09 11:15:00,271.9107710432417,214.99877171859342,36.28956871921099,523.1991114810462
2026-03-09 11:30:00,271.9107710432417,198.74392535062543,19.070256758155644,489.7249531520228
2026-03-09 11:45:00,271.9107710432417,249.01772659101482,6.692720987153241,527.6212186214098
2026-03-09 12:00:00,168.2145327953048,201.5958498785095,-0.7933966070095444,369.01698606680475
2026-03-09 12:15:00,168.2145327953048,166.99979399452639,73.05048481630104,408.2648116061322
2026-03-09 12:30:00,168.2145327953048,217.25469501118172,98.55936716405749,484.028594970544
2026-03-09 12:45:00,168.2145327953048,173.7481536915159,90.46980934951831,432.432495836339
2026-03-09 13:00:00,168.2145327953048,205.9149369705512,37.18217351756546,411.31164328342146
2026-03-09 13:15:00,168.2145327953048,235.67766552678324,3.974483387474617,407.8666817095626
2026-03-09 13:30:00,168.2145327953048,177.05302479257895,54.458276790118774,399.7258343780025
2026-03-09 13:45:00,168.2145327953048,225.94054617838606,101.61197499507443,495.76705396876525
2026-03-09 14:00:00,168.2145327953048,200.90905728546852,-4.630984230705141,364.4926058500681
2026-03-09 14:15:00,168.2145327953048,202.29026071945617,-39.766740245591265,330.7380532691697
2026-03-09 14:30:00,168.2145327953048,204.39256867321325,-0.1138995851369529,372.4932018833811
2026-03-09 14:45:00,168.2145327953048,188.89570466801658,-16.137816533924113,340.97242092939723
2026-03-09 15:00:00,168.2145327953048,257.6265615670423,-58.86536993984809,366.975724422499
2026-03-09 15:15:00,168.2145327953048,236.60473877700394,-17.649942699173405,387.1693288731353
2026-03-09 15:30:00,168.2145327953048,244.98965020208576,-61.9460902058854,351.25809279150513
2026-03-09 15:45:00,168.2145327953048,262.5833588369483,-23.324669616988434,407.4732220152647
2026-03-09 16:00:00,100.0915706935832,237.02769989033237,-75.84009666380939,261.2791739201062
2026-03-09 16:15:00,100.0915706935832,200.1706400295716,-36.73475367013503,263.52745705301976
2026-03-09 16:30:00,100.0915706935832,227.33228521871172,-80.47785896399898,246.94599694829594
2026-03-09 16:45:00,100.0915706935832,278.89626238352486,-126.90376279517105,252.08407028193702
2026-03-09 17:00:00,100.0915706935832,276.5343116757876,-131.95596564865048,244.66991672072032
2026-03-09 17:15:00,100.0915706935832,265.6961132393579,-79.16258714567871,286.62509678726235
2026-03-09 17:30:00,100.0915706935832,303.12932467268854,-93.41378493053877,309.80711043573297
2026-03-09 17:45:00,100.0915706935832,334.3143287574984,-188.7213492950896,245.684550155992
2026-03-09 18:00:00,100.0915706935832,-147.32240674237838,130.19477269749737,82.96393664870219
2026-03-09 18:15:00,100.0915706935832,-319.3036222640324,425.129388803755,205.91733723330577
2026-03-09 18:30:00,100.0915706935832,557.8880412200001,-409.59173599712375,248.38787591645956
2026-03-09 18:45:00,100.0915706935832,-567.563077426409,1302.3201111809585,834.8486044481327
2026-03-09 19:00:00,100.0915706935832,-551.0808515645598,1460.387843320395,1009.3985624494184
2026-03-09 19:15:00,100.0915706935832,-531.7103732650102,1615.8281106660593,1184.2093080946324
2026-03-09 19:30:00,100.0915706935832,-504.1682924830533,1687.190646495119,1283.113924705649
2026-03-09 19:45:00,100.0915706935832,-497.2793621599477,1618.1367884577298,1220.9489969913652
2026-03-09 20:00:00,35.344873100165444,-533.5560596603199,900.9705356869159,402.7593491267615
2026-03-09 20:15:00,35.344873100165444,-494.4175304708152,1441.3920704136306,982.3194130429808
2026-03-09 20:30:00,35.344873100165444,356.0076524243869,-411.71206916060737,-20.359543636055037
2026-03-09 20:45:00,35.344873100165444,287.6392854277194,-261.3867064796964,61.59745204818847
2026-03-09 21:00:00,35.344873100165444,471.3620285940263,-278.85213920674147,227.85476248745027
2026-03-09 21:15:00,35.344873100165444,394.71678445488186,-226.7827462152374,203.2789113398099
2026-03-09 21:30:00,35.344873100165444,331.14183767293025,-358.24611583020595,8.240594942889743
2026-03-09 21:45:00,35.344873100165444,357.3304170128583,-306.75626089075104,85.91902922227268
2026-03-09 22:00:00,35.344873100165444,401.5749284605704,-394.74684354493314,42.17295801580269
2026-03-09 22:15:00,35.344873100165444,-330.0261220552759,826.7050253306777,532.0237763755672
2026-03-09 22:30:00,35.344873100165444,-381.7660655362834,867.5382453220903,521.1170528859724
2026-03-09 22:45:00,35.344873100165444,-343.5670886342269,953.1612216697665,644.9390061357051
2026-03-09 23:00:00,35.344873100165444,-376.75733768996025,952.1227733267926,610.7103087369978
2026-03-09 23:15:00,35.344873100165444,353.6895316733223,-257.94508886061146,131.08931591287626
2026-03-09 23:30:00,35.344873100165444,-314.87516320849943,915.6969915134201,636.1667014050861
2026-03-09 23:45:00,35.344873100165444,317.11001444972453,-176.92669035388548,175.5281971960045
2026-03-10 00:00:00,30.02426147718267,373.17721832375594,-433.07269054485687,-29.871210743918255
2026-03-10 00:15:00,30.02426147718267,333.4852243192808,-410.4757008844522,-46.9662150879887
2026-03-10 00:30:00,30.02426147718267,227.3815254463214,-78.14699321880498,179.2587937046991
2026-03-10 00:45:00,30.02426147718267,306.00889025481575,-278.3247669897045,57.70838474229396
2026-03-10 01:00:00,30.02426147718267,341.717571140524,-302.6956350854843,69.04619753222238
2026-03-10 01:15:00,30.02426147718267,-180.8150835519575,320.8599061491656,170.0690840743908
2026-03-10 01:30:00,30.02426147718267,308.9626284110643,-179.45147845226774,159.53541143597926
2026-03-10 01:45:00,30.02426147718267,327.7112602831236,-231.31782175431576,126.4177000059905
2026-03-10 02:00:00,30.02426147718267,357.60761326582445,-160.82149363192502,226.8103811110821
2026-03-10 02:15:00,30.02426147718267,322.6733474418195,-173.17692247434573,179.52068644465643
2026-03-10 02:30:00,30.02426147718267,322.5339374418389,-210.39257942192185,142.1656194970997
2026-03-10 02:45:00,30.02426147718267,294.8371013553252,-246.38780856151507,78.47355427099282
2026-03-10 03:00:00,30.02426147718267,268.9563055025584,-208.62358600147414,90.35698097826693
2026-03-10 03:15:00,30.02426147718267,-76.66277229438045,124.45584287646845,77.81733205927068
2026-03-10 03:30:00,30.02426147718267,-231.29576264675728,316.44155932667053,115.17005815709592
2026-03-10 03:45:00,30.02426147718267,-245.72539611316006,341.5236338178694,125.822499181892
2026-03-10 04:00:00,131.41190848569659,287.6360990159836,-230.18577752003657,188.8622299816436
2026-03-10 04:15:00,131.41190848569659,252.11642752968737,-265.8594451468714,117.66889086851256
2026-03-10 04:30:00,131.41190848569659,222.59207086330588,-184.2902355852031,169.71374376379936
2026-03-10 04:45:00,131.41190848569659,247.43501666021962,-146.7036410848848,232.1432840610314
2026-03-10 05:00:00,131.41190848569659,302.9557236518906,-187.0142102336011,247.3534219039861
2026-03-10 05:15:00,131.41190848569659,102.86522762480632,-14.367500976072273,219.90963513443063
2026-03-10 05:30:00,131.41190848569659,295.0308422130068,-179.11249427343552,247.33025642526786
2026-03-10 05:45:00,131.41190848569659,-309.91483175598097,422.4115530965599,243.9086298262755
2026-03-10 06:00:00,131.41190848569659,310.29459014299806,-139.19666031174546,302.5098383169492
2026-03-10 06:15:00,131.41190848569659,342.7239605622701,-172.31891145705043,301.8169575909163
2026-03-10 06:30:00,131.41190848569659,333.8098496215172,-239.32044786003567,225.9013102471781
2026-03-10 06:45:00,131.41190848569659,352.94710053266226,-225.91285547717538,258.44615354118343
2026-03-10 07:00:00,131.41190848569659,342.17363935722966,-203.6756570095955,269.90989083333073
2026-03-10 07:15:00,131.41190848569659,361.17052685926353,-289.8418553758846,202.7405799690755
2026-03-10 07:30:00,131.41190848569659,402.9684540137148,-141.31420888556787,393.06615361384354
2026-03-10 07:45:00,131.41190848569659,-375.2734327500092,874.5220279090752,630.6605036447626
2026-03-10 08:00:00,209.11077104324164,494.8371234754884,-101.99114911672679,601.9567454020032
2026-03-10 08:15:00,209.11077104324164,420.0024293893338,-260.8629559656165,368.250244466959
2026-03-10 08:30:00,209.11077104324164,400.2629010578603,-201.11151745658435,408.2621546445175
2026-03-10 08:45:00,209.11077104324164,322.95640308903813,-153.0642537388949,379.0029203933849
2026-03-10 09:00:00,209.11077104324164,349.2902936810708,-89.018691134365,469.3823735899474
2026-03-10 09:15:00,209.11077104324164,344.63252382460814,-267.0354068403788,286.7078880274709
2026-03-10 09:30:00,209.11077104324164,370.6645393889563,-176.75173135938684,403.0235790728112
2026-03-10 09:45:00,209.11077104324164,326.7671297231047,-243.98633921484952,291.8915615514968
2026-03-10 10:00:00,209.11077104324164,-302.6173918700822,699.2404498954114,605.7338290685709
2026-03-10 10:15:00,209.11077104324164,304.88576551363144,-200.25821546652156,313.73832109035146
2026-03-10 10:30:00,209.11077104324164,280.572318944642,-204.4020167061655,285.28107328171814
2026-03-10 10:45:00,209.11077104324164,245.62695484316106,-22.7334310237905,432.0042948626122
2026-03-10 11:00:00,209.11077104324164,-229.58072800833838,347.8703018746113,327.40034490951456
2026-03-10 11:15:00,209.11077104324164,-97.35193505641813,199.48839671623503,311.24723270305856
2026-03-10 11:30:00,209.11077104324164,-215.2939253506254,353.99992510052755,347.8167707931438
2026-03-10 11:45:00,209.11077104324164,277.11772659101484,-140.28969287937804,345.93880475487845
2026-03-10 12:00:00,324.9145327953048,-235.34584987850957,333.8302250876051,423.3989080044003
2026-03-10 12:15:00,324.9145327953048,206.0997939945264,-112.44206358146683,418.5722632083644
2026-03-10 12:30:00,324.9145327953048,258.1296950111817,-144.3885210712408,438.65570673524576
2026-03-10 12:45:00,324.9145327953048,197.1069593479382,-108.55187716517335,413.46961497806967
2026-03-10 13:00:00,324.9145327953048,-247.1899369705513,462.88795933295916,540.6125551577127
2026-03-10 13:15:00,324.9145327953048,-274.2776655267832,495.1164901255749,545.7533573940965
2026-03-10 13:30:00,324.9145327953048,-216.60302479257894,373.6168219534772,481.9283299562031
2026-03-10 13:45:00,324.9145327953048,255.56554617838606,-184.2399553408985,396.24012363279235
2026-03-10 14:00:00,324.9145327953048,257.9590572854685,-104.1256899969519,478.7479000838214
2026-03-10 14:15:00,324.9145327953048,243.21526071945618,-164.85358452671446,403.2762089880465
2026-03-10 14:30:00,324.9145327953048,-233.24256867321333,406.92948555731334,498.6014496794048
2026-03-10 14:45:00,324.9145327953048,-196.82070466801656,373.53214527160543,501.6259733988937
2026-03-10 15:00:00,324.9145327953048,290.12656156704224,-182.36128592713905,432.679808435208
2026-03-10 15:15:00,324.9145327953048,250.75473877700392,-9.79375829679575,565.875513275513
2026-03-10 15:30:00,324.9145327953048,262.4896502020857,-152.17326143776168,435.2309215596289
2026-03-10 15:45:00,324.9145327953048,260.0833588369483,-57.8674426982368,527.1304489340164
2026-03-10 16:00:00,126.4098734407533,244.1776998903324,-135.2292016534072,235.35837167767852
2026-03-10 16:15:00,126.4098734407533,-229.3206400295716,421.67766835484116,318.7669017660229
2026-03-10 16:30:00,126.4098734407533,239.55728521871174,-146.19464452608486,219.77251413338018
2026-03-10 16:45:00,126.4098734407533,296.02126238352486,-122.4356820748466,299.9954537494316
2026-03-10 17:00:00,126.4098734407533,259.85931167578764,-150.91773645659617,235.35144865994477
2026-03-10 17:15:00,126.4098734407533,242.2211132393579,-138.14544232069676,230.4855443594144
2026-03-10 17:30:00,126.4098734407533,290.3293246726886,-105.37747314259991,311.361724970842
2026-03-10 17:45:00,126.4098734407533,334.7893287574984,-107.84728373270141,353.3519184655503
2026-03-10 18:00:00,126.4098734407533,281.4276000169397,272.0649919843269,679.90246544202
2026-03-10 18:15:00,126.4098734407533,365.00362226403234,-154.06015829427162,337.35333741051403
2026-03-10 18:30:00,126.4098734407533,397.46304122,-144.4568534062321,379.4160612545212
2026-03-10 18:45:00,126.4098734407533,447.3630774264087,-161.08470196003412,412.68824890712796
2026-03-10 19:00:00,126.4098734407533,515.0308515645598,-141.82612295842614,499.61460204688706
2026-03-10 19:15:00,126.4098734407533,487.2853732650102,-175.27435644535484,438.4208902604087
2026-03-10 19:30:00,126.4098734407533,447.36829248305344,-192.01362667324037,381.7645392505663
2026-03-10 19:45:00,126.4098734407533,400.6793621599478,-224.8603157877382,302.228919812963
2026-03-10 20:00:00,36.144873100165455,428.0310596603199,-219.1081923987033,245.06774036178206
2026-03-10 20:15:00,36.144873100165455,333.89253047081513,-232.74272793368246,137.29467563729813
2026-03-10 20:30:00,36.144873100165455,331.88265242438683,-267.9768670727598,100.05065845179251
2026-03-10 20:45:00,36.144873100165455,350.6142854277193,-222.98721623084492,163.77194229703986
2026-03-10 21:00:00,36.144873100165455,427.7120285940265,-105.48706370163316,358.3698379925588
2026-03-10 21:15:00,36.144873100165455,-339.1881482509254,472.5971360848628,169.5538609341029
2026-03-10 21:30:00,36.144873100165455,-352.56683767293043,808.9947519753839,492.5727874026189
2026-03-10 21:45:00,36.144873100165455,-312.68041701285824,663.3515047248715,386.8159608121787
2026-03-10 22:00:00,36.144873100165455,-367.12492846057046,781.5277958341936,450.5477404737886
2026-03-10 22:15:00,36.144873100165455,-294.30112205527587,804.2970024474799,546.1407534923695
2026-03-10 22:30:00,36.144873100165455,-319.21606553628345,822.1819884557906,539.1107960196725
2026-03-10 22:45:00,36.144873100165455,-284.7170886342269,773.2281133964716,524.6558978624101
2026-03-10 23:00:00,36.144873100165455,270.1573376899603,-235.60191154178992,70.70029924833582
2026-03-10 23:15:00,36.144873100165455,267.36453167332223,-149.59557506569448,153.9138297077932
2026-03-10 23:30:00,36.144873100165455,-227.17516320849938,456.2594623211668,265.22917221283285
2026-03-10 23:45:00,36.144873100165455,170.06001444972443,-53.3659972632705,152.8388902866194
2026-03-11 00:00:00,35.02426147718267,6.7295596338678605,-14.405209112507766,27.34861199854276
2026-03-11 00:15:00,35.02426147718267,32.21022431928069,-31.266527225485902,35.96795857097746
2026-03-11 00:30:00,35.02426147718267,-6.746195393738153,68.48352130770232,96.76158739114683
2026-03-11 00:45:00,35.02426147718267,19.566109745184256,72.3231957907885,126.91356701315543
2026-03-11 01:00:00,35.02426147718267,140.34257114052394,-62.50613261305616,112.86070000465045
2026-03-11 01:15:00,35.02426147718267,-63.457370938696386,291.7535014869956,263.3203920254819
2026-03-11 01:30:00,35.02426147718267,-103.21262841106433,463.72944384517075,395.5410769112891
2026-03-11 01:45:00,35.02426147718267,-31.611260283123556,204.8992027395087,208.31220393356782
2026-03-11 02:00:00,35.02426147718267,-125.50761326582447,364.45976529706047,273.97641350841866
2026-03-11 02:15:00,35.02426147718267,-66.27334744181947,81.6953199662804,50.446234001643596
2026-03-11 02:30:00,35.02426147718267,58.633937441838754,202.26270535299486,295.9209042720163
2026-03-11 02:45:00,35.02426147718267,-18.83710135532518,113.05470950396405,129.24186962582155
2026-03-11 03:00:00,35.02426147718267,-39.63130550255839,106.36524811592412,101.75820409054839
2026-03-11 03:15:00,35.02426147718267,-12.647395787937473,166.6939809484609,189.0708466377061
2026-03-11 03:30:00,35.02426147718267,36.92923735324274,44.04055046471755,115.99404929514296
2026-03-11 03:45:00,35.02426147718267,16.04960388683995,99.34451135807866,150.4183767221013
2026-03-11 04:00:00,116.93690848569659,-12.636099015983536,137.71414205733748,242.01495152705053
2026-03-11 04:15:00,116.93690848569659,21.733572470312616,49.41822507115178,188.08870602716098
2026-03-11 04:30:00,116.93690848569659,39.632929136694145,60.278846906866804,216.84868452925753
2026-03-11 04:45:00,116.93690848569659,22.314983339780383,89.70370987370089,228.95560169917786
2026-03-11 05:00:00,116.93690848569659,2.3434562503321392,43.83226641859669,163.11263115462543
2026-03-11 05:15:00,116.93690848569659,4.561809975110698,97.40718083292559,218.9058992937329
2026-03-11 05:30:00,116.93690848569659,16.38084221300685,30.136084418569585,163.45383511727303
2026-03-11 05:45:00,116.93690848569659,-17.714831755981,119.26494567629695,218.48702240601256
2026-03-11 06:00:00,116.93690848569659,-86.21829067948335,492.8246941010308,523.5433119072441
2026-03-11 06:15:00,116.93690848569659,-58.14896056227003,388.04551947012044,446.833467393547
2026-03-11 06:30:00,116.93690848569659,-72.75984962151723,528.2738046050102,572.4508634691896
2026-03-11 06:45:00,116.93690848569659,-59.47210053266225,551.1686203289331,608.6334282819674
2026-03-11 07:00:00,116.93690848569659,126.84863935722979,-114.04406457110515,129.7414832718212
2026-03-11 07:15:00,116.93690848569659,-101.84552685926352,116.78424125881347,131.87562288524654
2026-03-11 07:30:00,116.93690848569659,-109.0184540137148,301.08920554941886,309.0076600214006
2026-03-11 07:45:00,116.93690848569659,-141.44843275000906,233.4441838770731,208.93265961276063
2026-03-11 08:00:00,219.78577104324165,232.83712347548845,-31.31720588914619,421.3056886295839
2026-03-11 08:15:00,219.78577104324165,-145.5524293893338,280.3223847352307,354.5557263891385
2026-03-11 08:30:00,219.78577104324165,173.23790105786028,-30.37576497807991,362.64790712302204
2026-03-11 08:45:00,219.78577104324165,112.1064030890382,-31.939079265728246,299.95309486655157
2026-03-11 09:00:00,219.78577104324165,175.51529368107086,-37.71697927898151,357.58408544533097
2026-03-11 09:15:00,219.78577104324165,168.60752382460817,-23.85603657895426,364.53725828889554
2026-03-11 09:30:00,219.78577104324165,170.11453938895644,60.16024508650973,450.0605555187079
2026-03-11 09:45:00,219.78577104324165,89.94212972310473,56.325601075815975,366.05350184216235
2026-03-11 10:00:00,219.78577104324165,132.59239187008214,1289.951905730108,1642.3300686434318
2026-03-11 10:15:00,219.78577104324165,113.53576551363147,23.1447098247385,356.46624638161165
2026-03-11 10:30:00,219.78577104324165,61.59731894464198,1304.073479788391,1585.4565697762746
2026-03-11 10:45:00,219.78577104324165,15.626954843161041,1498.4567446076685,1733.8694704940713
2026-03-11 11:00:00,219.78577104324165,28.455728008338465,673.508900560505,921.7503996120852
2026-03-11 11:15:00,219.78577104324165,18.42377171859341,217.49731919103215,455.7068619528672
2026-03-11 11:30:00,219.78577104324165,15.343925350625398,321.7043551144805,556.8340515083476
2026-03-11 11:45:00,219.78577104324165,73.89272659101486,78.74360068898159,372.4220983232381
2026-03-11 12:00:00,351.0645327953048,23.470849878509526,96.75862773422668,471.294010408041
2026-03-11 12:15:00,351.0645327953048,6.150206005473665,79.19437580662108,436.4091146073995
2026-03-11 12:30:00,351.0645327953048,46.254695011181695,113.10278372245511,510.4220115289416
2026-03-11 12:45:00,351.0645327953048,-6.873153691515915,108.02471621412278,452.2160953179116
2026-03-11 13:00:00,351.0645327953048,61.164936970551196,48.170014457290605,460.3994842231466
2026-03-11 13:15:00,351.0645327953048,82.45266552678322,24.006686774241395,457.5238850963294
2026-03-11 13:30:00,351.0645327953048,33.678024792578945,63.07694038321959,447.8194979711033
2026-03-11 13:45:00,351.0645327953048,92.76554617838607,135.2706538231409,579.1007327968318
2026-03-11 14:00:00,351.0645327953048,80.78405728546844,99.38326748101704,531.2318575617902
2026-03-11 14:15:00,351.0645327953048,89.01526071945614,76.8506016303665,516.9303951451275
2026-03-11 14:30:00,351.0645327953048,79.64256867321329,104.73698497144724,535.4440864399653
2026-03-11 14:45:00,351.0645327953048,55.27070466801656,58.144917920362026,464.4801553836834
2026-03-11 15:00:00,351.0645327953048,130.1265615670423,43.53949277100228,524.7305871333493
2026-03-11 15:15:00,351.0645327953048,93.72973877700389,79.01265937801347,523.8069309503221
2026-03-11 15:30:00,351.0645327953048,107.48965020208573,37.634021105415,496.1882041028055
2026-03-11 15:45:00,351.0645327953048,134.4833588369483,74.12896021209781,559.676851844351
2026-03-11 16:00:00,147.4098734407533,89.17769989033235,59.36199785932935,295.949571190415
2026-03-11 16:15:00,147.4098734407533,96.47064002957158,49.26053095559044,293.1410444259153
2026-03-11 16:30:00,147.4098734407533,131.40728521871168,62.85196282861172,341.6691214880767
2026-03-11 16:45:00,147.4098734407533,182.5212623835248,34.83301744278973,364.76415326706785
2026-03-11 17:00:00,147.4098734407533,172.35931167578764,98.56095099180827,418.3301361083492
2026-03-11 17:15:00,147.4098734407533,200.0711132393579,42.347970411287555,389.82895709139876
2026-03-11 17:30:00,147.4098734407533,254.17932467268867,32.57834071475587,434.16753882819785
2026-03-11 17:45:00,147.4098734407533,306.78932875749837,-57.01276931498927,397.1864328832624
2026-03-11 18:00:00,147.4098734407533,214.12760001693968,-100.8659002471579,260.67157321053503
2026-03-11 18:15:00,147.4098734407533,320.5036222640324,-75.2176828897293,392.6958128150564
2026-03-11 18:30:00,147.4098734407533,357.41304121999985,-57.66265916892657,447.1602554918266
2026-03-11 18:45:00,147.4098734407533,386.4380774264088,-93.33787289841898,440.51007796874313
2026-03-11 19:00:00,147.4098734407533,366.0808515645598,-85.88883539453127,427.6018896107819
2026-03-11 19:15:00,147.4098734407533,390.48537326501,-86.71357878783544,451.18166791792794
2026-03-11 19:30:00,147.4098734407533,364.7432924830532,-95.18900761066062,416.96415831314584
2026-03-11 19:45:00,147.4098734407533,367.8293621599477,-147.74700274021615,367.4922328604849
2026-03-11 20:00:00,92.73353920615271,371.6310596603199,-72.63352826719218,391.7310705992805
2026-03-11 20:15:00,92.73353920615271,356.4675304708152,-158.10287394132888,291.098195735639
2026-03-11 20:30:00,92.73353920615271,274.3576524243869,-109.20735376233054,257.88383786820907
2026-03-11 20:45:00,92.73353920615271,273.1392854277194,-85.96462542164687,279.90819921222527
2026-03-11 21:00:00,92.73353920615271,-223.46202859402632,389.16855554294756,258.44006615507396
2026-03-11 21:15:00,92.73353920615271,265.5167844548819,-86.45584546727255,271.7944781937621
2026-03-11 21:30:00,92.73353920615271,247.64183767293025,-124.45542655066126,215.91995032842172
2026-03-11 21:45:00,92.73353920615271,235.73041701285825,-101.28135347738305,227.18260274162793
2026-03-11 22:00:00,92.73353920615271,-182.1999284605704,365.51602574761904,276.0496364932014
2026-03-11 22:15:00,92.73353920615271,184.22612205527594,-59.2984567251954,217.66120453623327
2026-03-11 22:30:00,92.73353920615271,317.9910655362833,-117.45525698088571,293.2693477615503
2026-03-11 22:45:00,92.73353920615271,289.76708863422687,-50.922271846425055,331.5783559939545
2026-03-11 23:00:00,92.73353920615271,223.20207008925402,14.468858840844854,330.4044681362516
2026-03-11 23:15:00,92.73353920615271,223.36453167332218,-50.734700858908084,265.36337002056683
2026-03-11 23:30:00,92.73353920615271,234.82516320849942,-39.10373573056967,288.4549666840825
2026-03-11 23:45:00,92.73353920615271,200.3350144497245,-7.203551147258571,285.86500250861866
2026-03-12 00:00:00,46.28676147718266,263.9022183237561,-346.042406018155,-35.85342621721628
2026-03-12 00:15:00,46.28676147718266,220.86022431928063,-274.92248211806384,-7.775496321600542
2026-03-12 00:30:00,46.28676147718266,-184.32119539373818,335.60230988655263,197.56787596999712
2026-03-12 00:45:00,46.28676147718266,-76.05889025481574,193.6706451817314,163.89851640409833
2026-03-12 01:00:00,46.28676147718266,242.56757114052385,-163.29664080348957,125.55769181421695
2026-03-12 01:15:00,46.28676147718266,205.15737093869637,-124.12098010501347,127.32315231086557
2026-03-12 01:30:00,46.28676147718266,211.7376284110643,-58.28094150278887,199.7434483854581
2026-03-12 01:45:00,46.28676147718266,-184.71126028312358,325.8748061660278,187.45030736008687
2026-03-12 02:00:00,46.28676147718266,239.28261326582447,-65.32487481348821,220.24449992951892
2026-03-12 02:15:00,46.28676147718266,183.32334744181946,-126.05394963007868,103.55615928892345
2026-03-12 02:30:00,46.28676147718266,230.00893744183873,15.46258663759026,291.75828555661167
2026-03-12 02:45:00,46.28676147718266,188.31210135532518,-177.96196783978326,56.63689499272459
2026-03-12 03:00:00,46.28676147718266,163.73130550255843,-86.9351057911894,123.08296118855169
2026-03-12 03:15:00,46.28676147718266,-157.27239578793743,225.77171268618977,114.78607837543501
2026-03-12 03:30:00,46.28676147718266,-124.74576264675726,344.9912079478193,266.5322067782447
2026-03-12 03:45:00,46.28676147718266,-136.30039611316005,365.8826381010521,275.86900346507474
2026-03-12 04:00:00,94.18690848569656,194.48609901598354,-97.26146701630852,191.41154048537157
2026-03-12 04:15:00,94.18690848569656,133.54142752968738,-111.52637769683277,116.20195831855118
2026-03-12 04:30:00,94.18690848569656,-111.54207086330587,193.73674582807897,176.38158345046966
2026-03-12 04:45:00,94.18690848569656,-145.81001666021962,509.6391950669903,458.01608689246723
2026-03-12 05:00:00,94.18690848569656,170.8307236518906,-115.57758687892715,149.44004525866
2026-03-12 05:15:00,94.18690848569656,150.18819002488925,-59.512041114733634,184.8630573958522
2026-03-12 05:30:00,94.18690848569656,-105.7350359305986,185.0327690560085,173.48464161110647
2026-03-12 05:45:00,94.18690848569656,159.88983175598105,-135.7381296787551,118.33861056292253
2026-03-12 06:00:00,94.18690848569656,-191.7682906794833,479.4030032871916,381.8216210934049
2026-03-12 06:15:00,94.18690848569656,-11.450001787820483,107.42495188474057,190.16185858261665
2026-03-12 06:30:00,94.18690848569656,-240.40984962151722,374.78075517852255,228.5578140427019
2026-03-12 06:45:00,94.18690848569656,257.9221005326623,-86.00794075855976,266.1010682597991
2026-03-12 07:00:00,94.18690848569656,-251.67363935722977,471.59386078365605,314.10712991212284
2026-03-12 07:15:00,94.18690848569656,232.52052685926358,-131.47017193369987,195.23726341126024
2026-03-12 07:30:00,94.18690848569656,249.79345401371484,-63.06590878910195,280.91445371030943
2026-03-12 07:45:00,94.18690848569656,277.2484327500091,-114.35241300862404,257.08292822708165
2026-03-12 08:00:00,108.3186405663635,335.08712347548845,-64.02816204560622,379.37760199624574
2026-03-12 08:15:00,108.3186405663635,228.1274293893338,-54.907942702940865,281.5381272527564
2026-03-12 08:30:00,108.3186405663635,230.88790105786023,-51.48031307850117,287.72622854572256
2026-03-12 08:45:00,108.3186405663635,-141.6064030890382,289.81762522603196,256.52986270335725
2026-03-12 09:00:00,108.3186405663635,197.44029368107084,-23.078736906963176,282.6801973404712
2026-03-12 09:15:00,108.3186405663635,153.48252382460814,2.3737323039033376,264.174896694875
2026-03-12 09:30:00,108.3186405663635,107.61453938895642,159.3163375749951,375.249517530315
2026-03-12 09:45:00,108.3186405663635,54.94212972310471,543.4456810765862,706.7064513660544
2026-03-12 10:00:00,108.3186405663635,71.01739187008212,829.2607775630088,1008.5968099994544
2026-03-12 10:15:00,108.3186405663635,33.53576551363147,713.2092640849282,855.0636701649232
2026-03-12 10:30:00,108.3186405663635,1.3223189446419852,330.62485315387335,440.2658126648788
2026-03-12 10:45:00,108.3186405663635,-16.82304515683896,1935.8361187029209,2027.3317141124455
2026-03-12 11:00:00,108.3186405663635,-39.019271991661526,1569.2221799074646,1638.5215484821665
2026-03-12 11:15:00,108.3186405663635,-27.17622828140658,470.81854528617185,551.9609575711288
2026-03-12 11:30:00,108.3186405663635,31.656074649374606,-1.5070789977325236,138.4676362180056
2026-03-12 11:45:00,108.3186405663635,35.742726591014865,151.57016370669237,295.6315308640707
2026-03-12 12:00:00,195.91453279530475,14.654150121490474,45.60539830486736,256.1740812216626
2026-03-12 12:15:00,195.91453279530475,-43.90020600547367,163.61911645827544,315.6334432481065
2026-03-12 12:30:00,195.91453279530475,8.1046950111817,91.3032190293778,295.32244683586424
2026-03-12 12:45:00,195.91453279530475,26.471241250990964,70.79213129067685,293.1779053369726
2026-03-12 13:00:00,195.91453279530475,8.3899369705512,72.441589943347,276.74605970920294
2026-03-12 13:15:00,195.91453279530475,-36.00266552678323,112.74505980715892,272.6569270756804
2026-03-12 13:30:00,195.91453279530475,8.666920865182375,76.27440236518653,280.85585602567363
2026-03-12 13:45:00,195.91453279530475,18.265546178386057,156.8030546461215,370.9831336198123
2026-03-12 14:00:00,195.91453279530475,20.00905728546847,111.8877842135126,327.8113742942858
2026-03-12 14:15:00,195.91453279530475,0.23672851770793776,76.66468334766992,272.8159446606826
2026-03-12 14:30:00,195.91453279530475,8.1074313267867,66.62691365380473,270.64887777589615
2026-03-12 14:45:00,195.91453279530475,41.129295331983414,93.85187634380677,330.895704471095
2026-03-12 15:00:00,195.91453279530475,40.1015615670423,80.01795544847901,316.03404981082605
2026-03-12 15:15:00,195.91453279530475,-0.4523266848362531,96.12959329591067,291.59179940637915
2026-03-12 15:30:00,195.91453279530475,12.464650202085728,51.73933158077408,260.11851457816454
2026-03-12 15:45:00,195.91453279530475,10.0833588369483,46.74815289056444,252.7460445228175
2026-03-12 16:00:00,106.80987344075331,5.847300109667649,222.57512720718228,335.23230075760324
2026-03-12 16:15:00,106.80987344075331,20.70435997042842,260.98595594028865,388.50018935147034
2026-03-12 16:30:00,106.80987344075331,18.592714781288308,56.84084332219155,182.24343154423318
2026-03-12 16:45:00,106.80987344075331,-7.546262383524862,125.99930517147475,225.2629162287032
2026-03-12 17:00:00,106.80987344075331,-17.359311675787666,351.8530839156932,441.30364568065886
2026-03-12 17:15:00,106.80987344075331,21.728886760642094,633.9289542524352,762.4677144538307
2026-03-12 17:30:00,106.80987344075331,-44.554324672688594,74.74661586940432,137.00216463746904
2026-03-12 17:45:00,106.80987344075331,129.2393287574984,-118.85557584896227,117.19362634928945
2026-03-12 18:00:00,106.80987344075331,-55.17760001693968,174.28108213010054,225.9133555539142
2026-03-12 18:15:00,106.80987344075331,-220.5036222640324,705.8073008973464,592.1135520740673
2026-03-12 18:30:00,106.80987344075331,-257.46304122000004,542.1397823702232,391.4866145909765
2026-03-12 18:45:00,106.80987344075331,243.23807742640884,-124.6826876893693,225.36526317779288
2026-03-12 19:00:00,106.80987344075331,273.55585156455976,-69.60507916465833,310.7606458406547
2026-03-12 19:15:00,106.80987344075331,287.26037326501006,-113.1178991863989,280.9523475193644
2026-03-12 19:30:00,106.80987344075331,-17.29092821246113,153.49163518902816,243.01058041732034
2026-03-12 19:45:00,106.80987344075331,244.42936215994774,-96.42288624551374,254.8163493551873
2026-03-12 20:00:00,152.1585392061527,263.08105966031985,-111.66893243354987,303.5706664329227
2026-03-12 20:15:00,152.1585392061527,226.86753047081515,-0.5741228030244281,378.4519468739434
2026-03-12 20:30:00,152.1585392061527,164.65765242438687,-60.623896159906465,256.19229547063316
2026-03-12 20:45:00,152.1585392061527,-134.0392854277194,298.50994116544257,316.62919494387586
2026-03-12 21:00:00,152.1585392061527,242.48702859402636,-42.60707180580635,352.0384959943727
2026-03-12 21:15:00,152.1585392061527,197.26678445488182,31.89975820347098,381.32508186450553
2026-03-12 21:30:00,152.1585392061527,-136.5168376729303,269.63109687998593,285.2727984132083
2026-03-12 21:45:00,152.1585392061527,-32.480417012858254,149.92649700675017,269.6046192000446
2026-03-12 22:00:00,152.1585392061527,-155.5249284605704,248.37968979669313,245.01330054227543
2026-03-12 22:15:00,152.1585392061527,-72.5511220552759,162.1453488183492,241.752765969226
2026-03-12 22:30:00,152.1585392061527,175.51606553628335,-46.23734659123447,281.43725815120155
2026-03-12 22:45:00,152.1585392061527,-115.7920886342269,302.38811801665645,338.7545685885823
2026-03-12 23:00:00,152.1585392061527,123.08233768996026,-10.807933887657011,264.432943008456
2026-03-12 23:15:00,152.1585392061527,69.4145316733222,69.32262319506569,290.89569407454064
2026-03-12 23:30:00,152.1585392061527,-64.77516320849935,187.6214639184682,275.00483991612157
2026-03-12 23:45:00,152.1585392061527,25.535014449724486,60.3474826308268,238.041036286704
2026-03-13 00:00:00,40.32426147718266,34.227218323756055,-4.584788699336427,69.9666911016023
2026-03-13 00:15:00,40.32426147718266,13.060224319280687,307.20067317203257,360.58515896849593
2026-03-13 00:30:00,40.32426147718266,11.696195393738162,244.97569986536783,296.99615673628864
2026-03-13 00:45:00,40.32426147718266,12.99110974518426,67.47953756337078,120.7949087857377
2026-03-13 01:00:00,40.32426147718266,41.99257114052392,60.736278062898556,143.05311068060513
2026-03-13 01:15:00,40.32426147718266,4.5925653739892915,86.63121998465445,131.5480468358264
2026-03-13 01:30:00,40.32426147718266,13.137628411064311,170.97733962836526,224.43922951661222
2026-03-13 01:45:00,40.32426147718266,31.88626028312356,100.07171615046589,172.2822379107721
2026-03-13 02:00:00,40.32426147718266,55.80761326582446,55.87847831448555,152.01035305749267
2026-03-13 02:15:00,40.32426147718266,31.323347441819465,83.4257164716364,155.07332539063853
2026-03-13 02:30:00,40.32426147718266,35.85893744183875,130.8573132268937,207.0405121459151
2026-03-13 02:45:00,40.32426147718266,16.21210135532518,68.69205291901956,125.2284157515274
2026-03-13 03:00:00,40.32426147718266,1.618694497441595,168.3097218209777,210.25267779560195
2026-03-13 03:15:00,40.32426147718266,-7.247395787937474,66.25292588555553,99.32979157480071
2026-03-13 03:30:00,40.32426147718266,35.579237353242746,46.52213877550312,122.42563760592853
2026-03-13 03:45:00,40.32426147718266,0.145957997456568,76.51097529516696,116.9811947698062
2026-03-13 04:00:00,52.81190848569657,16.611099015983545,98.90258237110605,168.32558987278617
2026-03-13 04:15:00,52.81190848569657,21.658572470312617,64.28879992482857,138.75928088083776
2026-03-13 04:30:00,52.81190848569657,37.38292913669414,92.85762496975413,183.05246259214482
2026-03-13 04:45:00,52.81190848569657,22.239983339780384,99.69866030318028,174.75055212865723
2026-03-13 05:00:00,52.81190848569657,-6.9807236518905675,77.48474894906889,123.3159337828749
2026-03-13 05:15:00,52.81190848569657,-0.4868099751107029,154.42239135637902,206.74748986696488
2026-03-13 05:30:00,52.81190848569657,9.380842213006856,106.45603552095614,168.64878621965957
2026-03-13 05:45:00,52.81190848569657,15.85869999557766,59.756780749770336,128.42738923104457
2026-03-13 06:00:00,52.81190848569657,-31.143290679483336,116.27888181915516,137.94749962536838
2026-03-13 06:15:00,52.81190848569657,-34.44896056227004,157.3556217943212,175.71856971774773
2026-03-13 06:30:00,52.81190848569657,-19.784849621517242,130.52677982726348,163.55383869144282
2026-03-13 06:45:00,52.81190848569657,35.97210053266227,79.9430544236825,168.72706344204133
2026-03-13 07:00:00,52.81190848569657,-47.42119259877857,106.67506717356335,112.06578306048135
2026-03-13 07:15:00,52.81190848569657,16.770526859263526,43.25213449987274,112.83456984483283
2026-03-13 07:30:00,52.81190848569657,-54.86845401371481,154.36722692051572,152.3106813924975
2026-03-13 07:45:00,52.81190848569657,-82.49843275000907,275.23846643507716,245.55194217076465
2026-03-13 08:00:00,129.06077104324163,-148.21212347548845,400.8314593188445,381.6801068865977
2026-03-13 08:15:00,129.06077104324163,-53.20242938933379,443.8847585734458,519.7431002273537
2026-03-13 08:30:00,129.06077104324163,-72.81290105786029,293.2237907459286,349.47166073130995
2026-03-13 08:45:00,129.06077104324163,3.0834031910640367,18.88333841957165,151.02751265387732
2026-03-13 09:00:00,129.06077104324163,-40.290293681070835,186.779142101262,275.5496194634328
2026-03-13 09:15:00,129.06077104324163,-13.482523824608169,144.85101319595708,260.42926041459054
2026-03-13 09:30:00,129.06077104324163,33.79392297725241,34.58846375502843,197.44315777552248
2026-03-13 09:45:00,129.06077104324163,29.055795400553286,58.70028066381572,216.8168471076106
2026-03-13 10:00:00,129.06077104324163,5.942391870082117,230.1503750647752,365.15353797809894
2026-03-13 10:15:00,129.06077104324163,36.78576551363146,38.0687665887911,203.9153031456642
2026-03-13 10:30:00,129.06077104324163,18.79731894464199,72.22768896801884,220.08577895590247
2026-03-13 10:45:00,129.06077104324163,-16.748045156838963,100.1027122821389,212.41543816854156
2026-03-13 11:00:00,129.06077104324163,34.994271991661535,58.617798282206266,222.67284131710943
2026-03-13 11:15:00,129.06077104324163,25.951228281406593,51.19612384773282,206.20812317238105
2026-03-13 11:30:00,129.06077104324163,12.9810746493746,79.32343177950442,221.36527747212062
2026-03-13 11:45:00,129.06077104324163,62.16772659101486,60.949133293702744,252.17763092795923
2026-03-13 12:00:00,140.88953279530477,2.290794208554556,51.42393415045077,194.6042611543101
2026-03-13 12:15:00,140.88953279530477,-12.824793994526345,134.13634291125956,262.201081712038
2026-03-13 12:30:00,140.88953279530477,-65.62969501118171,240.0709135197797,315.3307513039028
2026-03-13 12:45:00,140.88953279530477,-8.223153691515911,146.66424177575732,279.3306208795462
2026-03-13 13:00:00,140.88953279530477,-35.16493697055119,226.40821486138037,332.13281068613395
2026-03-13 13:15:00,140.88953279530477,-57.65266552678324,431.1598930852314,514.3967603537529
2026-03-13 13:30:00,140.88953279530477,19.94697520742105,1087.9431069887316,1248.7796149914575
2026-03-13 13:45:00,140.88953279530477,-24.54054617838605,1289.428884643216,1405.7778712601346
2026-03-13 14:00:00,140.88953279530477,-46.734057285468474,370.04209907179256,464.1975745816288
2026-03-13 14:15:00,140.88953279530477,-33.26526071945616,97.56039353995466,205.18466561580328
2026-03-13 14:30:00,140.88953279530477,-25.7175686732133,166.71414963491648,281.88611375700793
2026-03-13 14:45:00,140.88953279530477,13.654295331983416,248.06841618470898,402.6122443119972
2026-03-13 15:00:00,140.88953279530477,-81.30156156704228,61.825550316984014,121.41352154524651
2026-03-13 15:15:00,140.88953279530477,-75.47973877700389,292.9755428880431,358.385336906344
2026-03-13 15:30:00,140.88953279530477,-60.21465020208573,300.7648810241211,381.4397636173402
2026-03-13 15:45:00,140.88953279530477,-89.6583588369483,263.9406326660771,315.17180662443354
2026-03-13 16:00:00,52.16456384673458,-39.17769989033236,242.69441670792463,255.68128066432683
2026-03-13 16:15:00,52.16456384673458,-69.22064002957157,43.97327203784001,26.917195855003023
2026-03-13 16:30:00,52.16456384673458,-46.6572852187117,94.09017561356907,99.59745424159195
2026-03-13 16:45:00,52.16456384673458,-113.04626238352485,57.99497093769064,-2.886727599099629
2026-03-13 17:00:00,52.16456384673458,-141.78431167578762,1522.6879533320143,1433.0682055029613
2026-03-13 17:15:00,52.16456384673458,-118.9461132393579,1316.7026289644386,1249.9210795718154
2026-03-13 17:30:00,52.16456384673458,-229.6293246726886,58.737642393930365,-118.72711843202364
2026-03-13 17:45:00,52.16456384673458,-319.7643287574984,156.9486372738618,-110.65112763690203
2026-03-13 18:00:00,52.16456384673458,-111.07760001693964,916.5644892040651,857.6514530338601
2026-03-13 18:15:00,52.16456384673458,-273.1036222640324,675.433534031193,454.49447561389513
2026-03-13 18:30:00,52.16456384673458,-273.48804122,769.0795931981993,547.7561158249339
2026-03-13 18:45:00,52.16456384673458,-298.58807742640886,1779.2943231244233,1532.870809544749
2026-03-13 19:00:00,52.16456384673458,-350.75585156455975,1281.2622639795384,982.6709762617132
2026-03-13 19:15:00,52.16456384673458,-408.1853732650102,1623.2744523376316,1267.253642919356
2026-03-13 19:30:00,52.16456384673458,-373.09329248305335,1526.3753437902599,1205.4466151539411
2026-03-13 19:45:00,52.16456384673458,-350.17936215994774,930.3502670491218,632.3354687359086
2026-03-13 20:00:00,34.54487310016545,-399.35605966031983,1411.9163282008626,1047.105141640708
2026-03-13 20:15:00,34.54487310016545,-340.8425304708152,1640.6346519101,1334.3369945394502
2026-03-13 20:30:00,34.54487310016545,-198.03265242438692,1437.9523261692807,1274.4645468450592
2026-03-13 20:45:00,34.54487310016545,-201.41428542771936,1643.1890097286391,1476.3195974010853
2026-03-13 21:00:00,34.54487310016545,-309.81202859402623,1533.1800000544629,1257.912844560602
2026-03-13 21:15:00,34.54487310016545,-240.4917844548819,1281.0117284495973,1075.0648170948807
2026-03-13 21:30:00,34.54487310016545,229.99183767293027,-322.5960300660719,-58.05931929297617
2026-03-13 21:45:00,34.54487310016545,219.6804170128583,-210.2278990494061,43.99739106361764
2026-03-13 22:00:00,34.54487310016545,-273.17492846057036,1596.2641851733672,1357.6341298129623
2026-03-13 22:15:00,34.54487310016545,202.8261220552759,-247.39330667490603,-10.022311519464694
2026-03-13 22:30:00,34.54487310016545,-328.7910655362834,1386.38873014494,1092.142537708822
2026-03-13 22:45:00,34.54487310016545,-310.11708863422695,1447.1418206875608,1171.5696051534992
2026-03-13 23:00:00,34.54487310016545,-360.9823376899602,1443.6915535154171,1117.2540889256225
2026-03-13 23:15:00,34.54487310016545,302.2395316733222,-443.7653017621007,-106.9808969886131
2026-03-13 23:30:00,34.54487310016545,-272.52516320849935,1590.004785500343,1352.024495392009
2026-03-13 23:45:00,34.54487310016545,248.18501444972443,-120.57361563833706,162.15627191155284
2026-03-14 00:00:00,54.63676147718266,-321.6272183237561,802.8466984151447,535.8562415685712
2026-03-14 00:15:00,54.63676147718266,292.53522431928064,-462.70632612521047,-115.53434032874713
2026-03-14 00:30:00,54.63676147718266,-261.07119539373815,963.9432227783584,757.5087888618029
2026-03-14 00:45:00,54.63676147718266,237.98389025481572,-339.15499808876257,-46.53434635676422
2026-03-14 01:00:00,54.63676147718266,304.26757114052396,-244.04020834554248,114.8641242721641
2026-03-14 01:15:00,54.63676147718266,275.6823709386964,-189.1254527111435,141.19367970473553
2026-03-14 01:30:00,54.63676147718266,271.0876284110643,-130.1045249158416,195.61986497240534
2026-03-14 01:45:00,54.63676147718266,279.61126028312356,-112.51704354347162,221.73097821683456
2026-03-14 02:00:00,54.63676147718266,317.0826132658245,-54.80213474931789,316.9172399936893
2026-03-14 02:15:00,54.63676147718266,287.32334744181946,-27.188037484069287,314.7720714349328
2026-03-14 02:30:00,54.63676147718266,283.7339374418388,-10.291982258273716,328.0787166607478
2026-03-14 02:45:00,54.63676147718266,260.28710135532515,134.83528003612423,449.759142868632
2026-03-14 03:00:00,54.63676147718266,180.65630550255838,421.1999245195934,656.4929914993345
2026-03-14 03:15:00,54.63676147718266,189.22239578793747,956.232470399106,1200.091627664226
2026-03-14 03:30:00,54.63676147718266,167.19576264675726,106.82138472606735,328.65390885000727
2026-03-14 03:45:00,54.63676147718266,177.90039611316,14.48162735755928,247.01878494790196
2026-03-14 04:00:00,55.43690848569658,229.1110990159836,39.81160818637529,324.35961568805544
2026-03-14 04:15:00,55.43690848569658,196.11642752968743,-25.871354467243123,225.68198154814087
2026-03-14 04:30:00,55.43690848569658,171.11707086330586,1.5815193801079936,228.13549872911042
2026-03-14 04:45:00,55.43690848569658,195.5350166602196,32.74337229018665,283.71529743610284
2026-03-14 05:00:00,55.43690848569658,262.5307236518906,22.93036204612998,340.8979941837171
2026-03-14 05:15:00,55.43690848569658,263.7631900248893,72.15260499980553,391.3527035103914
2026-03-14 05:30:00,55.43690848569658,239.38084221300682,35.64744738776226,330.46519808646565
2026-03-14 05:45:00,55.43690848569658,292.2898317559811,-2.1216515490953354,345.6050886925823
2026-03-14 06:00:00,55.43690848569658,268.2682906794833,-1.71016144896736,321.9950377162125
2026-03-14 06:15:00,55.43690848569658,256.12396056227004,5.6105728093969365,317.17144185736356
2026-03-14 06:30:00,55.43690848569658,265.93484962151723,-5.1351245366565275,316.2366335705573
2026-03-14 06:45:00,55.43690848569658,282.0471005326623,-12.03324180704208,325.45076721131676
2026-03-14 07:00:00,55.43690848569658,-256.87363935722976,653.7832240123628,452.3464931408296
2026-03-14 07:15:00,55.43690848569658,87.43555038718793,41.16713078830283,184.03958966118734
2026-03-14 07:30:00,55.43690848569658,-267.9684540137148,572.3395805710143,359.80803504299604
2026-03-14 07:45:00,55.43690848569658,289.9734327500091,-216.155508664484,129.2548325712217
2026-03-14 08:00:00,153.21077104324164,276.1871234754884,-118.62042255883034,310.7774719598997
2026-03-14 08:15:00,153.21077104324164,-292.4274293893338,450.95773387972,311.74107553362785
2026-03-14 08:30:00,153.21077104324164,344.13790105786035,-115.99936522626078,381.3493068748412
2026-03-14 08:45:00,153.21077104324164,318.3564030890382,-109.98969917444731,361.5774749578326
2026-03-14 09:00:00,153.21077104324164,281.4402936810708,-44.73932360484609,389.9117411194663
2026-03-14 09:15:00,153.21077104324164,324.58252382460813,-197.05352785673057,280.7397670111192
2026-03-14 09:30:00,153.21077104324164,331.51453938895634,-122.73513223175789,361.99017820044
2026-03-14 09:45:00,153.21077104324164,291.5421297231047,-82.68639821750854,362.0665025488378
2026-03-14 10:00:00,153.21077104324164,289.7923918700821,-77.70172469498831,365.3014382183354
2026-03-14 10:15:00,153.21077104324164,305.5857655136315,-108.91604020805767,349.8804963488154
2026-03-14 10:30:00,153.21077104324164,269.12231894464196,-36.36386835075035,385.9692216371332
2026-03-14 10:45:00,153.21077104324164,-185.85195484316105,308.1374849411547,275.4963011412353
2026-03-14 11:00:00,153.21077104324164,152.38072800833845,-50.30122753964278,255.29027151193728
2026-03-14 11:15:00,153.21077104324164,147.4487717185934,-37.1331763793725,263.5263663824625
2026-03-14 11:30:00,153.21077104324164,165.99392535062537,-44.58182559619663,274.62287079767043
2026-03-14 11:45:00,153.21077104324164,265.2927265910148,-49.31050240778637,369.19299522647003
2026-03-14 12:00:00,168.2145327953048,-209.67084987850953,301.25194007632365,259.7956229931189
2026-03-14 12:15:00,168.2145327953048,177.77479399452633,19.327561976010095,365.3168887658412
2026-03-14 12:30:00,168.2145327953048,271.3546950111817,50.24186031730837,489.8110881237949
2026-03-14 12:45:00,168.2145327953048,171.52315369151592,57.84920053925106,397.5868870260718
2026-03-14 13:00:00,168.2145327953048,232.21493697055124,39.00331043322864,439.4327801990847
2026-03-14 13:15:00,168.2145327953048,221.7776655267832,9.309948470900233,399.30214679298825
2026-03-14 13:30:00,168.2145327953048,151.8780247925789,129.10519480830726,449.19775239619094
2026-03-14 13:45:00,168.2145327953048,150.04054617838602,362.0317263531518,680.2868053268426
2026-03-14 14:00:00,168.2145327953048,245.98405728546845,82.42249620965814,496.6210862904313
2026-03-14 14:15:00,168.2145327953048,190.09026071945618,54.703199835259966,413.0079933500209
2026-03-14 14:30:00,168.2145327953048,143.89256867321328,57.472887847799335,369.5799893163174
2026-03-14 14:45:00,168.2145327953048,117.0707046680166,43.89962418433426,329.1848616476556
2026-03-14 15:00:00,168.2145327953048,160.87656156704227,69.14989066490382,398.2409850272509
2026-03-14 15:15:00,168.2145327953048,220.05473877700393,329.87179487425504,718.1410664465639
2026-03-14 15:30:00,168.2145327953048,118.11465020208573,268.27751035211224,554.6066933495027
2026-03-14 15:45:00,168.2145327953048,215.75835883694828,289.994116014313,673.9670076465661
2026-03-14 16:00:00,147.4098734407533,90.65269989033237,509.007532119428,747.0701054505137
2026-03-14 16:15:00,147.4098734407533,215.29564002957156,323.7187796714623,686.4242931417871
2026-03-14 16:30:00,147.4098734407533,257.8822852187117,346.2593918923154,751.5515505517803
2026-03-14 16:45:00,147.4098734407533,186.39626238352486,-22.600397847218666,311.20573797705947
2026-03-14 17:00:00,147.4098734407533,195.48431167578764,-54.5630201603938,288.3311649561471
2026-03-14 17:15:00,147.4098734407533,279.2461132393579,-14.916602558892805,411.7393841212184
2026-03-14 17:30:00,147.4098734407533,245.27932467268855,-66.0929249853913,326.5962731280506
2026-03-14 17:45:00,147.4098734407533,319.58932875749844,-81.8313454338294,385.16785676442237
2026-03-14 18:00:00,147.4098734407533,323.5526000169397,-107.1837957181203,363.77867773957274
2026-03-14 18:15:00,147.4098734407533,391.5286222640324,-151.95103400900717,386.98746169577856
2026-03-14 18:30:00,147.4098734407533,438.8630412199999,-58.49572511214272,527.7771895486105
2026-03-14 18:45:00,147.4098734407533,444.6880774264088,-160.22551125380662,431.8724396133555
2026-03-14 19:00:00,147.4098734407533,432.28085156455984,-101.05328025635046,478.6374447489627
2026-03-14 19:15:00,147.4098734407533,-433.1353732650101,848.5466316902515,562.8211318659946
2026-03-14 19:30:00,147.4098734407533,-373.5182924830532,665.3930131291987,439.28459408689884
2026-03-14 19:45:00,147.4098734407533,363.05436215994774,-309.65189147101864,200.8123441296824
2026-03-14 20:00:00,93.7585392061527,430.0310596603199,-167.5401712360656,356.249427630407
2026-03-14 20:15:00,93.7585392061527,396.9425304708151,-307.12440912826867,183.57666054869912
2026-03-14 20:30:00,93.7585392061527,306.8076524243869,-309.44645961704435,91.11973201349525
2026-03-14 20:45:00,93.7585392061527,294.5392854277194,-177.43387812328825,210.86394651058384
2026-03-14 21:00:00,93.7585392061527,-391.8120285940263,620.144967790119,322.09147840224546
2026-03-14 21:15:00,93.7585392061527,335.91678445488185,-232.59920480843806,197.0761188525965
2026-03-14 21:30:00,93.7585392061527,355.99183767293033,-246.81292004990027,202.93745682918276
2026-03-14 21:45:00,93.7585392061527,356.90541701285827,-257.737618813725,192.92633740528595
2026-03-14 22:00:00,93.7585392061527,-362.37492846057046,593.1134732495736,324.4970839951559
2026-03-14 22:15:00,93.7585392061527,299.526122055276,-164.6788172772478,228.60584398418092
2026-03-14 22:30:00,93.7585392061527,367.0660655362833,-189.15660236269053,271.6680023797455
2026-03-14 22:45:00,93.7585392061527,-340.117088634227,654.1586989479601,407.80014951988585
2026-03-14 23:00:00,93.7585392061527,-375.78233768996023,596.46433257115,314.4405340873424
2026-03-14 23:15:00,93.7585392061527,341.3395316733222,-161.9450119091131,273.1530589703618
2026-03-14 23:30:00,93.7585392061527,307.32516320849936,-94.11397890052828,306.96972351412376
2026-03-14 23:45:00,93.7585392061527,280.8100144497246,-15.292960809247841,359.2755928466294
2026-03-15 00:00:00,37.46176147718266,362.402218323756,-447.8019472488569,-47.9379674479182
2026-03-15 00:15:00,37.46176147718266,300.9297526987321,-377.2244457978253,-38.83293162191052
2026-03-15 00:30:00,37.46176147718266,155.9081983621418,36.800428531997376,230.17038837132182
2026-03-15 00:45:00,37.46176147718266,294.2838902548157,-304.87198531158276,26.87366642041559
2026-03-15 01:00:00,37.46176147718266,360.8175711405239,-263.0756433866133,135.20368923109328
2026-03-15 01:15:00,37.46176147718266,330.18237093869635,-148.49726959690489,219.14686281897414
2026-03-15 01:30:00,37.46176147718266,328.81262841106434,-120.94741433940528,245.32697554884174
2026-03-15 01:45:00,37.46176147718266,330.9112602831236,-193.91588895533945,174.45713280496685
2026-03-15 02:00:00,37.46176147718266,373.28261326582435,-127.65933738244655,283.0850373605605
2026-03-15 02:15:00,37.46176147718266,337.34834744181944,-185.81112065002878,188.99898826897333
2026-03-15 02:30:00,37.46176147718266,322.9339374418388,-141.77114316539578,218.62455575362569
2026-03-15 02:45:00,37.46176147718266,271.8121013553252,-233.48640053278768,75.78746229972018
2026-03-15 03:00:00,37.46176147718266,269.1313055025584,-150.87041531138377,155.72265166835732
2026-03-15 03:15:00,37.46176147718266,264.34739578793744,-172.73202583664659,129.07713142847354
2026-03-15 03:30:00,37.46176147718266,202.42076264675723,-173.70469367090092,66.17783045303898
2026-03-15 03:45:00,37.46176147718266,-233.1753961131601,585.7460826393386,390.0324480033612
2026-03-15 04:00:00,35.53690848569657,244.0860990159835,-160.8951493266532,118.72785817502688
2026-03-15 04:15:00,35.53690848569657,-237.86642752968743,377.01211084812593,174.6825918041351
2026-03-15 04:30:00,35.53690848569657,-227.89207086330583,443.30902110847694,250.9538587308677
2026-03-15 04:45:00,35.53690848569657,-254.2850166602196,367.48741305617835,148.7393048816553
2026-03-15 05:00:00,35.53690848569657,256.4807236518905,-169.72704567800685,122.29058645958025
2026-03-15 05:15:00,35.53690848569657,280.7131900248893,-76.71325025270218,239.5368482578837
2026-03-15 05:30:00,35.53690848569657,281.7308422130069,-125.02282883387791,192.24492186482559
2026-03-15 05:45:00,35.53690848569657,313.864831755981,-103.96070509752037,245.44103514415724
2026-03-15 06:00:00,35.53690848569657,-259.04329067948333,441.54652899127103,218.04014679748428
2026-03-15 06:15:00,35.53690848569657,128.16179970063553,-25.50155385821582,138.19715432811628
2026-03-15 06:30:00,35.53690848569657,245.0598496215173,-127.6739668914129,152.92279121580097
2026-03-15 06:45:00,35.53690848569657,266.0971005326623,-106.2135426283722,195.4204663899867
2026-03-15 07:00:00,35.53690848569657,252.69863935722978,-87.44491008510427,200.79063775782208
2026-03-15 07:15:00,35.53690848569657,-78.00989037196065,109.57972345197634,67.10674156571226
2026-03-15 07:30:00,35.53690848569657,-212.8684540137148,366.25154866368655,188.9200031356683
2026-03-15 07:45:00,35.53690848569657,-133.4484327500091,224.81976286585842,126.9082386015459
2026-03-15 08:00:00,112.68577104324163,322.78712347548844,-77.00913020491585,358.46376431381424
2026-03-15 08:15:00,112.68577104324163,-160.3024293893338,358.8082505862342,311.191592240142
2026-03-15 08:30:00,112.68577104324163,-180.1129010578603,449.09758822801524,381.67045821339656
2026-03-15 08:45:00,112.68577104324163,96.15640308903818,53.452914050005255,262.29508818228504
2026-03-15 09:00:00,112.68577104324163,-178.39029368107083,565.5303129327165,499.82579029488727
2026-03-15 09:15:00,112.68577104324163,120.88252382460817,867.3884772835625,1100.9567721514122
2026-03-15 09:30:00,112.68577104324163,102.58953938895641,770.1259679268957,985.4012783590937
2026-03-15 09:45:00,112.68577104324163,40.09212972310472,1013.4817284262075,1166.2596291925538
2026-03-15 10:00:00,112.68577104324163,-4.957608129917887,201.35266294361716,309.0808258569409
2026-03-15 10:15:00,112.68577104324163,45.06076551363145,22.572783097877156,180.31931965475025
2026-03-15 10:30:00,112.68577104324163,43.84731894464201,42.5909648334661,199.12405482134974
2026-03-15 10:45:00,112.68577104324163,-15.623045156838955,106.77497155522747,203.83769744163016
2026-03-15 11:00:00,112.68577104324163,-9.405728008338459,174.3590508181314,277.6390938530346
2026-03-15 11:15:00,112.68577104324163,20.576228281406586,161.04517955929515,294.3071788839434
2026-03-15 11:30:00,112.68577104324163,23.456074649374603,172.6406461903126,308.78249188292887
2026-03-15 11:45:00,112.68577104324163,38.2464820983901,24.809737110139345,175.74199025177109
2026-03-15 12:00:00,49.28953279530477,-16.745849878509524,87.65097569216442,120.19465860895967
2026-03-15 12:15:00,49.28953279530477,34.40020600547366,139.98766312599426,223.6774019267727
2026-03-15 12:30:00,49.28953279530477,-13.638899588628448,96.11292128840161,131.76355449507793
2026-03-15 12:45:00,49.28953279530477,-6.223153691515918,139.4341544010303,182.50053350481915
2026-03-15 13:00:00,49.28953279530477,-16.9649369705512,158.0913722531747,190.41596807792828
2026-03-15 13:15:00,49.28953279530477,-47.452665526783235,199.14477052349557,200.9816377920171
2026-03-15 13:30:00,49.28953279530477,20.896975207421058,153.20783450398068,223.3943425067065
2026-03-15 13:45:00,49.28953279530477,18.265546178386057,79.12238867193219,146.677467645623
2026-03-15 14:00:00,49.28953279530477,-20.834057285468468,97.3614391251418,125.8169146349781
2026-03-15 14:15:00,49.28953279530477,-2.6402607194561583,101.07814511217197,147.72741718802058
2026-03-15 14:30:00,49.28953279530477,8.1074313267867,125.51678395904807,182.91374808113954
2026-03-15 14:45:00,49.28953279530477,41.104295331983415,242.74866917506066,333.14249730234883
2026-03-15 15:00:00,49.28953279530477,-47.676561567042306,182.21827766510154,183.831248893364
2026-03-15 15:15:00,49.28953279530477,-6.229738777003896,243.52389636050552,286.5836903788064
2026-03-15 15:30:00,49.28953279530477,-12.464650202085728,196.3788566302221,233.20373922344112
2026-03-15 15:45:00,49.28953279530477,-9.958358836948296,312.98572594870683,352.3168999070633
2026-03-15 16:00:00,149.4598734407533,5.847300109667649,77.26638514241824,232.5735586928392
2026-03-15 16:15:00,149.4598734407533,20.67935997042842,110.178889405371,280.3181228165527
2026-03-15 16:30:00,149.4598734407533,-0.057285218711692565,142.49267908634926,291.8952673083909
2026-03-15 16:45:00,149.4598734407533,-7.496262383524854,102.45555390630095,244.4191649635294
2026-03-15 17:00:00,149.4598734407533,-52.35931167578766,62.49809396600294,159.59865573096857
2026-03-15 17:15:00,149.4598734407533,-82.94611323935791,894.7876724817497,961.3014326831451
2026-03-15 17:30:00,149.4598734407533,124.82932467268859,-155.45856001212218,118.83063810131972
2026-03-15 17:45:00,149.4598734407533,-162.28932875749837,621.8178493449727,608.9883940282277
2026-03-15 18:00:00,149.4598734407533,159.05260001693972,-185.10058617613217,123.41188728156087
2026-03-15 18:15:00,149.4598734407533,182.32862226403233,-187.3232917223053,144.46520398248035
2026-03-15 18:30:00,149.4598734407533,-280.61304122,372.76108487552847,241.60791709628177
2026-03-15 18:45:00,149.4598734407533,-277.86307742640884,1003.3281066318548,874.9249026461993
2026-03-15 19:00:00,149.4598734407533,-284.6808515645598,1719.535461354065,1584.3144832302587
2026-03-15 19:15:00,149.4598734407533,-297.1603732650101,1739.0792839175635,1591.3787840933069
2026-03-15 19:30:00,149.4598734407533,-270.61829248305327,1800.9187023750123,1679.7602833327123
2026-03-15 19:45:00,149.4598734407533,-145.02084887721924,23.687141911652116,28.126166475186192
2026-03-15 20:00:00,78.93295615315907,-189.45605966031985,139.83604968422532,29.312946177064532
2026-03-15 20:15:00,78.93295615315907,155.16753047081514,-147.96849702368922,86.13198960028498
2026-03-15 20:30:00,78.93295615315907,-102.26202832237658,-54.30730608258358,-77.63637825180109
2026-03-15 20:45:00,78.93295615315907,-76.06428542771937,1535.808714255078,1538.6773849805177
2026-03-15 21:00:00,78.93295615315907,-189.81202859402632,1841.6053503033945,1730.7262778625272
2026-03-15 21:15:00,78.93295615315907,-129.19178445488186,1587.3505477369115,1537.0917194351887
2026-03-15 21:30:00,78.93295615315907,-137.4668376729303,660.1777253193063,601.643843799535
2026-03-15 21:45:00,78.93295615315907,-104.73041701285824,272.69625106561386,246.89879020591468
2026-03-15 22:00:00,78.93295615315907,-138.34992846057042,442.3012016363664,382.88422932895503
2026-03-15 22:15:00,78.93295615315907,-54.5511220552759,332.8350059726945,357.21684007057763
2026-03-15 22:30:00,78.93295615315907,-219.24106553628343,215.58519806040422,75.27708867727986
2026-03-15 22:45:00,78.93295615315907,-188.76708863422687,347.2354723121868,237.401339831119
2026-03-15 23:00:00,78.93295615315907,-97.15733768996026,443.1065046325233,424.88212309572214
2026-03-15 23:15:00,78.93295615315907,-105.76453167332218,377.33326669522694,350.5016911750638
2026-03-15 23:30:00,78.93295615315907,-136.17516320849936,473.23083000458035,415.98862294924004
2026-03-15 23:45:00,78.93295615315907,-42.3100144497245,451.97028722378025,488.5932289272148
2026-03-16 00:00:00,53.67426147718268,145.42721832375605,-62.63156784392625,136.46991195701247
2026-03-16 00:15:00,53.67426147718268,-31.360224319280686,103.55371092836961,125.8677480862716
2026-03-16 00:30:00,53.67426147718268,5.246195393738157,124.34492146741427,183.2653783383351
2026-03-16 00:45:00,53.67426147718268,-6.941109745184261,1339.1991917697044,1385.9323435017027
2026-03-16 01:00:00,53.67426147718268,79.16757114052392,37.98336930197329,170.82520191967987
2026-03-16 01:15:00,53.67426147718268,33.40737093869638,53.47522638949455,140.55685880537362
2026-03-16 01:30:00,53.67426147718268,30.93762841106431,128.06355546311224,212.67544535135923
2026-03-16 01:45:00,53.67426147718268,45.66126028312355,57.06049610304528,156.39601786335152
2026-03-16 02:00:00,53.67426147718268,73.90761326582445,69.39930877647282,196.98118351947994
2026-03-16 02:15:00,53.67426147718268,47.57334744181946,155.99657724365812,257.2441861626603
2026-03-16 02:30:00,53.67426147718268,38.40893744183876,163.04597208806615,255.1291710070876
2026-03-16 02:45:00,53.67426147718268,17.637101355325193,47.460233299979706,118.77159613248759
2026-03-16 03:00:00,53.67426147718268,-5.056305502558406,124.0751143972906,172.69307037191487
2026-03-16 03:15:00,53.67426147718268,15.397395787937473,76.56771412473806,145.6393713898582
2026-03-16 03:30:00,53.67426147718268,-24.729237353242745,120.17271300929588,149.1177371332358
2026-03-16 03:45:00,53.67426147718268,-3.824603886839946,94.83181676364445,144.6814743539872
2026-03-16 04:00:00,131.41190848569659,-5.757529236849307,83.53238297138212,209.1867622202294
2026-03-16 04:15:00,131.41190848569659,9.808572470312626,90.26703741742323,231.48751837343247
2026-03-16 04:30:00,131.41190848569659,25.232929136694146,102.38027353231845,259.0251111547092
2026-03-16 04:45:00,131.41190848569659,9.814983339780381,100.83272332825734,242.0596151537343
2026-03-16 05:00:00,131.41190848569659,-54.930723651890574,144.9045134384326,221.38569827223859
2026-03-16 05:15:00,131.41190848569659,84.43819002488928,186.70615282356343,402.5562513341493
2026-03-16 05:30:00,131.41190848569659,123.85584221300687,163.76552206518105,419.0332727638845
2026-03-16 05:45:00,131.41190848569659,107.93983175598098,128.0759344331432,367.42767467482076
2026-03-16 06:00:00,131.41190848569659,127.44329067948331,-17.625822045852438,241.22937711932747
2026-03-16 06:15:00,131.41190848569659,183.79896056227005,-25.25806097394161,289.95280807402503
2026-03-16 06:30:00,131.41190848569659,212.03484962151722,-124.90500068207264,218.54175742514116
2026-03-16 06:45:00,131.41190848569659,-230.39710053266225,398.70972096005653,299.72452891309086
2026-03-16 07:00:00,131.41190848569659,-232.59863935722976,484.62894606754446,383.44221519601126
2026-03-16 07:15:00,131.41190848569659,-208.14552685926355,488.75665288418566,412.0230345106187
2026-03-16 07:30:00,131.41190848569659,-224.2934540137148,703.1602253232384,610.2786797952201
2026-03-16 07:45:00,131.41190848569659,-229.6984327500091,1498.2065476121065,1399.920023347794
2026-03-16 08:00:00,175.23577104324164,323.76212347548847,-182.75046409823756,316.24743042049255
2026-03-16 08:15:00,175.23577104324164,-210.6524293893338,425.16036651202955,389.7437081659374
2026-03-16 08:30:00,175.23577104324164,-211.6129010578603,308.0202812469496,271.6431512323309
2026-03-16 08:45:00,175.23577104324164,-157.48140308903817,419.8288473175297,437.5832152717332
2026-03-16 09:00:00,175.23577104324164,-222.51529368107086,271.5237641739499,224.2442415361207
2026-03-16 09:15:00,175.23577104324164,-200.55752382460815,268.07386826837904,242.75211548701253
2026-03-16 09:30:00,175.23577104324164,-97.14897227934023,176.13067504719285,254.21747381109427
2026-03-16 09:45:00,175.23577104324164,-117.51712972310472,225.54166621857166,283.2603075387086
2026-03-16 10:00:00,175.23577104324164,145.4673918700821,-29.000446010175835,291.7027169031479
2026-03-16 10:15:00,175.23577104324164,153.9857655136315,50.93765387696567,380.15919043383883
2026-03-16 10:30:00,175.23577104324164,89.97231894464198,727.7120740225088,992.9201640103925
2026-03-16 10:45:00,175.23577104324164,33.05195484316104,1055.1339216775284,1263.4216475639312
2026-03-16 11:00:00,175.23577104324164,16.95572800833846,242.63482384638095,434.82632289796106
2026-03-16 11:15:00,175.23577104324164,4.603580922054631,70.86756017081863,250.7069121361149
2026-03-16 11:30:00,175.23577104324164,-3.625382789272476,69.96071219172373,241.5711004456929
2026-03-16 11:45:00,175.23577104324164,78.16772659101487,64.6775642321027,318.08106186635916
2026-03-16 12:00:00,140.93953279530479,24.545849878509532,46.62022015139575,212.10560282521007
2026-03-16 12:15:00,140.93953279530479,-13.225206005473659,92.50261210600931,220.21693889584043
2026-03-16 12:30:00,140.93953279530479,44.229695011181704,127.12881817765951,312.29804598414603
2026-03-16 12:45:00,140.93953279530479,11.223153691515911,89.73375411017409,241.89644059699478
2026-03-16 13:00:00,140.93953279530479,-33.0149369705512,260.4539830490327,368.3785788737863
2026-03-16 13:15:00,140.93953279530479,-46.202665526783235,400.2203910498767,494.95725831839826
2026-03-16 13:30:00,140.93953279530479,20.896975207421058,221.36483174282716,383.201339745553
2026-03-16 13:45:00,140.93953279530479,-25.79054617838605,120.91902604023582,236.06801265715455
2026-03-16 14:00:00,140.93953279530479,-20.034057285468478,57.27307913232388,178.17855464216018
2026-03-16 14:15:00,140.93953279530479,-15.765260719456158,692.1579427516376,817.3322148274863
2026-03-16 14:30:00,140.93953279530479,-32.3175686732133,747.1429692773014,855.7649333993929
2026-03-16 14:45:00,140.93953279530479,-17.245704668016575,391.10417767597903,514.7980058032672
2026-03-16 15:00:00,140.93953279530479,-40.1265615670423,205.82820596684223,306.6411771951047
2026-03-16 15:15:00,140.93953279530479,51.52973877700391,75.01903793487416,267.48830950718286
2026-03-16 15:30:00,140.93953279530479,83.71465020208572,-27.456248882751414,197.19793411463908
2026-03-16 15:45:00,140.93953279530479,-108.08335883694829,343.9960551489013,376.8522291072578
2026-03-16 16:00:00,107.20987344075333,32.20743326979491,-3.73797393442102,135.67933277612724
2026-03-16 16:15:00,107.20987344075333,-89.29564002957159,202.74581736113413,220.66005077231586
2026-03-16 16:30:00,107.20987344075333,-93.03228521871169,141.9244439003245,156.10203212236613
2026-03-16 16:45:00,107.20987344075333,-112.99626238352485,152.65671275906234,146.8703238162908
2026-03-16 17:00:00,107.20987344075333,-207.75931167578767,252.43314552899724,151.8837072939629
2026-03-16 17:15:00,107.20987344075333,-153.19611323935786,226.8397658464743,180.85352604786976
2026-03-16 17:30:00,107.20987344075333,209.97932467268862,-156.63077117485358,160.55842693858835
2026-03-16 17:45:00,107.20987344075333,-283.0143287574984,765.4012282213274,589.5967729045824
2026-03-16 18:00:00,107.20987344075333,339.05260001693955,-201.2127178565872,245.04975560110566
2026-03-16 18:15:00,107.20987344075333,416.05362226403236,-193.3555977487412,329.9078979560445
2026-03-16 18:30:00,107.20987344075333,-443.36304122000007,900.8988720274385,564.7457042481917
2026-03-16 18:45:00,107.20987344075333,-449.0630774264088,1561.5342417171014,1219.681037731446
2026-03-16 19:00:00,107.20987344075333,423.2058515645598,-143.92549122663408,386.490233778679
2026-03-16 19:15:00,107.20987344075333,437.2853732650102,-196.84152645872206,347.65372024704146
2026-03-16 19:30:00,107.20987344075333,409.7432924830532,-241.42795599177984,275.52520993202666
2026-03-16 19:45:00,107.20987344075333,432.65436215994777,-257.54633495349213,282.317900647209
2026-03-16 20:00:00,93.0585392061527,444.20605966031985,-238.67922644768737,298.58537241878514
2026-03-16 20:15:00,93.0585392061527,414.99253047081515,-96.03649691946734,412.01457275750056
2026-03-16 20:30:00,93.0585392061527,317.35765242438686,-289.4294291338475,120.98676249669205
2026-03-16 20:45:00,93.0585392061527,298.4642854277194,-182.70624301266844,208.81658162120368
2026-03-16 21:00:00,93.0585392061527,-399.7870285940264,765.3955909817132,458.6671015938395
2026-03-16 21:15:00,93.0585392061527,323.3167844548818,-80.49280225563726,335.88252140539726
2026-03-16 21:30:00,93.0585392061527,-306.3418376729303,829.0860725151948,615.8027740484172
2026-03-16 21:45:00,93.0585392061527,-296.38041701285823,740.8827555260344,537.5608777193289
2026-03-16 22:00:00,93.0585392061527,340.27492846057044,-310.0105766083317,123.32289105839146
2026-03-16 22:15:00,93.0585392061527,95.98146460421688,41.71027722926051,230.75028103963007
2026-03-16 22:30:00,93.0585392061527,327.7910655362833,-195.8240553563299,225.02554938610615
2026-03-16 22:45:00,93.0585392061527,-292.2170886342269,760.9518186754515,561.7932692473773
2026-03-16 23:00:00,93.0585392061527,305.93233768996026,-149.71644297221718,249.2744339238958
2026-03-16 23:15:00,93.0585392061527,265.51453167332227,-153.1030154560182,205.47005542345678
2026-03-16 23:30:00,93.0585392061527,226.45016320849933,-54.13556660462867,265.37313581002337
2026-03-16 23:45:00,93.0585392061527,194.81001444972452,-2.618679943153129,285.2498737127241
2026-03-17 00:00:00,55.02426147718266,329.6022183237561,-299.19934610560284,85.42713369533595
2026-03-17 00:15:00,55.02426147718266,263.33522431928066,-118.90484515781046,199.45464063865288
2026-03-17 00:30:00,55.02426147718266,254.32119539373812,-63.19478912934297,246.1506677415778
2026-03-17 00:45:00,55.02426147718266,195.55889025481574,-128.1692458078371,122.4139059241613
2026-03-17 01:00:00,55.02426147718266,267.94257114052397,-41.13309265171746,281.8337399659892
2026-03-17 01:15:00,55.02426147718266,239.20737093869636,-64.32420497256955,229.90742744330947
2026-03-17 01:30:00,55.02426147718266,259.0626284110643,23.5944267411292,337.68131662937617
2026-03-17 01:45:00,55.02426147718266,214.73626028312356,-50.81443084346381,218.94609091684242
2026-03-17 02:00:00,55.02426147718266,305.2076132658245,-54.6446390712351,305.5872356717721
2026-03-17 02:15:00,55.02426147718266,283.7483474418195,-70.13896400999536,268.63364490900676
2026-03-17 02:30:00,55.02426147718266,237.00893744183875,52.838389547866655,344.87158846688806
2026-03-17 02:45:00,55.02426147718266,204.7121013553252,-78.84197923374961,180.89438359875822
2026-03-17 03:00:00,55.02426147718266,230.7063055025584,-38.86337355464205,246.867193425099
2026-03-17 03:15:00,55.02426147718266,189.49739578793748,-65.72718938222101,178.79446788289914
2026-03-17 03:30:00,55.02426147718266,163.92076264675728,-89.38634654416538,129.55867757977458
2026-03-17 03:45:00,55.02426147718266,198.27539611316007,-47.43832656536388,205.86133102497888
2026-03-17 04:00:00,100.06190848569659,266.3860990159835,-62.498441168047236,303.94956633363284
2026-03-17 04:15:00,100.06190848569659,-197.06642752968733,279.6036725380823,182.59915349409158
2026-03-17 04:30:00,100.06190848569659,177.3170708633059,-102.91120767026435,174.4677716787382
2026-03-17 04:45:00,100.06190848569659,229.51001666021963,-77.5149386691082,252.05698647680802
2026-03-17 05:00:00,100.06190848569659,215.05572365189062,-52.1684091015209,262.94922303606626
2026-03-17 05:15:00,100.06190848569659,158.2381900248893,46.77468031981973,305.0747788304056
2026-03-17 05:30:00,100.06190848569659,227.93084221300688,-47.83564954648057,280.15710115222294
2026-03-17 05:45:00,100.06190848569659,359.53983175598097,-63.1347321399182,396.4670081017594
2026-03-17 06:00:00,100.06190848569659,160.5682906794833,31.9721680069723,292.6023671721522
2026-03-17 06:15:00,100.06190848569659,-104.66296448942977,291.59103784492595,286.9899818411928
2026-03-17 06:30:00,100.06190848569659,287.5098496215172,-59.36254757756183,328.20921052965195
2026-03-17 06:45:00,100.06190848569659,395.44710053266226,-53.39762675350512,442.1113822648537
2026-03-17 07:00:00,100.06190848569659,404.6986393572298,-36.81351675054679,467.9470310923796
2026-03-17 07:15:00,100.06190848569659,309.4705268592635,-83.71875859550767,325.8136767494524
2026-03-17 07:30:00,100.06190848569659,402.2184540137148,-75.52219947657025,426.75816302284113
2026-03-17 07:45:00,100.06190848569659,316.8234327500091,-125.70734377478894,291.1779974609168
2026-03-17 08:00:00,167.03577104324165,505.4371234754884,-55.02545004091612,617.447444477814
2026-03-17 08:15:00,167.03577104324165,359.52742938933386,-55.24188256995004,471.32131786262545
2026-03-17 08:30:00,167.03577104324165,338.0379010578604,-90.2847521228594,414.78891997824263
2026-03-17 08:45:00,167.03577104324165,184.60640308903817,-120.79481764842626,230.84735648385356
2026-03-17 09:00:00,167.03577104324165,348.2902936810708,-24.34129900034221,490.98476572397027
2026-03-17 09:15:00,167.03577104324165,216.28252382460823,-39.31882870010226,343.99946616774764
2026-03-17 09:30:00,167.03577104324165,69.56453938895642,-19.844987273075283,216.75532315912278
2026-03-17 09:45:00,167.03577104324165,4.942129723104715,192.65037273995264,364.628273506299
2026-03-17 10:00:00,167.03577104324165,77.7423918700821,471.9676932943964,716.7458562077202
2026-03-17 10:15:00,167.03577104324165,25.785765513631468,586.7358611346963,779.5573976915693
2026-03-17 10:30:00,167.03577104324165,1.297318944641987,133.7604919094286,302.0935818973122
2026-03-17 10:45:00,167.03577104324165,-16.898045156838954,1669.8424249448367,1819.9801508312394
2026-03-17 11:00:00,167.03577104324165,-39.019271991661526,1761.4725983461562,1889.4890973977363
2026-03-17 11:15:00,167.03577104324165,-27.17622828140658,919.3595819790937,1059.2191247409287
2026-03-17 11:30:00,167.03577104324165,-31.656074649374606,401.66192397633006,537.041620370197
2026-03-17 11:45:00,167.03577104324165,35.742726591014865,212.7506760642394,415.5291736984959
2026-03-17 12:00:00,240.88953279530477,-14.654150121490474,103.22881986190097,329.46420253571523
2026-03-17 12:15:00,240.88953279530477,-43.925206005473655,126.25458339023248,323.21891018006363
2026-03-17 12:30:00,240.88953279530477,8.1046950111817,194.57740419655147,443.57163200303796
2026-03-17 12:45:00,240.88953279530477,-31.27684630848408,156.72085933887104,366.3335458256917
2026-03-17 13:00:00,240.88953279530477,-8.3899369705512,699.3751275832171,931.8747234079707
2026-03-17 13:15:00,240.88953279530477,36.00266552678323,69.2139557192843,346.1061540413723
2026-03-17 13:30:00,240.88953279530477,-20.921975207421045,130.7205917295983,350.68814931748204
2026-03-17 13:45:00,240.88953279530477,18.265546178386057,201.36166515923867,460.5167441329295
2026-03-17 14:00:00,240.88953279530477,-20.00905728546847,615.1081183048627,835.988593814699
2026-03-17 14:15:00,240.88953279530477,-2.6152607194561543,512.4227170642869,750.6969891401354
2026-03-17 14:30:00,240.88953279530477,-8.132431326786701,164.45090253265,397.2080040011681
2026-03-17 14:45:00,240.88953279530477,41.129295331983414,655.5866570495403,937.6054851768286
2026-03-17 15:00:00,240.88953279530477,40.1265615670423,146.50806600363708,427.52416036598413
2026-03-17 15:15:00,240.88953279530477,6.229738777003896,134.2565895391042,381.37586111141286
2026-03-17 15:30:00,240.88953279530477,12.489650202085727,121.82154386550944,375.20072686289996
2026-03-17 15:45:00,240.88953279530477,10.0833588369483,94.21168356904113,345.1845752012942
2026-03-17 16:00:00,147.4098734407533,2.1605859656094366,65.82041365679478,215.39087306315753
2026-03-17 16:15:00,147.4098734407533,20.67935997042842,82.31014710765727,250.399380518839
2026-03-17 16:30:00,147.4098734407533,-18.592714781288308,108.99996268505984,237.81712134452485
2026-03-17 16:45:00,147.4098734407533,76.12126238352484,81.78515166503193,305.31628748931007
2026-03-17 17:00:00,147.4098734407533,-24.109311675787662,38.884408177128215,162.18496994209386
2026-03-17 17:15:00,147.4098734407533,90.09611323935789,100.08852484544293,337.59451152555414
2026-03-17 17:30:00,147.4098734407533,143.57932467268859,114.89591147802739,405.88510959146925
2026-03-17 17:45:00,147.4098734407533,-335.63932875749845,1001.6197650924971,813.390309775752
2026-03-17 18:00:00,147.4098734407533,147.90260001693963,-43.520213812079795,251.79225964561314
2026-03-17 18:15:00,147.4098734407533,212.02862226403238,-53.79012265846285,305.64837304632283
2026-03-17 18:30:00,147.4098734407533,310.26304122000005,-150.9576862314516,306.71522842930176
2026-03-17 18:45:00,147.4098734407533,423.4130774264089,-28.241731590026752,542.5812192771355
2026-03-17 19:00:00,147.4098734407533,423.75585156455975,-56.55427332224383,514.6114516830693
2026-03-17 19:15:00,147.4098734407533,-437.4603732650101,977.9569357187459,687.906435894489
2026-03-17 19:30:00,147.4098734407533,-331.9932924830532,942.3954466625904,757.8120276202906
2026-03-17 19:45:00,147.4098734407533,344.6543621599477,-181.48844868320958,310.5757869174914
2026-03-17 20:00:00,99.05853920615269,352.9810596603199,-90.46346743754916,361.5761314289234
2026-03-17 20:15:00,99.05853920615269,356.1925304708152,-110.30665637787456,344.9444132990933
2026-03-17 20:30:00,99.05853920615269,256.9076524243869,-17.13973883638553,338.8264527941541
2026-03-17 20:45:00,99.05853920615269,253.5892854277194,-44.393368664735654,308.2544559691365
2026-03-17 21:00:00,99.05853920615269,310.2120285940263,-40.046407339749166,369.22416046042986
2026-03-17 21:15:00,99.05853920615269,237.94178445488183,113.84908832614538,450.84941198717985
2026-03-17 21:30:00,99.05853920615269,185.0918376729303,-20.123745402519702,264.02663147656324
2026-03-17 21:45:00,99.05853920615269,127.90541701285827,1.6837728917714252,228.64772911078236
2026-03-17 22:00:00,99.05853920615269,233.54992846057044,-23.04317806105894,309.5652896056642
2026-03-17 22:15:00,99.05853920615269,132.0511220552759,40.8682196749299,271.9778809363585
2026-03-17 22:30:00,99.05853920615269,201.04106553628338,12.96156404221538,313.0611687846515
2026-03-17 22:45:00,99.05853920615269,149.76708863422687,630.2163223144847,879.0419501548643
2026-03-17 23:00:00,99.05853920615269,201.75733768996022,102.23686663574395,403.0527435318569
2026-03-17 23:15:00,99.05853920615269,134.2895316733222,407.2966850985657,640.6447559780406
2026-03-17 23:30:00,99.05853920615269,94.05016320849938,90.46578990114952,283.5744923158016
2026-03-17 23:45:00,99.05853920615269,76.48501444972449,1164.7793536718905,1340.3229073277676
2026-03-18 00:00:00,40.02426147718266,128.25221832375604,-96.88548627646719,71.39099352447153
2026-03-18 00:15:00,40.02426147718266,92.43522431928069,-9.89469680478811,122.56478899167524
2026-03-18 00:30:00,40.02426147718266,66.82119539373815,73.06669556517878,179.91215243609957
2026-03-18 00:45:00,40.02426147718266,38.058890254815736,785.365606677729,863.4487584097275
2026-03-18 01:00:00,40.02426147718266,78.76757114052391,114.88472001833148,233.67655263603805
2026-03-18 01:15:00,40.02426147718266,51.83237093869637,142.4417843632367,234.29841677911574
2026-03-18 01:30:00,40.02426147718266,61.31225231877323,111.36689327449733,212.70340707045324
2026-03-18 01:45:00,40.02426147718266,77.41126028312355,41.85699111525087,159.2925128755571
2026-03-18 02:00:00,40.02426147718266,129.73261326582445,40.32714085468869,210.08401559769584
2026-03-18 02:15:00,40.02426147718266,94.17334744181949,29.492242653295783,163.68985157229795
2026-03-18 02:30:00,40.02426147718266,116.58393744183871,133.14187299056988,289.75007190959127
2026-03-18 02:45:00,40.02426147718266,79.26210135532516,31.27495715904402,150.56131999155184
2026-03-18 03:00:00,40.02426147718266,65.48130550255841,214.9779709383276,320.4835379180687
2026-03-18 03:15:00,40.02426147718266,75.1473957879375,232.1387468704748,347.3104041355949
2026-03-18 03:30:00,40.02426147718266,35.34576264675726,611.3465910556721,686.7166151796121
2026-03-18 03:45:00,40.02426147718266,53.05039611316005,399.4663875915296,492.54104518187233
2026-03-18 04:00:00,95.73690848569657,84.58609901598354,97.60578120443267,277.92878870611275
2026-03-18 04:15:00,95.73690848569657,-48.766427529687384,83.14633675428055,130.11681771028975
2026-03-18 04:30:00,95.73690848569657,32.317070863305865,55.16715546104037,183.22113481004283
2026-03-18 04:45:00,95.73690848569657,50.285016660219625,87.46620141411242,233.48812656002863
2026-03-18 05:00:00,95.73690848569657,66.68072365189056,62.14312196023722,224.56075409782434
2026-03-18 05:15:00,95.73690848569657,58.938190024889295,128.71286907211731,283.3879675827032
2026-03-18 05:30:00,95.73690848569657,-71.43084221300685,81.25560083710205,105.56166710979177
2026-03-18 05:45:00,95.73690848569657,98.539831755981,30.23643726560467,224.51317750728225
2026-03-18 06:00:00,95.73690848569657,103.34329067948333,3.021594712468292,202.10179387764822
2026-03-18 06:15:00,95.73690848569657,-109.47396056227004,198.41929816524447,184.682246088671
2026-03-18 06:30:00,95.73690848569657,115.55984962151724,23.13233827310149,234.4290963803153
2026-03-18 06:45:00,95.73690848569657,164.04710053266223,24.063361600620333,283.84737061897914
2026-03-18 07:00:00,95.73690848569657,146.87363935722973,-17.6312150212026,224.97933282172372
2026-03-18 07:15:00,95.73690848569657,126.37052685926355,-43.5362348562092,178.57120048875092
2026-03-18 07:30:00,95.73690848569657,-140.16845401371484,301.5983287009982,257.16678317297993
2026-03-18 07:45:00,95.73690848569657,-145.42343275000908,220.75021402442502,171.0636897601125
2026-03-18 08:00:00,198.48577104324164,173.78712347548844,3.120168976290112,375.3930634950202
2026-03-18 08:15:00,198.48577104324164,-90.7274293893338,173.95291082132934,281.7112524752372
2026-03-18 08:30:00,198.48577104324164,88.16290105786027,38.98389410814001,325.63256620924193
2026-03-18 08:45:00,198.48577104324164,-23.58140308903817,102.91789827101499,277.82226622521847
2026-03-18 09:00:00,198.48577104324164,-20.740293681070824,117.87886449177532,295.62434185394613
2026-03-18 09:15:00,198.48577104324164,4.0325238246081625,139.46015242974005,341.97844729758987
2026-03-18 09:30:00,198.48577104324164,46.66453938895642,252.0982658629893,497.2485762951874
2026-03-18 09:45:00,198.48577104324164,14.392129723104716,222.91647578124997,435.79437654759636
2026-03-18 10:00:00,198.48577104324164,-9.482608129917878,277.2675761008735,466.27073901419726
2026-03-18 10:15:00,198.48577104324164,25.76076551363147,302.16926522552336,526.4158017823964
2026-03-18 10:30:00,198.48577104324164,1.1973189446419883,1007.5834073147962,1207.26649730268
2026-03-18 10:45:00,198.48577104324164,-17.14804515683896,856.5155536460795,1037.8532795324822
2026-03-18 11:00:00,198.48577104324164,38.76927199166153,319.0743632080982,556.3294062430014
2026-03-18 11:15:00,198.48577104324164,27.17622828140658,411.93654820122964,637.5985475258778
2026-03-18 11:30:00,198.48577104324164,31.75607464937461,509.67572460102537,739.9175702936416
2026-03-18 11:45:00,198.48577104324164,-35.49272659101486,442.78828160253414,605.7813260547609
2026-03-18 12:00:00,161.7145327953048,-14.904150121490474,176.98657185204905,323.7969545258634
2026-03-18 12:15:00,161.7145327953048,-44.300206005473655,212.82719381983938,330.2415206096705
2026-03-18 12:30:00,161.7145327953048,7.0546950111817,273.90328799607823,442.6725158025647
2026-03-18 12:45:00,161.7145327953048,-33.501846308484076,205.55018621748277,333.7628727043035
2026-03-18 13:00:00,161.7145327953048,-7.389936970551202,135.75231979732877,290.07691562208237
2026-03-18 13:15:00,161.7145327953048,-35.62766552678323,212.4190053551278,338.50587262364934
2026-03-18 13:30:00,161.7145327953048,21.17197520742106,144.8247249960579,327.71123299878377
2026-03-18 13:45:00,161.7145327953048,-18.015546178386057,1058.0712234831685,1201.7702101000873
2026-03-18 14:00:00,161.7145327953048,-19.78405728546847,238.3695435810141,380.30001909085047
2026-03-18 14:15:00,161.7145327953048,2.5902607194561575,175.07524577139844,339.3800392861594
2026-03-18 14:30:00,161.7145327953048,-5.206329313703536,153.49735393580633,310.00555741740754
2026-03-18 14:45:00,161.7145327953048,41.129295331983414,69.1741717281333,272.0179998554215
2026-03-18 15:00:00,161.7145327953048,40.076561567042305,117.04226130355796,318.83335566590506
2026-03-18 15:15:00,161.7145327953048,1.5759834854934498,106.7046546535972,269.99517093439545
2026-03-18 15:30:00,161.7145327953048,12.439650202085726,75.7383785736238,249.8925615710143
2026-03-18 15:45:00,161.7145327953048,10.058358836948301,93.55591704560794,265.32880867786105
2026-03-18 16:00:00,112.85987344075332,-6.072300109667652,73.9880709743334,180.77564430541906
2026-03-18 16:15:00,112.85987344075332,20.90435997042842,497.82651345567336,631.5907468668552
2026-03-18 16:30:00,112.85987344075332,18.61771478128831,280.18818582713806,411.6657740491797
2026-03-18 16:45:00,112.85987344075332,-7.996262383524858,256.86663197907103,361.7302430362995
2026-03-18 17:00:00,112.85987344075332,17.20931167578766,317.6099387352573,447.6791238517983
2026-03-18 17:15:00,112.85987344075332,-24.028886760642095,302.23361131464446,391.0645979947557
2026-03-18 17:30:00,112.85987344075332,20.0793246726886,83.14213096766663,216.08132908110855
2026-03-18 17:45:00,112.85987344075332,66.0893287574984,30.576007458812445,209.52520965706418
2026-03-18 18:00:00,112.85987344075332,23.552600016939692,39.93597374535617,176.34844720304918
2026-03-18 18:15:00,112.85987344075332,-102.40362226403232,275.4363064594694,285.8925576361904
2026-03-18 18:30:00,112.85987344075332,-130.81304122000003,633.4275771429578,615.4744093637112
2026-03-18 18:45:00,112.85987344075332,-141.03807742640888,1084.5917933409023,1056.4135893552468
2026-03-18 19:00:00,112.85987344075332,-107.0808515645598,762.4395702362511,768.2185921124446
2026-03-18 19:15:00,112.85987344075332,-135.51037326501012,743.4023814831833,720.7518816589264
2026-03-18 19:30:00,112.85987344075332,-129.94329248305326,407.02570427817227,389.9422852358723
2026-03-18 19:45:00,112.85987344075332,-173.35436215994773,273.59709474657194,213.10260602737753
2026-03-18 20:00:00,95.3335392061527,-167.2060596603199,248.42328813568716,176.55076768151994
2026-03-18 20:15:00,95.3335392061527,-159.46753047081515,385.14782255864435,321.01383129398187
2026-03-18 20:30:00,95.3335392061527,-63.632652424386876,109.50213446134016,141.20302124310598
2026-03-18 20:45:00,95.3335392061527,-35.11428542771938,218.6964348721554,278.9156886505887
2026-03-18 21:00:00,95.3335392061527,137.5120285940263,-40.77437757642112,192.07119022375787
2026-03-18 21:15:00,95.3335392061527,104.59178445488186,391.4247222414703,591.3500459025049
2026-03-18 21:30:00,95.3335392061527,148.86683767293025,437.6312826685121,681.831659547595
2026-03-18 21:45:00,95.3335392061527,43.030417012858265,99.84466017672162,238.20861639573258
2026-03-18 22:00:00,95.3335392061527,145.84992846057042,-34.36628627078375,206.81718139593937
2026-03-18 22:15:00,95.3335392061527,-79.65112205527589,529.8702108924807,545.5526280433576
2026-03-18 22:30:00,95.3335392061527,-134.79106553628336,536.5294787148066,497.0719523846759
2026-03-18 22:45:00,95.3335392061527,118.56708863422689,598.0047692677228,811.9053971081024
2026-03-18 23:00:00,95.3335392061527,-115.55733768996026,434.02546579155023,413.80166730774266
2026-03-18 23:15:00,95.3335392061527,-82.78953167332217,423.5195243141737,436.0635318470042
2026-03-18 23:30:00,95.3335392061527,51.95016320849937,48.2027897959931,195.48649221064517
2026-03-18 23:45:00,95.3335392061527,37.210014449724504,135.00461832172206,267.5481719775993
2026-03-19 00:00:00,28.274261477182662,85.27721832375606,569.9634009506008,683.5148807515395
2026-03-19 00:15:00,28.274261477182662,67.3352243192807,1185.9216121213012,1281.5310979177646
2026-03-19 00:30:00,28.274261477182662,48.92119539373815,1869.9677914326762,1947.1632483035971
2026-03-19 00:45:00,28.274261477182662,30.558890254815736,431.05747667203167,489.89062840403005
2026-03-19 01:00:00,28.274261477182662,87.6675711405239,240.8987859050852,356.8406185227918
2026-03-19 01:15:00,28.274261477182662,49.832370938696386,94.41744796846226,172.5240803843413
2026-03-19 01:30:00,28.274261477182662,56.4626284110643,168.08483744989545,252.8217273381424
2026-03-19 01:45:00,28.274261477182662,68.91126028312355,93.28148774133277,190.46700950163898
2026-03-19 02:00:00,28.274261477182662,98.25761326582446,105.66908267746274,232.20095742046988
2026-03-19 02:15:00,28.274261477182662,68.42334744181947,108.35967575685461,205.05728467585675
2026-03-19 02:30:00,28.274261477182662,72.30893744183876,217.45740610606217,318.0406050250836
2026-03-19 02:45:00,28.274261477182662,49.03710135532518,94.24372757245423,171.55509040496207
2026-03-19 03:00:00,28.274261477182662,41.35630550255841,113.55371257745333,183.1842795571944
2026-03-19 03:15:00,28.274261477182662,40.69739578793748,101.69369265592829,170.66534992104843
2026-03-19 03:30:00,28.274261477182662,-1.9292373532427431,121.49523248409352,147.84025660803343
2026-03-19 03:45:00,28.274261477182662,13.750396113160049,97.77648904440984,139.80114663475257
2026-03-19 04:00:00,96.68690848569656,52.41109901598353,115.93260566007677,265.03061316175683
2026-03-19 04:15:00,96.68690848569656,13.26642752968738,55.5114482563341,165.46478427171803
2026-03-19 04:30:00,96.68690848569656,6.957929136694139,80.6462429262995,184.2910805486902
2026-03-19 04:45:00,96.68690848569656,23.83501666021962,106.63771742209599,227.15964256801217
2026-03-19 05:00:00,96.68690848569656,53.230723651890564,115.26290287924913,265.18053501683625
2026-03-19 05:15:00,96.68690848569656,46.1881900248893,173.14411694313853,316.0192154537244
2026-03-19 05:30:00,96.68690848569656,56.65584221300685,115.92076611707296,269.26351681577637
2026-03-19 05:45:00,96.68690848569656,89.03983175598101,72.13551855826744,257.86225879994504
2026-03-19 06:00:00,96.68690848569656,53.01829067948334,58.25275967060067,207.95795883578057
2026-03-19 06:15:00,96.68690848569656,71.99896056227003,77.71993733139553,246.40580637936213
2026-03-19 06:30:00,96.68690848569656,69.55984962151724,77.24260083970566,243.48935894691945
2026-03-19 06:45:00,96.68690848569656,89.49710053266224,79.72879875361913,265.91280777197795
2026-03-19 07:00:00,96.68690848569656,132.9236393572298,59.46706298350567,289.077610826432
2026-03-19 07:15:00,96.68690848569656,116.37052685926355,91.08674865251686,304.14418399747694
2026-03-19 07:30:00,96.68690848569656,168.64345401371483,56.41716029055094,321.7475227899624
2026-03-19 07:45:00,96.68690848569656,126.17343275000907,55.92778920409497,278.78813043980057
2026-03-19 08:00:00,259.5107710432416,145.3371234754884,110.02589347997169,514.8737879987017
2026-03-19 08:15:00,259.5107710432416,-0.2457802477474391,74.76911547293497,334.0341062684291
2026-03-19 08:30:00,259.5107710432416,-38.23790105786029,69.17768762051593,290.45055760589725
2026-03-19 08:45:00,259.5107710432416,51.00640308903817,41.322226728244395,351.8394008605242
2026-03-19 09:00:00,259.5107710432416,-22.215293681070825,154.57418177092683,391.8696591330976
2026-03-19 09:15:00,259.5107710432416,-4.732523824608171,140.00788702503047,394.7861342436639
2026-03-19 09:30:00,259.5107710432416,27.814539388956412,495.0968230838619,782.42213351606
2026-03-19 09:45:00,259.5107710432416,-5.567129723104715,120.44814408241159,374.39178540254846
2026-03-19 10:00:00,259.5107710432416,9.857608129917885,138.30516354807983,407.6735427212393
2026-03-19 10:15:00,259.5107710432416,-25.785765513631468,152.3203901820279,386.04539571163804
2026-03-19 10:30:00,259.5107710432416,-1.3223189446419852,158.7733982014205,416.9618503000201
2026-03-19 10:45:00,259.5107710432416,16.923045156838963,164.2839717297034,440.717787929784
2026-03-19 11:00:00,259.5107710432416,39.06927199166154,224.51597532160713,523.0960183565103
2026-03-19 11:15:00,259.5107710432416,-27.17622828140658,610.1392586768121,842.4738014386471
2026-03-19 11:30:00,259.5107710432416,-31.631074649374604,1447.2679747348852,1675.1476711287523
2026-03-19 11:45:00,259.5107710432416,35.742726591014865,1290.8660937125449,1586.1195913468014
2026-03-19 12:00:00,292.9145327953048,-14.654150121490474,23.608542203697116,301.86892487751146
2026-03-19 12:15:00,292.9145327953048,-10.08730009866795,36.89032112230908,319.717553818946
2026-03-19 12:30:00,292.9145327953048,8.1046950111817,97.27945966846742,398.29868747495397
2026-03-19 12:45:00,292.9145327953048,-31.27684630848408,693.0036682097597,954.6413546965804
2026-03-19 13:00:00,292.9145327953048,8.3899369705512,209.25418930637255,510.5586590722286
2026-03-19 13:15:00,292.9145327953048,36.00266552678323,1270.1230075680553,1599.0402058901434
2026-03-19 13:30:00,292.9145327953048,-20.921975207421045,75.96096085454947,347.9535184424332
2026-03-19 13:45:00,292.9145327953048,18.265546178386057,182.86266256252412,494.042741536215
2026-03-19 14:00:00,292.9145327953048,20.00905728546847,163.35250552563986,476.27609560641315
2026-03-19 14:15:00,292.9145327953048,2.6152607194561543,180.97888096991056,476.50867448467153
2026-03-19 14:30:00,292.9145327953048,-8.1074313267867,187.99189115734768,472.7989926258658
2026-03-19 14:45:00,292.9145327953048,-41.104295331983415,85.08648962751326,336.89672709083464
2026-03-19 15:00:00,292.9145327953048,40.1265615670423,621.8872737168556,954.9283680792028
2026-03-19 15:15:00,292.9145327953048,6.229738777003896,547.7768452698915,846.9211168422003
2026-03-19 15:30:00,292.9145327953048,12.489650202085727,496.6691006925952,802.0732836899857
2026-03-19 15:45:00,292.9145327953048,10.0833588369483,542.3963725705635,845.3942642028167
2026-03-19 16:00:00,99.45987344075331,-5.822300109667646,116.87442310580202,210.51199643688767
2026-03-19 16:15:00,99.45987344075331,-20.67935997042842,52.01715214778807,130.79766561811294
2026-03-19 16:30:00,99.45987344075331,-18.3677147812883,402.79299888382025,483.88515754328523
2026-03-19 16:45:00,99.45987344075331,10.646262383524856,628.62955547162,738.7356912958983
2026-03-19 17:00:00,99.45987344075331,24.43431167578765,21.588220665786892,145.48240578232787
2026-03-19 17:15:00,99.45987344075331,145.52111323935787,93.14528422755434,338.1262709076655
2026-03-19 17:30:00,99.45987344075331,39.72932467268861,85.62962105181035,224.81881916525228
2026-03-19 17:45:00,99.45987344075331,116.51432875749839,34.0968173433654,250.0710195416171
2026-03-19 18:00:00,99.45987344075331,114.47760001693965,72.95851509307685,286.8959885507698
2026-03-19 18:15:00,99.45987344075331,190.82862226403236,82.84933052976025,373.1378262345459
2026-03-19 18:30:00,99.45987344075331,222.31304122,43.8640919069105,365.63700656766383
2026-03-19 18:45:00,99.45987344075331,195.0130774264088,32.72615548887054,327.19910635603264
2026-03-19 19:00:00,99.45987344075331,203.0058515645598,48.91324852559611,351.3789735309092
2026-03-19 19:15:00,99.45987344075331,252.48537326501014,39.50031644295731,391.4455631487208
2026-03-19 19:30:00,99.45987344075331,243.8432924830533,37.11320166404526,380.4163675878519
2026-03-19 19:45:00,99.45987344075331,209.62936215994776,45.6471250334417,354.7363606341427
2026-03-19 20:00:00,96.3835392061527,201.75605966031983,28.729496684800484,326.869095551273
2026-03-19 20:15:00,96.3835392061527,228.14253047081513,35.61423879439645,360.1403084713643
2026-03-19 20:30:00,96.3835392061527,153.60765242438688,44.61497479753971,294.6061664280793
2026-03-19 20:45:00,96.3835392061527,143.38928542771936,37.65844997736666,277.43127461123873
2026-03-19 21:00:00,96.3835392061527,219.26202859402628,9.242265995130712,324.8878337953097
2026-03-19 21:15:00,96.3835392061527,171.3667844548819,39.167821637116525,306.9181452981511
2026-03-19 21:30:00,96.3835392061527,172.24183767293027,475.700712831548,744.326089710631
2026-03-19 21:45:00,96.3835392061527,141.18041701285827,718.4905307409466,956.0544869599576
2026-03-19 22:00:00,96.3835392061527,156.64992846057044,155.81309719811938,408.84656486484255
2026-03-19 22:15:00,96.3835392061527,110.62612205527589,1202.5520313402444,1409.561692601673
2026-03-19 22:30:00,96.3835392061527,198.29106553628333,-14.324539526533911,280.35006521590213
2026-03-19 22:45:00,96.3835392061527,161.81708863422688,-22.462318425665426,235.73830941471417
2026-03-19 23:00:00,96.3835392061527,-189.20733768996027,436.7783271125809,343.95452862877335
2026-03-19 23:15:00,96.3835392061527,137.18953167332216,-6.534581852742997,227.03848902673187
2026-03-19 23:30:00,96.3835392061527,222.7751632084994,-15.702640357208129,303.456062057444
2026-03-19 23:45:00,96.3835392061527,-125.71001444972451,516.5159718920393,487.18949664846747
2026-03-20 00:00:00,35.02426147718267,-226.20221832375609,240.0379551150349,48.85999826846148
2026-03-20 00:15:00,35.02426147718267,-154.83522431928068,289.1576804838763,169.34671764177827
2026-03-20 00:30:00,35.02426147718267,-114.64619539373817,241.6149301646855,161.99299624813
2026-03-20 00:45:00,35.02426147718267,86.75889025481575,-19.250188346294497,102.53296338570394
2026-03-20 01:00:00,35.02426147718267,-158.1925711405239,332.2718180723002,209.103508408959
2026-03-20 01:15:00,35.02426147718267,126.5323709386964,9.51204714234522,171.0686795582243
2026-03-20 01:30:00,35.02426147718267,162.9626284110643,98.88167063388929,296.86856052213625
2026-03-20 01:45:00,35.02426147718267,186.08626028312355,22.404616785154712,243.51513854546093
2026-03-20 02:00:00,35.02426147718267,214.8576132658244,45.19090734260713,295.0727820856142
2026-03-20 02:15:00,35.02426147718267,161.14834744181948,11.11062715744779,207.28323607644995
2026-03-20 02:30:00,35.02426147718267,160.00893744183873,83.237185744129,278.27038466315037
2026-03-20 02:45:00,35.02426147718267,107.86210135532521,-19.74978818048026,123.1365746520276
2026-03-20 03:00:00,35.02426147718267,114.53130550255838,33.6121549620281,183.16772194176917
2026-03-20 03:15:00,35.02426147718267,103.02239578793747,11.235268121734261,149.2819253868544
2026-03-20 03:30:00,35.02426147718267,74.69576264675725,23.0863089691926,132.8063330931325
2026-03-20 03:45:00,35.02426147718267,87.35039611316004,13.618470152041192,135.9931277423839
2026-03-20 04:00:00,110.68690848569659,114.91109901598352,23.069914045990693,248.6679215476708
2026-03-20 04:15:00,110.68690848569659,74.41642752968738,-14.665347250124807,170.43798876525918
2026-03-20 04:30:00,110.68690848569659,-48.69207086330586,131.08736367189232,193.08220129428304
2026-03-20 04:45:00,110.68690848569659,110.93501666021962,28.02392967457005,249.64585482048625
2026-03-20 05:00:00,110.68690848569659,155.45572365189057,40.92042578027424,307.0630579178614
2026-03-20 05:15:00,110.68690848569659,153.46319002488934,93.05789399409348,357.20799250467945
2026-03-20 05:30:00,110.68690848569659,163.60584221300684,-0.15764147619935898,274.13510922250407
2026-03-20 05:45:00,110.68690848569659,-161.46483175598098,411.58792087926474,360.8099976089803
2026-03-20 06:00:00,110.68690848569659,167.76829067948327,-101.99303258836173,176.46216657681813
2026-03-20 06:15:00,110.68690848569659,-217.99896056227,366.87851895774395,259.5664668811705
2026-03-20 06:30:00,110.68690848569659,-213.60984962151724,111.27552607607306,8.352584940252413
2026-03-20 06:45:00,110.68690848569659,-225.99710053266224,450.8137669354749,335.50357488850926
2026-03-20 07:00:00,110.68690848569659,-322.0736393572297,1412.109362765794,1200.722631894261
2026-03-20 07:15:00,110.68690848569659,-281.17052685926353,1377.2731258255712,1206.7895074520043
2026-03-20 07:30:00,110.68690848569659,-335.6934540137148,688.5326518452772,463.52610631725895
2026-03-20 07:45:00,110.68690848569659,-253.7484327500091,719.0822964201575,576.020772155845
2026-03-20 08:00:00,237.76077104324162,367.8621234754884,-314.0537791327895,291.56911538594045
2026-03-20 08:15:00,237.76077104324162,-119.70242938933379,751.6431556191853,869.7014972730932
2026-03-20 08:30:00,237.76077104324162,-135.88790105786026,437.9216060288016,539.7944760141829
2026-03-20 08:45:00,237.76077104324162,-66.58140308903818,494.52336906594917,665.7027370201527
2026-03-20 09:00:00,237.76077104324162,-98.91529368107085,709.3179440009769,848.1634213631477
2026-03-20 09:15:00,237.76077104324162,-106.73252382460817,152.04658908120314,283.0748362998366
2026-03-20 09:30:00,237.76077104324162,-95.11453938895642,317.98948626958224,460.63571792386745
2026-03-20 09:45:00,237.76077104324162,54.06712972310471,596.8271492587564,888.6550500251028
2026-03-20 10:00:00,237.76077104324162,-74.79239187008211,194.07062574560726,357.03900491876675
2026-03-20 10:15:00,237.76077104324162,-85.78576551363147,250.33272321273066,402.3077287423408
2026-03-20 10:30:00,237.76077104324162,-39.99731894464199,379.1795595768601,576.9430116754597
2026-03-20 10:45:00,237.76077104324162,-5.223045156838962,174.14897454620217,406.6867004326048
2026-03-20 11:00:00,237.76077104324162,26.594271991661543,9.876520822846281,274.2315638577494
2026-03-20 11:15:00,237.76077104324162,-17.726228281406584,129.64784771464247,349.6823904764775
2026-03-20 11:30:00,237.76077104324162,-22.181074649374604,620.201168929951,835.780865323818
2026-03-20 11:45:00,237.76077104324162,44.117726591014865,260.7740910647365,542.652588698993
2026-03-20 12:00:00,268.66453279530475,-3.004150121490474,50.535128781527845,316.19551145534217
2026-03-20 12:15:00,268.66453279530475,-34.45020600547367,158.14531220490474,392.35963899473586
2026-03-20 12:30:00,268.66453279530475,17.579695011181702,130.77107633008717,417.0153041365736
2026-03-20 12:45:00,268.66453279530475,-21.80184630848408,834.3244548326151,1081.1871413194358
2026-03-20 13:00:00,268.66453279530475,13.364936970551195,6275.692415362507,6557.721885128362
2026-03-20 13:15:00,268.66453279530475,38.52766552678323,47.07110213827852,354.2633004603665
2026-03-20 13:30:00,268.66453279530475,-17.14697520742105,98.59606364903541,350.11362123691913
2026-03-20 13:45:00,268.66453279530475,20.79054617838605,167.4767829825383,456.9318619562291
2026-03-20 14:00:00,268.66453279530475,24.884057285468472,121.95630254878816,415.50489262956137
2026-03-20 14:15:00,268.66453279530475,7.640260719456158,115.03322261362177,391.33801612838266
2026-03-20 14:30:00,268.66453279530475,-3.2574313267867003,136.3359648399491,401.7430663084672
2026-03-20 14:45:00,268.66453279530475,-33.40429533198343,92.29388358881003,327.55412105213134
2026-03-20 15:00:00,268.66453279530475,47.82656156704228,99.98435288775784,416.4754472501049
2026-03-20 15:15:00,268.66453279530475,7.958749967797315,113.78596331890415,390.40924608200623
2026-03-20 15:30:00,268.66453279530475,-20.71465020208573,323.7639714514686,571.7138540446877
2026-03-20 15:45:00,268.66453279530475,-19.533358836948302,364.77570868932315,613.9068826476796
2026-03-20 16:00:00,195.1098734407533,-6.92769989033235,111.84014294003596,300.0223164904569
2026-03-20 16:15:00,195.1098734407533,6.229359970428416,127.3632609930706,328.7024944042523
2026-03-20 16:30:00,195.1098734407533,-15.307285218711698,79.98415577438878,259.7867439964304
2026-03-20 16:45:00,195.1098734407533,56.64626238352484,15.147983857548823,266.90411968182696
2026-03-20 17:00:00,195.1098734407533,75.95931167578765,6.5151984612683504,277.5843835778093
2026-03-20 17:15:00,195.1098734407533,135.07111323935794,40.69644796589822,370.8774346460095
2026-03-20 17:30:00,195.1098734407533,127.30432467268861,49.01819105615718,371.4323891695991
2026-03-20 17:45:00,195.1098734407533,228.4393287574984,-6.0219902742999505,417.52721192395177
2026-03-20 18:00:00,195.1098734407533,-104.52760001693969,135.40623694988486,225.98851037369846
2026-03-20 18:15:00,195.1098734407533,273.35362226403237,-33.61835214107236,434.8451435637133
2026-03-20 18:30:00,195.1098734407533,370.61304122,-91.27867571553755,474.4442389452158
2026-03-20 18:45:00,195.1098734407533,301.4380774264088,-81.86234714492667,414.68560372223544
2026-03-20 19:00:00,195.1098734407533,-247.2308515645598,791.5571903379006,739.4362122140941
2026-03-20 19:15:00,195.1098734407533,-299.28537326501015,718.9026948152284,614.7271949909716
2026-03-20 19:30:00,195.1098734407533,382.84329248305323,-78.80389410999989,499.14927181380665
2026-03-20 19:45:00,195.1098734407533,301.5293621599477,-94.19448555904947,402.44475004165156
2026-03-20 20:00:00,98.6835392061527,-240.10605966031983,931.2722828151011,789.8497623609339
2026-03-20 20:15:00,98.6835392061527,250.4675304708152,966.0755102953297,1315.2265799722975
2026-03-20 20:30:00,98.6835392061527,185.2576524243869,488.94728661761167,772.8884782481513
2026-03-20 20:45:00,98.6835392061527,200.86428542771932,26.941776630392418,326.4896012642645
2026-03-20 21:00:00,98.6835392061527,259.76202859402633,13.34698382227234,371.7925516224514
2026-03-20 21:15:00,98.6835392061527,207.06678445488188,878.6702448684437,1184.4205685294783
2026-03-20 21:30:00,98.6835392061527,209.99183767293027,305.3353920995742,614.0107689786572
2026-03-20 21:45:00,98.6835392061527,178.05541701285824,-40.22516254561077,236.5137936734002
2026-03-20 22:00:00,98.6835392061527,-208.92492846057047,420.96104071303137,310.7196514586136
2026-03-20 22:15:00,98.6835392061527,-154.5511220552759,456.5219922050178,400.6544093558946
2026-03-20 22:30:00,98.6835392061527,232.16606553628333,-56.57784266652637,274.2717620759097
2026-03-20 22:45:00,98.6835392061527,206.06708863422688,-84.96617845193633,219.78444938844325
2026-03-20 23:00:00,98.6835392061527,-239.25733768996022,570.1906158648486,429.6168173810411
2026-03-20 23:15:00,98.6835392061527,204.2895316733222,-38.57065460711432,264.4024162723606
2026-03-20 23:30:00,98.6835392061527,-194.75016320849934,530.9258328739149,434.8592088715683
2026-03-20 23:45:00,98.6835392061527,1.590654229278465,182.62465765147036,282.8988510869015
2026-03-21 00:00:00,25.02426147718267,-193.62721832375604,196.86471674753153,28.261759900958168
2026-03-21 00:15:00,25.02426147718267,-152.33522431928068,121.71486024543981,-5.5961025966581985
2026-03-21 00:30:00,25.02426147718267,-104.32119539373814,340.89998253334187,261.6030486167864
2026-03-21 00:45:00,25.02426147718267,-82.85889025481573,305.94411940345105,248.10949062581798
2026-03-21 01:00:00,25.02426147718267,-129.86757114052392,174.3709622533425,69.52765259000125
2026-03-21 01:15:00,25.02426147718267,-111.83237093869639,303.2412369634055,216.43312750189182
2026-03-21 01:30:00,25.02426147718267,-131.46262841106432,259.6034987984505,153.16513186456888
2026-03-21 01:45:00,25.02426147718267,143.73626028312356,-57.83086970990371,110.92965205040252
2026-03-21 02:00:00,25.02426147718267,171.28261326582444,-4.260033143539635,192.04684159946748
2026-03-21 02:15:00,25.02426147718267,142.6733474418195,7.746514012355531,175.4441229313577
2026-03-21 02:30:00,25.02426147718267,131.48393744183875,115.54977903834872,272.05797795737016
2026-03-21 02:45:00,25.02426147718267,108.63710135532516,-22.518458284900298,111.14290454760751
2026-03-21 03:00:00,25.02426147718267,93.0563055025584,21.24433329278666,139.3249002725277
2026-03-21 03:15:00,25.02426147718267,103.69739578793748,9.322306715234905,138.04396398035504
2026-03-21 03:30:00,25.02426147718267,65.97076264675724,21.162262109332833,112.15728623327274
2026-03-21 03:45:00,25.02426147718267,80.30177054110581,23.225877242411542,128.55190926070003
2026-03-21 04:00:00,91.68690848569656,116.13609901598352,28.903574362007085,236.72658186368716
2026-03-21 04:15:00,91.68690848569656,80.56642752968739,-17.54483125644206,154.7085047589419
2026-03-21 04:30:00,91.68690848569656,-62.667070863305874,121.04365803691799,150.06349565930867
2026-03-21 04:45:00,91.68690848569656,80.58501666021961,45.84365635960753,218.1155815055237
2026-03-21 05:00:00,91.68690848569656,122.15572365189058,37.75629073292088,251.59892287050803
2026-03-21 05:15:00,91.68690848569656,107.9381900248893,87.83031458304599,287.4554130936319
2026-03-21 05:30:00,91.68690848569656,111.65584221300685,41.17345260604459,244.516203304748
2026-03-21 05:45:00,91.68690848569656,133.839831755981,-4.858347745151656,220.6683924965259
2026-03-21 06:00:00,91.68690848569656,143.99329067948332,-26.775893426455546,208.90430573872433
2026-03-21 06:15:00,91.68690848569656,137.52396056227005,-14.844888346832079,214.36598070113453
2026-03-21 06:30:00,91.68690848569656,121.53484962151722,-34.73820647771372,178.48355162950008
2026-03-21 06:45:00,91.68690848569656,135.04710053266226,-120.12699351321803,106.6070155051408
2026-03-21 07:00:00,91.68690848569656,-138.3736393572298,381.7959615017189,335.1092306301857
2026-03-21 07:15:00,91.68690848569656,-96.64552685926353,855.6606043918739,850.7019860183069
2026-03-21 07:30:00,91.68690848569656,-112.04345401371481,495.2426824531423,474.8861369251241
2026-03-21 07:45:00,91.68690848569656,-120.42343275000908,482.63911157006913,453.9025873057566
2026-03-21 08:00:00,133.11077104324164,-153.68712347548845,420.43144317775625,399.8550907455094
2026-03-21 08:15:00,133.11077104324164,-77.8524293893338,398.9396203259635,454.19796197987137
2026-03-21 08:30:00,133.11077104324164,-92.2379010578603,313.477865671217,354.3507356565983
2026-03-21 08:45:00,133.11077104324164,-65.05640308903818,357.16014615118615,425.21451410538964
2026-03-21 09:00:00,133.11077104324164,-73.11529368107084,323.12195428558846,383.11743164775925
2026-03-21 09:15:00,133.11077104324164,-66.55752382460817,132.92211312798696,199.47536034662045
2026-03-21 09:30:00,133.11077104324164,-67.71453938895642,241.56247742467912,306.9587090789643
2026-03-21 09:45:00,133.11077104324164,-36.292129723104715,184.92535846664242,281.74399978677934
2026-03-21 10:00:00,133.11077104324164,-15.517391870082122,295.98536847595363,413.57874764911315
2026-03-21 10:15:00,133.11077104324164,-56.410765513631475,372.37128155745324,449.0712870870634
2026-03-21 10:30:00,133.11077104324164,-17.89731894464199,400.14838869534714,515.3618407939468
2026-03-21 10:45:00,133.11077104324164,7.223045156838958,426.08589446841154,566.4197106684921
2026-03-21 11:00:00,133.11077104324164,33.844271991661536,149.99085199943482,316.94589503433804
2026-03-21 11:15:00,133.11077104324164,21.301228281406583,100.68824987977773,255.10024920442595
2026-03-21 11:30:00,133.11077104324164,24.831074649374607,123.85377908533462,281.7956247779509
2026-03-21 11:45:00,133.11077104324164,-34.50341676768152,39.86120435259834,138.46855862815846
2026-03-21 12:00:00,27.089532795304784,-7.0208498785095275,76.024660309486,96.09334322628125
2026-03-21 12:15:00,27.089532795304784,23.900206005473667,203.4086122187047,254.39835101948313
2026-03-21 12:30:00,27.089532795304784,-25.6296950111817,63.761517281269505,65.22135506539259
2026-03-21 12:45:00,27.089532795304784,19.051846308484084,209.72637594823846,255.86775505202732
2026-03-21 13:00:00,27.089532795304784,-11.6899369705512,388.31607818267787,403.71567400743146
2026-03-21 13:15:00,27.089532795304784,-36.80266552678323,276.99148475457633,267.2783520230979
2026-03-21 13:30:00,27.089532795304784,20.896975207421058,229.56737064667632,277.5538786494022
2026-03-21 13:45:00,27.089532795304784,-30.365546178386055,249.35735562517866,246.08134224209738
2026-03-21 14:00:00,27.089532795304784,-22.30905728546847,266.9301226767687,271.710598186605
2026-03-21 14:15:00,27.089532795304784,-2.6152607194561543,466.2442843207785,490.71855639662715
2026-03-21 14:30:00,27.089532795304784,7.832431326786702,399.5144223799055,434.436386501997
2026-03-21 14:45:00,27.089532795304784,35.00429533198342,427.1791810663293,489.2730091936175
2026-03-21 15:00:00,27.089532795304784,-50.801561567042285,375.5774773971054,351.8654486253679
2026-03-21 15:15:00,27.089532795304784,-16.829738777003907,438.95291077911145,449.2127047974123
2026-03-21 15:30:00,27.089532795304784,-24.989650202085723,316.6065377602873,318.70642035350636
2026-03-21 15:45:00,27.089532795304784,-25.958358836948292,383.44254099704284,384.57371495539934
2026-03-21 16:00:00,138.10987344075332,-6.677699890332354,260.85190810820393,392.2840816586249
2026-03-21 16:15:00,138.10987344075332,16.90435997042842,109.58792309358212,264.60215650476385
2026-03-21 16:30:00,138.10987344075332,-1.0322852187116922,117.6152605524182,254.69284877445983
2026-03-21 16:45:00,138.10987344075332,32.52126238352486,557.4013883672977,728.0325241915759
2026-03-21 17:00:00,138.10987344075332,-46.60931167578766,99.64422981888715,191.1447915838528
2026-03-21 17:15:00,138.10987344075332,24.246113239357896,976.4173762763143,1138.7733629564254
2026-03-21 17:30:00,138.10987344075332,80.05432467268861,1030.757616951669,1248.9218150651109
2026-03-21 17:45:00,138.10987344075332,130.73932875749844,502.8979200348378,771.7471222330896
2026-03-21 18:00:00,138.10987344075332,-75.85260001693969,233.83211202652052,296.08938545033413
2026-03-21 18:15:00,138.10987344075332,155.85362226403234,-39.46608042726058,254.49741527752508
2026-03-21 18:30:00,138.10987344075332,205.83804122000004,-62.12008108430185,281.8278335764515
2026-03-21 18:45:00,138.10987344075332,208.61307742640884,-70.59241822678518,276.13053264037694
2026-03-21 19:00:00,138.10987344075332,-166.0808515645598,412.92061716994175,384.9496390461353
2026-03-21 19:15:00,138.10987344075332,-215.78537326501015,455.01087671116665,377.3353768869098
2026-03-21 19:30:00,138.10987344075332,209.74329248305327,-114.44641939072338,233.40674653308324
2026-03-21 19:45:00,138.10987344075332,242.32936215994778,-87.23606955652022,293.2031660441809
2026-03-21 20:00:00,93.10853920615267,-204.88105966031983,345.136335739484,233.36381528531686
2026-03-21 20:15:00,93.10853920615267,222.21753047081518,-120.09044505445782,195.23562462251004
2026-03-21 20:30:00,93.10853920615267,160.40765242438684,-74.37790302223343,179.13828860830608
2026-03-21 20:45:00,93.10853920615267,166.48928542771932,-52.53141906185672,207.06640557201527
2026-03-21 21:00:00,93.10853920615267,248.78702859402634,-65.857093788875,276.03847401130406
2026-03-21 21:15:00,93.10853920615267,200.44178445488186,-45.741870612409556,247.80845304862498
2026-03-21 21:30:00,93.10853920615267,-196.16683767293028,421.16374749341264,318.10544902663503
2026-03-21 21:45:00,93.10853920615267,147.15541701285827,-84.8713244139651,155.39263180504582
2026-03-21 22:00:00,93.10853920615267,208.54992846057044,-63.57339203822987,238.08507562849326
2026-03-21 22:15:00,93.10853920615267,135.4511220552759,-8.392147009761505,220.16751425166706
2026-03-21 22:30:00,93.10853920615267,215.04106553628333,-64.09087266907491,244.05873207336109
2026-03-21 22:45:00,93.10853920615267,187.9670886342269,-53.51514161377937,227.5604862266002
2026-03-21 23:00:00,93.10853920615267,209.90733768996026,-52.55778316416049,250.4580937319524
2026-03-21 23:15:00,93.10853920615267,167.78953167332222,10.821529175960624,271.7196000554355
2026-03-21 23:30:00,93.10853920615267,144.3751632084994,-16.638207806631694,220.84549460802037
2026-03-21 23:45:00,93.10853920615267,111.81001444972449,15.993699685221008,220.91225334109816
2026-03-22 00:00:00,35.02426147718267,235.25221832375598,9.587571252345224,279.8640510532839
2026-03-22 00:15:00,35.02426147718267,185.31022431928074,-56.101553205036794,164.23293259142662
2026-03-22 00:30:00,35.02426147718267,162.09619539373816,-14.377885314419155,182.74257155650167
2026-03-22 00:45:00,35.02426147718267,103.95889025481577,-28.279646637688852,110.70350509430959
2026-03-22 01:00:00,35.02426147718267,193.36757114052392,-65.30876724128618,163.08306537642042
2026-03-22 01:15:00,35.02426147718267,134.6573709386964,-3.8149153297196556,165.8667170861594
2026-03-22 01:30:00,35.02426147718267,123.9376284110643,76.62701016635083,235.5889000545978
2026-03-22 01:45:00,35.02426147718267,126.91126028312355,24.774218316545486,186.7097400768517
2026-03-22 02:00:00,35.02426147718267,178.63261326582446,30.50397621069873,244.16085095370588
2026-03-22 02:15:00,35.02426147718267,130.1733474418195,-2.1627225940350594,163.03488632496712
2026-03-22 02:30:00,35.02426147718267,127.63393744183875,47.61574655396174,210.27394547298317
2026-03-22 02:45:00,35.02426147718267,104.23710135532518,-13.056301736583228,126.20506109592462
2026-03-22 03:00:00,35.02426147718267,101.18130550255839,17.843533352732955,154.049100332474
2026-03-22 03:15:00,35.02426147718267,103.1973957879375,7.690113032420852,145.911770297541
2026-03-22 03:30:00,35.02426147718267,66.44576264675726,20.15670767552283,121.62673179946276
2026-03-22 03:45:00,35.02426147718267,83.97539611316006,32.144786019426746,151.1444436097695
2026-03-22 04:00:00,91.68690848569656,124.76109901598352,28.3477566341888,244.7957641358689
2026-03-22 04:15:00,91.68690848569656,79.14142752968738,-9.159226098678197,161.66910991670574
2026-03-22 04:30:00,91.68690848569656,-60.367070863305855,126.19840638325313,157.51824400564385
2026-03-22 04:45:00,91.68690848569656,80.2350166602196,72.41511428562059,244.33703943153677
2026-03-22 05:00:00,91.68690848569656,101.45572365189057,38.192175339249935,231.33480747683706
2026-03-22 05:15:00,91.68690848569656,93.3381900248893,90.68296234717414,275.70806085775996
2026-03-22 05:30:00,91.68690848569656,97.05584221300684,56.832926317455495,245.5756770161589
2026-03-22 05:45:00,91.68690848569656,11.842293752176328,67.23149777942346,170.76070001729636
2026-03-22 06:00:00,91.68690848569656,115.09329067948335,26.761609702093388,233.5418088672733
2026-03-22 06:15:00,91.68690848569656,107.94896056227003,30.62315927158856,230.25902831955514
2026-03-22 06:30:00,91.68690848569656,-94.55984962151726,144.1549801553047,141.28203901948402
2026-03-22 06:45:00,91.68690848569656,105.44710053266226,1289.6039179590534,1486.7379269774124
2026-03-22 07:00:00,91.68690848569656,129.27363935722974,264.2681424179961,485.2286902609224
2026-03-22 07:15:00,91.68690848569656,71.22052685926356,69.68876829825058,232.59620364321069
2026-03-22 07:30:00,91.68690848569656,93.9684540137148,39.26619749929368,224.92155999870505
2026-03-22 07:45:00,91.68690848569656,93.92343275000908,25.80497190495813,211.41531314066378
2026-03-22 08:00:00,98.71077104324166,164.03712347548844,100.87598287613068,363.62387739486076
2026-03-22 08:15:00,98.71077104324166,49.327429389333794,66.87236535573376,214.9105657883092
2026-03-22 08:30:00,98.71077104324166,54.0629010578603,97.95370401844374,250.7273761195457
2026-03-22 08:45:00,98.71077104324166,-4.643596910961822,38.02170067051805,132.0888748027979
2026-03-22 09:00:00,98.71077104324166,-23.16529368107082,55.43547575252937,130.9809531147002
2026-03-22 09:15:00,98.71077104324166,-0.7241531268817513,18.79753563768891,116.78415355404883
2026-03-22 09:30:00,98.71077104324166,-22.114539388956413,474.9217140803513,551.5179457346366
2026-03-22 09:45:00,98.71077104324166,-4.942129723104715,493.0744000885155,586.8430414086524
2026-03-22 10:00:00,98.71077104324166,9.907608129917884,276.9536612298254,385.57204040298495
2026-03-22 10:15:00,98.71077104324166,-25.76076551363147,528.5308589034933,601.4808644331034
2026-03-22 10:30:00,98.71077104324166,-0.09731894464198776,480.0265223284038,578.6399744270035
2026-03-22 10:45:00,98.71077104324166,18.823045156838962,461.57256937408795,579.1063855741686
2026-03-22 11:00:00,98.71077104324166,42.84427199166154,3.557540424211389,145.1125834591146
2026-03-22 11:15:00,98.71077104324166,-32.42622828140658,157.34064389934903,223.6251866611841
2026-03-22 11:30:00,98.71077104324166,40.1560746493746,33.14367475302221,172.01052044563846
2026-03-22 11:45:00,98.71077104324166,25.767726591014863,155.25099307932285,279.72949071357937
2026-03-22 12:00:00,90.41453279530478,18.42915012149048,164.9776628160384,273.82134573283366
2026-03-22 12:15:00,90.41453279530478,47.65020600547366,95.733616451076,233.79835525185445
2026-03-22 12:30:00,90.41453279530478,-5.604695011181699,184.0218572276184,268.8316950117415
2026-03-22 12:45:00,90.41453279530478,35.00184630848408,127.40445305871035,252.82083216249922
2026-03-22 13:00:00,90.41453279530478,1.335063029448803,128.34468462546056,220.09428045021414
2026-03-22 13:15:00,90.41453279530478,-26.277665526783224,515.443579214125,579.5804464826465
2026-03-22 13:30:00,90.41453279530478,29.146975207421054,215.51600115973815,335.07750916246397
2026-03-22 13:45:00,90.41453279530478,10.740546178386055,202.79030383575133,303.94538280944215
2026-03-22 14:00:00,90.41453279530478,-14.784057285468467,282.8930408702416,358.5235163800779
2026-03-22 14:15:00,90.41453279530478,0.3347392805438396,313.1806329530243,403.92990502887295
2026-03-22 14:30:00,90.41453279530478,-2.560926091069279,68.60041709070404,156.45402379493953
2026-03-22 14:45:00,90.41453279530478,33.75429533198342,150.875319642673,275.0441477699612
2026-03-22 15:00:00,90.41453279530478,40.076561567042305,36.75850994202922,167.2496043043763
2026-03-22 15:15:00,90.41453279530478,-6.229738777003896,137.83215629286397,222.01695031116486
2026-03-22 15:30:00,90.41453279530478,-27.139650202085726,379.3359652310912,442.61084782431027
2026-03-22 15:45:00,90.41453279530478,-10.0833588369483,188.62543719410536,268.95661115246185
2026-03-22 16:00:00,138.10987344075332,5.69730010966765,119.51725887647149,263.3244324268925
2026-03-22 16:15:00,138.10987344075332,-1.7956400295715815,140.33852748242376,276.6527608936055
2026-03-22 16:30:00,138.10987344075332,1.2927147812883035,75.30803534904078,214.7106235710824
2026-03-22 16:45:00,138.10987344075332,-7.47126238352486,109.66479692451462,240.30340798174308
2026-03-22 17:00:00,138.10987344075332,116.48431167578767,-19.124277862220378,235.46990725432062
2026-03-22 17:15:00,138.10987344075332,-42.4461132393579,120.37078541782523,216.03454561922064
2026-03-22 17:30:00,138.10987344075332,76.95432467268861,-44.03856424221216,171.0256338712298
2026-03-22 17:45:00,138.10987344075332,175.21432875749844,-107.88801776660378,205.436184431648
2026-03-22 18:00:00,138.10987344075332,-113.37760001693971,171.24161078229892,195.97388420611253
2026-03-22 18:15:00,138.10987344075332,-170.4786222640323,290.32508619874324,257.9563373754643
2026-03-22 18:30:00,138.10987344075332,-213.73804122000007,534.4634319989082,458.83526421966144
2026-03-22 18:45:00,138.10987344075332,-276.23807742640884,1035.9401466200197,897.8119426343642
2026-03-22 19:00:00,138.10987344075332,-252.93085156455982,462.1010587270992,347.28008060329273
2026-03-22 19:15:00,138.10987344075332,-300.5603732650101,492.5687639759566,330.1182641516998
2026-03-22 19:30:00,138.10987344075332,-320.8932924830533,1193.8014133605402,1011.0179943182402
2026-03-22 19:45:00,138.10987344075332,294.05436215994774,-281.07743214312006,151.08680345758103
2026-03-22 20:00:00,67.74062215945253,-252.13105966031986,291.1953827850971,106.80494528422975
2026-03-22 20:15:00,67.74062215945253,-204.84253047081518,439.6293285493396,302.52742023797697
2026-03-22 20:30:00,67.74062215945253,-155.25765242438686,649.4991954200843,561.98216515515
2026-03-22 20:45:00,67.74062215945253,-164.31428542771943,818.8016399965243,722.2279767282573
2026-03-22 21:00:00,67.74062215945253,-241.78702859402634,843.8556863631271,669.8092799285533
2026-03-22 21:15:00,67.74062215945253,-186.34178445488186,318.8304028632469,200.22924056781756
2026-03-22 21:30:00,67.74062215945253,-197.74183767293016,416.5168744856799,286.5156589722023
2026-03-22 21:45:00,67.74062215945253,-153.23041701285823,331.8009665698269,246.31117171642123
2026-03-22 22:00:00,67.74062215945253,-216.04992846057044,253.1720227970659,104.86271649594798
2026-03-22 22:15:00,67.74062215945253,-165.0011220552759,574.0735761941909,476.8130762983675
2026-03-22 22:30:00,67.74062215945253,-266.69106553628336,388.6001751566189,189.64973177978806
2026-03-22 22:45:00,67.74062215945253,-201.8420886342269,590.9172039920253,456.8157375172509
2026-03-22 23:00:00,67.74062215945253,228.08233768996024,-242.7093499530131,53.11360989639968
2026-03-22 23:15:00,67.74062215945253,-164.73953167332218,510.85779372435564,413.858884210486
2026-03-22 23:30:00,67.74062215945253,219.12516320849934,-94.28008485328222,192.5857005146696
2026-03-22 23:45:00,67.74062215945253,-121.3850144497245,333.62881053130525,279.98441824103327
2026-03-23 00:00:00,50.411761477182665,-270.177218323756,594.659827728399,374.8943708818257
2026-03-23 00:15:00,50.411761477182665,-178.5852243192807,118.33321221089868,-9.840250631199368
2026-03-23 00:30:00,50.411761477182665,-112.72119539373816,23.60220120569357,-38.707232710861916
2026-03-23 00:45:00,50.411761477182665,-63.30889025481575,24.75491731304328,11.857788535410194
2026-03-23 01:00:00,50.411761477182665,-134.9175711405239,1801.9206123362244,1717.414802672883
2026-03-23 01:15:00,50.411761477182665,-137.45737093869636,1263.103740271106,1176.0581308095923
2026-03-23 01:30:00,50.411761477182665,-303.5626284110644,2487.040781565463,2233.889914631581
2026-03-23 01:45:00,50.411761477182665,-296.48626028312356,842.6023822865484,596.5278834806074
2026-03-23 02:00:00,50.411761477182665,207.145200761027,-300.7004113420563,-43.14344910384665
2026-03-23 02:15:00,50.411761477182665,-237.4733474418195,343.28699831746974,156.2254123528329
2026-03-23 02:30:00,50.411761477182665,-261.0839374418387,212.490077238987,1.81790127433095
2026-03-23 02:45:00,50.411761477182665,-175.13710135532517,640.927432125761,516.2020922476186
2026-03-23 03:00:00,50.411761477182665,213.8813055025584,-274.7883931964678,-10.49532621672671
2026-03-23 03:15:00,50.411761477182665,174.67239578793743,-222.7132401459042,2.3709171192159033
2026-03-23 03:30:00,50.411761477182665,-115.57076264675727,34.444736634494205,-30.714264535080403
2026-03-23 03:45:00,50.411761477182665,-113.67539611316003,355.4913810522317,292.2277464162543
2026-03-23 04:00:00,85.6223351012298,-147.21109901598356,115.46916068488083,53.880396770127064
2026-03-23 04:15:00,85.6223351012298,-92.44142752968739,92.01482306094991,85.19573063249231
2026-03-23 04:30:00,85.6223351012298,-106.81707086330587,227.9049232131951,206.71018745111903
2026-03-23 04:45:00,85.6223351012298,-110.61001666021963,218.54194090191436,193.55425934292452
2026-03-23 05:00:00,85.6223351012298,-157.95572365189057,357.5236963258383,285.19030777517753
2026-03-23 05:15:00,85.6223351012298,-133.28819002488927,133.53294759348438,85.8670926698249
2026-03-23 05:30:00,85.6223351012298,211.50584221300682,-102.67739047292359,194.450786841313
2026-03-23 05:45:00,85.6223351012298,244.56483175598098,-312.45269309673097,17.734473760479773
2026-03-23 06:00:00,85.6223351012298,-211.79329067948333,794.8166202855073,668.6456647072537
2026-03-23 06:15:00,85.6223351012298,-297.52396056227,506.6580086781408,294.75638321710056
2026-03-23 06:30:00,85.6223351012298,-378.10984962151724,531.0027117879733,238.5151972676859
2026-03-23 06:45:00,85.6223351012298,-447.14710053266225,1704.2258435530362,1342.7010781216036
2026-03-23 07:00:00,85.6223351012298,-459.42363935722983,485.85366304000473,112.0523587840047
2026-03-23 07:15:00,85.6223351012298,-431.39552685926355,161.8739570193212,-183.89923473871255
2026-03-23 07:30:00,85.6223351012298,-423.89345401371486,599.2529618121876,260.9818428997025
2026-03-23 07:45:00,85.6223351012298,-351.5234327500092,1278.030310591737,1012.1292129429576
2026-03-23 08:00:00,339.31077104324163,-523.7621234754885,10509.914508387888,10325.463155955642
2026-03-23 08:15:00,339.31077104324163,-365.0774293893338,9327.903680007188,9302.137021661096
2026-03-23 08:30:00,339.31077104324163,-310.5879010578603,600.556346866662,629.2792168520434
2026-03-23 08:45:00,339.31077104324163,-219.4064030890382,1510.8627114260864,1630.76707938029
2026-03-23 09:00:00,339.31077104324163,-214.39029368107086,1096.7870977092962,1221.7075750714669
2026-03-23 09:15:00,339.31077104324163,-197.93252382460818,1130.7590770851332,1272.1373243037667
2026-03-23 09:30:00,339.31077104324163,-293.8645393889564,946.3915528377593,991.8377844920444
2026-03-23 09:45:00,339.31077104324163,-180.6421297231047,823.6647797314557,982.3334210515927
2026-03-23 10:00:00,339.31077104324163,-162.94239187008208,1251.8131749104493,1428.181554083609
2026-03-23 10:15:00,339.31077104324163,114.78576551363147,881.8714961266409,1335.968032683514
2026-03-23 10:30:00,339.31077104324163,46.42231894464199,588.9131325850074,974.646222572891
2026-03-23 10:45:00,339.31077104324163,16.873045156838955,171.4241059204204,527.6079221205009
2026-03-23 11:00:00,339.31077104324163,31.544271991661542,188.95766189550304,559.8127049304062
2026-03-23 11:15:00,339.31077104324163,28.623771718593424,287.92641228149654,655.8609550433316
2026-03-23 11:30:00,339.31077104324163,25.843925350625383,2213.328283305221,2578.482979699088
2026-03-23 11:45:00,339.31077104324163,35.992726591014865,2076.3887629403466,2451.692260574603
2026-03-23 12:00:00,370.21453279530476,-9.579150121490471,1175.4721916116027,1536.107574285417
2026-03-23 12:15:00,370.21453279530476,7.299793994526338,517.8805048197645,895.3948316095956
2026-03-23 12:30:00,370.21453279530476,84.3046950111817,89.73046424619723,544.2496920526837
2026-03-23 12:45:00,370.21453279530476,-6.248153691515915,334.16946576477096,698.1358448685598
2026-03-23 13:00:00,370.21453279530476,-8.5149369705512,626.8878610514569,988.5874568762104
2026-03-23 13:15:00,370.21453279530476,-38.55266552678323,279.61933795366144,611.281205222183
2026-03-23 13:30:00,370.21453279530476,20.896975207421058,194.76725382047306,585.8787618231988
2026-03-23 13:45:00,370.21453279530476,-18.290546178386055,347.3335460773101,699.2575326942288
2026-03-23 14:00:00,370.21453279530476,-79.83405728546845,540.1968623592072,830.5773378690435
2026-03-23 14:15:00,370.21453279530476,-26.14026071945616,413.6109823180148,757.6852543938635
2026-03-23 14:30:00,370.21453279530476,-44.667568673213296,433.37595863950065,758.9229227615922
2026-03-23 14:45:00,370.21453279530476,41.07929533198342,409.5717694217117,820.8655975489999
2026-03-23 15:00:00,370.21453279530476,-71.9015615670423,477.5101583479228,775.8231295761852
2026-03-23 15:15:00,370.21453279530476,36.45473877700389,129.11242739662526,535.7816989689339
2026-03-23 15:30:00,370.21453279530476,-53.01465020208573,66.04008531270551,383.2399679059246
2026-03-23 15:45:00,370.21453279530476,-28.8333588369483,112.5108883612468,453.89206231960327
2026-03-23 16:00:00,220.88487344075332,-13.302699890332356,60.29488640402119,267.8770599544422
2026-03-23 16:15:00,220.88487344075332,-60.470640029571584,206.65136132919264,367.06559474037437
2026-03-23 16:30:00,220.88487344075332,-59.4322852187117,238.56865900820299,400.0212472302446
2026-03-23 16:45:00,220.88487344075332,143.37126238352488,6.451808934199258,370.7079447584775
2026-03-23 17:00:00,220.88487344075332,135.05931167578763,-76.16084651346492,279.783338603076
2026-03-23 17:15:00,220.88487344075332,-163.89611323935793,323.01089331426016,379.99965351565555
2026-03-23 17:30:00,220.88487344075332,-210.02932467268857,930.7021629541217,941.5577117221865
2026-03-23 17:45:00,220.88487344075332,278.11432875749847,-86.38579642779415,412.61340577045763
2026-03-23 18:00:00,220.88487344075332,171.10260001693962,-86.40542238767956,305.5820510700134
2026-03-23 18:15:00,220.88487344075332,295.5036222640324,-24.15812222594355,492.23037347884224
2026-03-23 18:30:00,220.88487344075332,348.08804122000004,-129.33320009536118,439.6397145653921
2026-03-23 18:45:00,220.88487344075332,586.1130774264088,-426.74580033533175,380.25215053183047
2026-03-23 19:00:00,220.88487344075332,-433.0308515645597,1824.5814004767417,1612.4354223529353
2026-03-23 19:15:00,220.88487344075332,-548.4103732650101,1498.095058916425,1170.5695590921682
2026-03-23 19:30:00,220.88487344075332,-542.1682924830533,1501.4601564320692,1180.1767373897692
2026-03-23 19:45:00,220.88487344075332,-526.5293621599477,1094.424364022812,788.7798753036175
2026-03-23 20:00:00,62.09487310016546,-538.1060596603199,1254.9513654915268,778.9401789313722
2026-03-23 20:15:00,62.09487310016546,-398.4675304708152,1136.5917424128488,800.2190850421991
2026-03-23 20:30:00,62.09487310016546,-313.43265242438684,1565.7405317330977,1314.4027524088763
2026-03-23 20:45:00,62.09487310016546,-305.73928542771944,1107.810557224154,864.1661448966001
2026-03-23 21:00:00,62.09487310016546,-386.8120285940263,930.0838917421136,605.3667362482527
2026-03-23 21:15:00,62.09487310016546,-327.4917844548819,574.515948813489,309.11903745877254
2026-03-23 21:30:00,62.09487310016546,-295.5418376729302,836.0030495811621,602.5560850083973
2026-03-23 21:45:00,62.09487310016546,-265.6554170128582,851.0331056803809,647.4725617676881
2026-03-23 22:00:00,62.09487310016546,309.34992846057037,-326.59730127804403,44.84750028269178
2026-03-23 22:15:00,62.09487310016546,222.80112205527593,-204.93566499583562,79.96033015960575
2026-03-23 22:30:00,62.09487310016546,397.5160655362834,-162.81127629095687,296.799662345492
2026-03-23 22:45:00,62.09487310016546,387.8170886342268,-60.0273355894753,389.884626144917
2026-03-23 23:00:00,62.09487310016546,409.05733768996015,-124.52614008787282,346.6260707022528
2026-03-23 23:15:00,62.09487310016546,267.18953167332216,1208.0816854761192,1537.3660902496067
2026-03-23 23:30:00,62.09487310016546,294.87516320849943,40.753119988313884,397.72315629697874
2026-03-23 23:45:00,62.09487310016546,214.33501444972447,10.400183962991225,286.83007151288115
2026-03-24 00:00:00,35.07426147718267,351.227218323756,-389.27680006010075,-2.9753202591620607
2026-03-24 00:15:00,35.07426147718267,-203.11022431928075,568.7214869958927,400.68552415379463
2026-03-24 00:30:00,35.07426147718267,-27.226406057886944,-45.783128048029006,-37.93527262873329
2026-03-24 00:45:00,35.07426147718267,125.9588902548157,-245.04954299836533,-84.01639126636695
2026-03-24 01:00:00,35.07426147718267,-219.01757114052396,402.6434996636012,218.70019000025988
2026-03-24 01:15:00,35.07426147718267,-163.53237093869635,337.999704133658,209.5415946721443
2026-03-24 01:30:00,35.07426147718267,-183.51262841106427,357.98793338966,209.54956645577838
2026-03-24 01:45:00,35.07426147718267,-159.11126028312356,339.75807561047685,215.72107680453595
2026-03-24 02:00:00,35.07426147718267,-199.03261326582447,277.328592111288,113.3702403226462
2026-03-24 02:15:00,35.07426147718267,-177.2233474418195,227.0596718162839,84.91058585164706
2026-03-24 02:30:00,35.07426147718267,166.73393744183875,-108.93517850907946,92.87302040994194
2026-03-24 02:45:00,35.07426147718267,147.2371013553252,-50.620779825580186,131.69058300692768
2026-03-24 03:00:00,35.07426147718267,-139.1563055025584,438.46755319004626,334.3855091646705
2026-03-24 03:15:00,35.07426147718267,-149.19739578793747,306.93786344649504,192.81472913574024
2026-03-24 03:30:00,35.07426147718267,-109.07076264675726,217.98529906354975,143.98879789397515
2026-03-24 03:45:00,35.07426147718267,-129.37539611316006,202.5294512106028,108.22831657462538
2026-03-24 04:00:00,98.43690848569659,-157.33609901598354,197.62994030523112,138.73074977494417
2026-03-24 04:15:00,98.43690848569659,-122.96642752968738,275.81294835265527,251.2834293086645
2026-03-24 04:30:00,98.43690848569659,-105.76707086330583,286.0573167932815,278.7271544156722
2026-03-24 04:45:00,98.43690848569659,124.28501666021961,-42.125593951339724,180.59633119457646
2026-03-24 05:00:00,98.43690848569659,155.55572365189056,-47.53380482824184,206.4588273093453
2026-03-24 05:15:00,98.43690848569659,151.21319002488931,-71.46795455554972,178.18214395503617
2026-03-24 05:30:00,98.43690848569659,165.30584221300683,-124.7610216272072,138.9817290714962
2026-03-24 05:45:00,98.43690848569659,-204.03983175598097,449.13734555570625,343.5344222854219
2026-03-24 06:00:00,98.43690848569659,-194.86829067948327,254.1395141215221,157.70813192773542
2026-03-24 06:15:00,98.43690848569659,-216.97396056227,1428.7605929676863,1310.2235408911129
2026-03-24 06:30:00,98.43690848569659,-214.50984962151725,481.20427293303703,365.1313317972164
2026-03-24 06:45:00,98.43690848569659,-262.44710053266226,377.8202979878542,213.81010594088852
2026-03-24 07:00:00,98.43690848569659,311.9236393572298,-97.7921608112575,312.56838703166886
2026-03-24 07:15:00,98.43690848569659,-257.27052685926355,351.37682850139134,192.54321012782438
2026-03-24 07:30:00,98.43690848569659,-236.4184540137148,599.0690601624399,461.08751463442167
2026-03-24 07:45:00,98.43690848569659,-64.64194990844814,101.7108126703856,135.50577124763404
2026-03-24 08:00:00,321.8607710432416,359.0871234754885,-130.68111229729485,550.2667822214353
2026-03-24 08:15:00,321.8607710432416,-218.60242938933382,209.90041757345116,313.1587592273589
2026-03-24 08:30:00,321.8607710432416,212.88790105786035,-115.35193088591261,419.39674121518925
2026-03-24 08:45:00,321.8607710432416,-126.33140308903816,253.18472284949772,448.71409080370114
2026-03-24 09:00:00,321.8607710432416,-201.11529368107082,348.1060498112862,468.85152717345693
2026-03-24 09:15:00,321.8607710432416,185.90752382460812,-97.33941679906556,410.4288780687841
2026-03-24 09:30:00,321.8607710432416,181.71453938895644,-27.4658610450635,476.10944938713453
2026-03-24 09:45:00,321.8607710432416,102.76712972310474,1120.2170126968253,1544.8449134631717
2026-03-24 10:00:00,321.8607710432416,78.13791457634416,-1.7013794135526084,398.2973062060331
2026-03-24 10:15:00,321.8607710432416,64.4653696767676,14.386107709652373,400.71224842966154
2026-03-24 10:30:00,321.8607710432416,25.92231894464199,1361.479213066595,1709.2623030544787
2026-03-24 10:45:00,321.8607710432416,-16.873045156838955,448.6000301191292,753.5877560055319
2026-03-24 11:00:00,321.8607710432416,36.56927199166154,29.57648033401958,388.0065233689227
2026-03-24 11:15:00,321.8607710432416,-26.426228281406587,19.744279663418727,315.17882242525377
2026-03-24 11:30:00,321.8607710432416,-31.656074649374606,634.7031752251322,924.9078716189993
2026-03-24 11:45:00,321.8607710432416,35.742726591014865,1076.8652449166627,1434.4687425509192
2026-03-24 12:00:00,395.8895327953048,-14.629150121490472,1021.2118518254323,1402.4722344992465
2026-03-24 12:15:00,395.8895327953048,-43.90020600547367,972.5042096045448,1324.493536394376
2026-03-24 12:30:00,395.8895327953048,8.129695011181699,1203.6460308274227,1607.6652586339092
2026-03-24 12:45:00,395.8895327953048,-31.27684630848408,672.9545967349586,1037.5672832217792
2026-03-24 13:00:00,395.8895327953048,8.414936970551198,715.5321544478968,1119.8366242137527
2026-03-24 13:15:00,395.8895327953048,36.02766552678323,482.14683256171304,914.064030883801
2026-03-24 13:30:00,395.8895327953048,-20.921975207421045,723.9211238243026,1098.8886814121863
2026-03-24 13:45:00,395.8895327953048,18.265546178386057,925.1524733527673,1339.307552326458
2026-03-24 14:00:00,395.8895327953048,19.98405728546847,787.2533417243715,1203.1269318051447
2026-03-24 14:15:00,395.8895327953048,2.6152607194561543,847.0019571128774,1245.5067506276384
2026-03-24 14:30:00,395.8895327953048,-8.1074313267867,801.588203039465,1189.370304507983
2026-03-24 14:45:00,395.8895327953048,41.054295331983425,1133.2290161841606,1570.172844311449
2026-03-24 15:00:00,395.8895327953048,40.1265615670423,1194.7080521975145,1630.7241465598615
2026-03-24 15:15:00,395.8895327953048,6.229738777003896,1215.9173053488032,1618.0365769211119
2026-03-24 15:30:00,395.8895327953048,-12.489650202085727,1572.2630266385543,1955.6629092317733
2026-03-24 15:45:00,395.8895327953048,-10.0833588369483,653.7093258923792,1039.5154998507355
2026-03-24 16:00:00,200.70987344075326,5.822300109667646,36.62944990610146,243.16162345652236
2026-03-24 16:15:00,200.70987344075326,20.67935997042842,67.94658794745649,289.33582135863816
2026-03-24 16:30:00,200.70987344075326,18.092714781288308,56.64303458935741,275.44562281139895
2026-03-24 16:45:00,200.70987344075326,-30.846262383524866,1862.7013030551443,2032.5649141123727
2026-03-24 17:00:00,200.70987344075326,-22.509311675787664,358.0265213340998,536.2270830990653
2026-03-24 17:15:00,200.70987344075326,-0.9961132393579,241.37563388666626,441.0893940880616
2026-03-24 17:30:00,200.70987344075326,-67.8293246726886,188.87711071638526,321.75765948444996
2026-03-24 17:45:00,200.70987344075326,145.51432875749842,30.78906548729533,377.01326768554696
2026-03-24 18:00:00,200.70987344075326,61.05260001693969,685.8639761313852,947.6264495890782
2026-03-24 18:15:00,200.70987344075326,165.20362226403236,-1.631932780714233,364.2815629240714
2026-03-24 18:30:00,200.70987344075326,174.28804122000003,-41.395649483367706,333.60226517738556
2026-03-24 18:45:00,200.70987344075326,254.81307742640888,-64.7286129393723,390.79433792778985
2026-03-24 19:00:00,200.70987344075326,-245.4558515645598,704.206714963361,659.4607368395546
2026-03-24 19:15:00,200.70987344075326,308.7603732650101,-81.54819598509357,427.9220507206698
2026-03-24 19:30:00,200.70987344075326,309.5432924830532,-42.568867867467084,467.6842980563394
2026-03-24 19:45:00,200.70987344075326,317.05436215994774,-34.63849977022808,483.12573583047293
2026-03-24 20:00:00,128.1835392061527,-321.15605966031984,1408.7406720406655,1215.7681515864983
2026-03-24 20:15:00,128.1835392061527,259.0175304708152,-34.089945341411614,353.11112433555627
2026-03-24 20:30:00,128.1835392061527,-166.53265242438687,504.33228563423273,465.9831724159985
2026-03-24 20:45:00,128.1835392061527,-94.08928542771939,194.65532838974863,228.74958216818192
2026-03-24 21:00:00,128.1835392061527,229.7620285940263,-47.134396334408265,310.8111714657707
2026-03-24 21:15:00,128.1835392061527,120.26678445488187,42.02483543711487,290.47515909814945
2026-03-24 21:30:00,128.1835392061527,-73.01683767293027,159.99362842251583,215.16032995573823
2026-03-24 21:45:00,128.1835392061527,78.20541701285826,-11.847394623554392,194.54156159545656
2026-03-24 22:00:00,128.1835392061527,165.84992846057042,-33.70378358314737,260.3296840835758
2026-03-24 22:15:00,128.1835392061527,55.7261220552759,61.23546180849833,245.1451230699269
2026-03-24 22:30:00,128.1835392061527,198.24106553628332,-11.71841390168659,314.70619084074946
2026-03-24 22:45:00,128.1835392061527,117.11708863422689,-33.33311528629074,211.96751255408884
2026-03-24 23:00:00,128.1835392061527,159.28233768996023,-19.863433046690194,267.60244384942274
2026-03-24 23:15:00,128.1835392061527,76.98953167332218,43.54381616494521,248.71688704442008
2026-03-24 23:30:00,128.1835392061527,-50.67516320849937,215.8837149595701,293.39209095722345
2026-03-24 23:45:00,128.1835392061527,19.667633086446113,40.29055177683114,188.14172406942993
2026-03-25 00:00:00,63.33676147718266,-11.502218323756058,67.53216657161681,119.36670972504342
2026-03-25 00:15:00,63.33676147718266,8.51477568071931,55.31572152212086,127.16725868002283
2026-03-25 00:30:00,63.33676147718266,3.7288046062618383,154.91751872788285,221.98308481132733
2026-03-25 00:45:00,63.33676147718266,19.291109745184258,172.61147413309237,255.2393453554593
2026-03-25 01:00:00,63.33676147718266,-5.567571140523912,63.13210387859257,120.90129421525131
2026-03-25 01:15:00,63.33676147718266,11.417629061303614,76.77307466226723,151.5274652007535
2026-03-25 01:30:00,63.33676147718266,6.0123715889356895,239.10600610891856,308.45513917503695
2026-03-25 01:45:00,63.33676147718266,-14.411260283123555,995.4904368418722,1044.4159380359313
2026-03-25 02:00:00,63.33676147718266,-36.53261326582446,590.1882892094397,616.992437420798
2026-03-25 02:15:00,63.33676147718266,17.673347441819462,33.1153758537285,114.12548477273063
2026-03-25 02:30:00,63.33676147718266,22.533937441838752,100.60354391974214,186.47424283876353
2026-03-25 02:45:00,63.33676147718266,-5.112101355325187,24.037907723395968,82.26256784525344
2026-03-25 03:00:00,63.33676147718266,7.468694497441595,205.43569744082555,276.2411534154498
2026-03-25 03:15:00,63.33676147718266,-3.1723957879374733,446.317409309935,506.4817749991802
2026-03-25 03:30:00,63.33676147718266,36.954237353242746,66.07646580545445,166.36746463587986
2026-03-25 03:45:00,63.33676147718266,16.074603886839952,61.13198871175598,140.5433540757786
2026-03-25 04:00:00,62.76190848569658,12.611099015983537,119.5618237068016,194.93483120848174
2026-03-25 04:15:00,62.76190848569658,21.75857247031262,41.85903692331891,126.37951787932812
2026-03-25 04:30:00,62.76190848569658,39.65792913669414,72.23554689287684,174.65538451526757
2026-03-25 04:45:00,62.76190848569658,-22.339983339780378,101.55503130213712,141.97695644805333
2026-03-25 05:00:00,62.76190848569658,1.3518808207337467,74.15405904802233,138.26784835445267
2026-03-25 05:15:00,62.76190848569658,-3.0986001353881694,94.98518149194935,154.64848984225776
2026-03-25 05:30:00,62.76190848569658,0.8441577869931458,145.11062764567922,208.71669391836895
2026-03-25 05:45:00,62.76190848569658,-14.08983175598101,661.6129617461363,710.2850384758519
2026-03-25 06:00:00,62.76190848569658,-8.718290679483335,407.43133203757463,461.4749498437879
2026-03-25 06:15:00,62.76190848569658,2.826039437729973,88.5845958760304,154.17254379945695
2026-03-25 06:30:00,62.76190848569658,5.940150378482755,68.21968896704092,136.92174783122027
2026-03-25 06:45:00,62.76190848569658,6.877899467337752,290.2005329631815,359.84034091621584
2026-03-25 07:00:00,62.76190848569658,-28.29863935722976,367.5132216489858,401.9764907774526
2026-03-25 07:15:00,62.76190848569658,-1.1955268592635448,64.63587154068863,126.20225316712165
2026-03-25 07:30:00,62.76190848569658,5.9815459862851945,172.68753154117135,241.43098601315313
2026-03-25 07:45:00,62.76190848569658,-5.74843275000908,229.98514197230998,286.9986177079975
2026-03-25 08:00:00,318.98577104324164,80.23712347548843,16.39023766610203,415.6131321848321
2026-03-25 08:15:00,318.98577104324164,-2.3475706106662004,1090.5747531970574,1407.212953629633
2026-03-25 08:30:00,318.98577104324164,11.362901057860293,1866.6065366585203,2196.955208759622
2026-03-25 08:45:00,318.98577104324164,-22.16859691096183,1670.3747140359142,1967.191888168194
2026-03-25 09:00:00,318.98577104324164,-21.33470631892917,7601.785552199472,7899.436616923784
2026-03-25 09:15:00,318.98577104324164,-4.417476175391821,1246.6024170463672,1561.170711914217
2026-03-25 09:30:00,318.98577104324164,20.114539388956416,134.84372244891097,473.944032881109
2026-03-25 09:45:00,318.98577104324164,4.9171297231047175,338.1994457290309,662.1023464953773
2026-03-25 10:00:00,318.98577104324164,9.907608129917884,391.7923424615194,720.6857216346789
2026-03-25 10:15:00,318.98577104324164,25.785765513631468,203.61910117804925,548.3906377349224
2026-03-25 10:30:00,318.98577104324164,1.297318944641987,49.18065835119906,369.46374833908266
2026-03-25 10:45:00,318.98577104324164,16.898045156838954,212.06199212325004,547.9458083233307
2026-03-25 11:00:00,318.98577104324164,-10.36635258023418,63.928110362643544,372.547528825651
2026-03-25 11:15:00,318.98577104324164,5.431004715836683,59.521990665905435,383.9387664249838
2026-03-25 11:30:00,318.98577104324164,31.656074649374606,81.15616155506038,431.79800724767665
2026-03-25 11:45:00,318.98577104324164,35.742726591014865,73.60807791898102,428.3365755532375
2026-03-25 12:00:00,367.71453279530476,-14.654150121490474,57.439800409484405,410.5001830832987
2026-03-25 12:15:00,367.71453279530476,17.48411396504722,85.69566662961489,470.8943133899669
2026-03-25 12:30:00,367.71453279530476,8.1046950111817,105.67418308378072,481.4934108902672
2026-03-25 12:45:00,367.71453279530476,31.27684630848408,43.92947524722981,442.92085435101865
2026-03-25 13:00:00,367.71453279530476,-8.414936970551198,901.1955406814486,1260.4951365062022
2026-03-25 13:15:00,367.71453279530476,-36.02766552678323,617.5436603408382,949.2305276093598
2026-03-25 13:30:00,367.71453279530476,20.896975207421058,2.905826703777278,391.5173347065031
2026-03-25 13:45:00,367.71453279530476,-18.240546178386055,248.98099484542985,598.4549814623485
2026-03-25 14:00:00,367.71453279530476,-20.00905728546847,1507.7463131211516,1855.451788630988
2026-03-25 14:15:00,367.71453279530476,-2.6152607194561543,1.0352668596202104,366.1345389354688
2026-03-25 14:30:00,367.71453279530476,8.1074313267867,1217.2125795992079,1593.0345437212993
2026-03-25 14:45:00,367.71453279530476,41.104295331983415,116.62589421186087,525.444722339149
2026-03-25 15:00:00,367.71453279530476,-40.1265615670423,245.62746750109926,573.2154387293617
2026-03-25 15:15:00,367.71453279530476,-6.2047387770039055,238.57757951882314,600.087373537124
2026-03-25 15:30:00,367.71453279530476,-12.464650202085728,360.55092564152733,715.8008082347463
2026-03-25 15:45:00,367.71453279530476,-10.0833588369483,427.1760895540886,784.807263512445
2026-03-25 16:00:00,115.48487344075329,5.947300109667648,484.9562236964456,606.3883972468666
2026-03-25 16:15:00,115.48487344075329,-20.729359970428423,1244.9600127665092,1339.715526236834
2026-03-25 16:30:00,115.48487344075329,18.592714781288308,223.33206767396194,357.4096558960035
2026-03-25 16:45:00,115.48487344075329,-7.696262383524859,336.2128426149894,444.00145367221785
2026-03-25 17:00:00,115.48487344075329,-17.359311675787666,155.88870031670723,254.01426208167285
2026-03-25 17:15:00,115.48487344075329,-0.571113239357901,652.3097081743583,767.2234683757537
2026-03-25 17:30:00,115.48487344075329,-30.754324672688607,90.9868008654133,175.71734963347797
2026-03-25 17:45:00,115.48487344075329,-66.21432875749842,125.87022852918756,175.1407732124424
2026-03-25 18:00:00,115.48487344075329,17.197399983060315,148.04028697221344,280.722560396027
2026-03-25 18:15:00,115.48487344075329,-81.65362226403235,219.0654862729554,252.89673744967635
2026-03-25 18:30:00,115.48487344075329,-155.08804122000004,242.93679268076374,203.333624901517
2026-03-25 18:45:00,115.48487344075329,-272.38807742640887,1117.2722279052132,960.3690239195575
2026-03-25 19:00:00,115.48487344075329,-141.80585156455982,479.84756503594144,453.5265869121349
2026-03-25 19:15:00,115.48487344075329,-198.46037326501008,1514.1922461043478,1431.216746280091
2026-03-25 19:30:00,115.48487344075329,-173.39329248305324,1589.354294951636,1531.4458759093359
2026-03-25 19:45:00,115.48487344075329,-218.45436215994772,1044.0562989009957,941.0868101818012
2026-03-25 20:00:00,83.59378798226389,-168.23105966031983,760.2705965157331,675.6333248376772
2026-03-25 20:15:00,83.59378798226389,-150.71753047081515,875.6537917615284,808.5300492729772
2026-03-25 20:30:00,83.59378798226389,-86.93265242438687,472.5834485856546,469.2445841435316
2026-03-25 20:45:00,83.59378798226389,-60.73928542771939,619.7624846931915,642.616987247736
2026-03-25 21:00:00,83.59378798226389,-179.3120285940263,567.7744107905479,472.0561701787855
2026-03-25 21:15:00,83.59378798226389,-108.39178445488187,569.3807786958582,544.5827822232402
2026-03-25 21:30:00,83.59378798226389,-115.09183767293025,183.49432577531417,151.9962760846478
2026-03-25 21:45:00,83.59378798226389,-104.73041701285824,180.56905465157894,159.4324256209846
2026-03-25 22:00:00,83.59378798226389,-145.89992846057038,206.93931765287334,144.63317717456687
2026-03-25 22:15:00,83.59378798226389,-75.85112205527592,350.0553698917264,357.79803581871437
2026-03-25 22:30:00,83.59378798226389,231.0410655362834,-198.50008043278672,116.13477308576057
2026-03-25 22:45:00,83.59378798226389,-163.9170886342269,398.386921446735,318.063620794772
2026-03-25 23:00:00,83.59378798226389,-197.63233768996025,404.50606948783224,290.4675197801359
2026-03-25 23:15:00,83.59378798226389,-134.0395316733222,342.1972387122711,291.7514950212128
2026-03-25 23:30:00,83.59378798226389,-174.1001632084994,400.0318644490582,309.5254892228227
2026-03-25 23:45:00,83.59378798226389,-101.18501444972449,353.7604241985959,336.1691977311353
2026-03-30 00:00:00,55.02426147718266,47.52621810852493,-11.75233053051825,90.79814905518934
2026-03-30 00:15:00,55.02426147718266,22.185224319280692,68.65712866111296,145.8666144575763
2026-03-30 00:30:00,55.02426147718266,15.871195393738159,54.056505003139605,124.95196187406043
2026-03-30 00:45:00,55.02426147718266,-0.5411097451842597,513.1160869429696,567.599238674968
2026-03-30 01:00:00,55.02426147718266,32.467571140523916,62.08169432761971,149.57352694532628
2026-03-30 01:15:00,55.02426147718266,7.082370938696384,255.13529163502125,317.2419240509003
2026-03-30 01:30:00,55.02426147718266,14.962628411064314,319.58997136657354,389.5768612548205
2026-03-30 01:45:00,55.02426147718266,27.93626028312356,256.80934726846897,339.7698690287752
2026-03-30 02:00:00,55.02426147718266,52.03261326582446,335.75918125706175,442.8160560000689
2026-03-30 02:15:00,55.02426147718266,31.198347441819465,339.08344326932263,425.30605218832477
2026-03-30 02:30:00,55.02426147718266,34.558937441838765,504.1268523850675,593.7100513040889
2026-03-30 02:45:00,55.02426147718266,12.837101355325178,401.9259042922002,469.787267124708
2026-03-30 03:00:00,55.02426147718266,0.2563055025584067,337.68996043482895,392.97052741457003
2026-03-30 03:15:00,55.02426147718266,10.897395787937473,391.51202292686156,457.4336801919817
2026-03-30 03:30:00,55.02426147718266,-29.229237353242745,481.1570161825645,506.95204030650444
2026-03-30 03:45:00,55.02426147718266,-10.149603886839945,386.8399491262332,431.71460671657593
2026-03-30 04:00:00,127.73690848569659,17.636099015983532,416.849393472042,562.2224009737221
2026-03-30 04:15:00,127.73690848569659,-16.358572470312613,312.22675442031107,423.60509043569505
2026-03-30 04:30:00,127.73690848569659,-33.58292913669414,351.0960127019506,445.24999205095304
2026-03-30 04:45:00,127.73690848569659,-14.61498333978038,394.58506492317906,507.70699006909524
2026-03-30 05:00:00,127.73690848569659,-10.655723651890568,307.013631696601,424.094816530407
2026-03-30 05:15:00,127.73690848569659,-2.9381900248892947,180.04002357423053,304.83874203503785
2026-03-30 05:30:00,127.73690848569659,-12.680842213006853,242.9818529557444,358.03791922843413
2026-03-30 05:45:00,127.73690848569659,-27.564831755980993,277.8803939581818,378.0524706878974
2026-03-30 06:00:00,127.73690848569659,-40.19329067948333,62.75608317893019,150.29970098514346
2026-03-30 06:15:00,127.73690848569659,-78.67396056227003,333.7424516114244,382.805399534851
2026-03-30 06:30:00,127.73690848569659,-34.459849621517236,305.6699115975958,398.94697046177515
2026-03-30 06:45:00,127.73690848569659,69.84710053266225,66.39379962978768,263.9778086481465
2026-03-30 07:00:00,127.73690848569659,151.49863935722976,16.240530600422126,295.47607844334846
2026-03-30 07:15:00,127.73690848569659,186.0705268592635,71.49300586430152,385.30044120926163
2026-03-30 07:30:00,127.73690848569659,242.49345401371482,10.508289578434077,380.7386520778455
2026-03-30 07:45:00,127.73690848569659,240.74843275000904,-50.65088882218473,317.83445241352086
2026-03-30 08:00:00,249.1107710432417,347.4621234754884,-23.362156432779635,573.2107380859504
2026-03-30 08:15:00,249.1107710432417,265.3024293893338,-47.986305267753686,466.42689516482176
2026-03-30 08:30:00,249.1107710432417,286.78790105786027,-39.36552143252879,496.53315066857317
2026-03-30 08:45:00,249.1107710432417,239.9564030890382,-0.06512192386979695,489.0020522084101
2026-03-30 09:00:00,249.1107710432417,-281.8902936810709,606.6010752405608,573.8215526027316
2026-03-30 09:15:00,249.1107710432417,248.8825238246082,-11.55288420015704,486.44041066769284
2026-03-30 09:30:00,249.1107710432417,260.96453938895644,-23.009768218355127,487.065542213843
2026-03-30 09:45:00,249.1107710432417,-197.4421297231047,434.5326311584101,486.2012724785471
2026-03-30 10:00:00,249.1107710432417,205.06739187008213,85.91290999475954,540.0910729080833
2026-03-30 10:15:00,249.1107710432417,204.63576551363147,255.67193677228488,709.418473329158
2026-03-30 10:30:00,249.1107710432417,215.69731894464195,177.26115391971925,642.0692439076029
2026-03-30 10:45:00,249.1107710432417,122.17695484316103,241.8102964898409,613.0980223762436
2026-03-30 11:00:00,249.1107710432417,139.13072800833845,769.4487261941389,1157.690225245719
2026-03-30 11:15:00,249.1107710432417,98.57377171859338,1029.2719420181456,1376.9564847799807
2026-03-30 11:30:00,249.1107710432417,66.2939253506254,531.4668119564574,846.8715083503245
2026-03-30 11:45:00,249.1107710432417,93.86772659101483,427.7780884777195,770.756586111976
2026-03-30 12:00:00,248.4645327953048,53.070849878509534,2.7279964028930097,304.2633790767073
2026-03-30 12:15:00,248.4645327953048,10.499793994526339,54.146989209660795,313.1113159994919
2026-03-30 12:30:00,248.4645327953048,57.90469501118169,18.935776676148812,325.3050044826353
2026-03-30 12:45:00,248.4645327953048,-6.251846308484087,850.5632011469877,1092.7758876338085
2026-03-30 13:00:00,248.4645327953048,52.28993697055118,822.6699260137893,1123.4243957796452
2026-03-30 13:15:00,248.4645327953048,74.90266552678324,1238.4856257852923,1561.8528241073805
2026-03-30 13:30:00,248.4645327953048,3.8780247925789437,1046.7924785082073,1299.135036096091
2026-03-30 13:45:00,248.4645327953048,24.76554617838605,333.0130341803336,606.2431131540245
2026-03-30 14:00:00,248.4645327953048,43.53405728546847,498.6169221427405,790.6155122235139
2026-03-30 14:15:00,248.4645327953048,24.315260719456163,199.22047107788424,472.0002645926452
2026-03-30 14:30:00,248.4645327953048,10.867568673213302,247.18341967206666,506.5155211405847
2026-03-30 14:45:00,248.4645327953048,29.829295331983417,-66.59270814586536,211.70111998142283
2026-03-30 15:00:00,248.4645327953048,63.57656156704229,1.6449491855456881,313.6860435478927
2026-03-30 15:15:00,248.4645327953048,33.229738777003895,208.73510372353908,490.42937529584776
2026-03-30 15:30:00,248.4645327953048,41.63965020208573,13.736906567975149,303.8410895653657
2026-03-30 15:45:00,248.4645327953048,45.258358836948304,1059.4908543938632,1353.2137460261163
2026-03-30 16:00:00,209.65987344075336,5.527699890332355,1279.8795371216102,1495.067110452696
2026-03-30 16:15:00,209.65987344075336,-14.554359970428415,629.0224697352137,824.1279832055386
2026-03-30 16:30:00,209.65987344075336,-5.567714781288309,329.18407120782786,533.2762298672928
2026-03-30 16:45:00,209.65987344075336,13.371262383524861,177.0378253768493,400.06896120112754
2026-03-30 17:00:00,209.65987344075336,17.459311675787664,383.11402984603427,610.2332149625753
2026-03-30 17:15:00,209.65987344075336,-18.278886760642095,129.38113126376848,320.76211794387973
2026-03-30 17:30:00,209.65987344075336,22.979324672688605,114.58617527805094,347.2253733914929
2026-03-30 17:45:00,209.65987344075336,64.8643287574984,50.69812320485205,325.2223254031038
2026-03-30 18:00:00,209.65987344075336,26.347399983060313,100.7056385817047,336.7129120055184
2026-03-30 18:15:00,209.65987344075336,-86.40362226403235,258.4264351483048,381.68268632502577
2026-03-30 18:30:00,209.65987344075336,-82.63804122000002,329.2634213028483,456.2852535236017
2026-03-30 18:45:00,209.65987344075336,-198.26307742640887,476.87801804537196,488.27481405971645
2026-03-30 19:00:00,209.65987344075336,220.5808515645598,53.92745148613464,484.1681764914478
2026-03-30 19:15:00,209.65987344075336,284.9603732650101,-28.528984426103314,466.09126227966016
2026-03-30 19:30:00,209.65987344075336,-292.09329248305323,543.7666702429522,461.3332512006523
2026-03-30 19:45:00,209.65987344075336,325.2793621599477,-36.53657641856328,498.40265918213777
2026-03-30 20:00:00,115.93353920615269,327.3560596603199,-19.44410239015137,423.8454964763212
2026-03-30 20:15:00,115.93353920615269,343.6675304708151,17.0361372669579,476.63720694392566
2026-03-30 20:30:00,115.93353920615269,293.4576524243869,-44.37806948777311,365.0131221427664
2026-03-30 20:45:00,115.93353920615269,298.23928542771944,-65.04260854469203,349.13021608918007
2026-03-30 21:00:00,115.93353920615269,401.76202859402633,-69.87253175754473,447.82303604263427
2026-03-30 21:15:00,115.93353920615269,272.2917844548819,18.638643914676262,406.8639675757109
2026-03-30 21:30:00,115.93353920615269,237.6918376729302,-87.13683823571203,266.4885386433708
2026-03-30 21:45:00,115.93353920615269,-143.68041701285827,509.25932000325304,481.51244219654745
2026-03-30 22:00:00,115.93353920615269,184.22492846057042,-60.511563884929785,239.64690378179336
2026-03-30 22:15:00,115.93353920615269,214.60112205527588,-48.35121433414644,282.18344692728215
2026-03-30 22:30:00,115.93353920615269,-258.1160655362833,749.8543107510792,607.6717844209486
2026-03-30 22:45:00,115.93353920615269,251.31708863422688,-131.76328364125396,235.48734419912563
2026-03-30 23:00:00,115.93353920615269,-230.20733768996024,692.6904894499593,578.4166909661517
2026-03-30 23:15:00,115.93353920615269,-38.6146529003376,247.80523644078298,325.12412274659806
2026-03-30 23:30:00,115.93353920615269,141.82938994989178,38.53436530925977,296.2972944653043
2026-03-30 23:45:00,115.93353920615269,252.1600144497245,114.96171833992858,483.0552719958058
2026-03-31 00:00:00,55.02426147718266,293.377218323756,-199.37193353957485,149.0295462613638
2026-03-31 00:15:00,55.02426147718266,225.71022431928066,-142.05405778614661,138.68042801031672
2026-03-31 00:30:00,55.02426147718266,214.32119539373818,-47.04019195692586,222.30526491399496
2026-03-31 00:45:00,55.02426147718266,150.33389025481574,211.5570612641236,416.915212996122
2026-03-31 01:00:00,55.02426147718266,245.4425711405239,11.114868629394776,311.58170124710136
2026-03-31 01:15:00,55.02426147718266,211.40737093869637,-0.07826779786046885,266.3533646180186
2026-03-31 01:30:00,55.02426147718266,248.1626284110643,69.09348303339556,372.28037292164254
2026-03-31 01:45:00,55.02426147718266,226.7862602831235,468.90191705861406,750.7124388189202
2026-03-31 02:00:00,55.02426147718266,288.7826132658245,-22.758608204319916,321.0482665386873
2026-03-31 02:15:00,55.02426147718266,250.67334744181946,351.2391092884808,656.936718207483
2026-03-31 02:30:00,55.02426147718266,221.30893744183876,78.28570019202907,354.6188991110505
2026-03-31 02:45:00,55.02426147718266,188.5871013553252,-17.026170649098585,226.58519218340925
2026-03-31 03:00:00,55.02426147718266,195.1313055025584,-64.40074385202425,185.75482312771683
2026-03-31 03:15:00,55.02426147718266,-187.4223957879375,473.34289700920664,340.9447626984518
2026-03-31 03:30:00,55.02426147718266,-136.82076264675726,344.31362421499136,262.5171230454168
2026-03-31 03:45:00,55.02426147718266,-135.80039611316005,365.46105935704634,284.68492472106897
2026-03-31 04:00:00,80.91056241444613,174.2110990159836,-144.73045727529507,110.39120415513466
2026-03-31 04:15:00,80.91056241444613,-146.5414275296874,451.8824831596501,386.2516180444088
2026-03-31 04:30:00,80.91056241444613,-157.66707086330584,290.4501783125007,213.69366986364102
2026-03-31 04:45:00,80.91056241444613,-162.31001666021962,581.0313529259249,499.63189868015144
2026-03-31 05:00:00,80.91056241444613,-30.947227479326415,40.54257479859048,90.5059097337102
2026-03-31 05:15:00,80.91056241444613,190.18819002488925,-116.69147688249208,154.4072755568433
2026-03-31 05:30:00,80.91056241444613,164.23436607305214,-40.15719568709234,204.98773280040592
2026-03-31 05:45:00,80.91056241444613,302.089831755981,-149.51291865617634,233.48747551425078
2026-03-31 06:00:00,80.91056241444613,284.9682906794833,1400.7446990880114,1766.6235521819408
2026-03-31 06:15:00,80.91056241444613,321.09896056227,-106.45935212638497,295.55017085033114
2026-03-31 06:30:00,80.91056241444613,368.10984962151724,-159.3151637842413,289.7052482517221
2026-03-31 06:45:00,80.91056241444613,394.67210053266217,-186.41663274617864,289.16603020092964
2026-03-31 07:00:00,80.91056241444613,365.97363935722973,-249.45815790281114,197.42604386886472
2026-03-31 07:15:00,80.91056241444613,-336.79552685926353,553.4736004645082,297.5886360196908
2026-03-31 07:30:00,80.91056241444613,-358.24345401371477,309.84194055751016,32.50904895824152
2026-03-31 07:45:00,80.91056241444613,-366.2484327500091,2320.7639282692035,2035.4260579336405
2026-03-31 08:00:00,239.1107710432417,-531.0371234754884,2272.463811498542,1980.537459066295
2026-03-31 08:15:00,239.1107710432417,-416.0024293893339,1932.4000176640961,1755.5083593180038
2026-03-31 08:30:00,239.1107710432417,-360.8379010578603,165.4608615509381,43.73373153631951
2026-03-31 08:45:00,239.1107710432417,-284.2814030890382,78.14948694859261,32.97885490279613
2026-03-31 09:00:00,239.1107710432417,-399.86529368107085,1574.4195611854407,1413.6650385476114
2026-03-31 09:15:00,239.1107710432417,-345.00752382460826,1928.6217193255757,1822.724966544209
2026-03-31 09:30:00,239.1107710432417,-343.3645393889565,1815.5775185416646,1711.3237501959497
2026-03-31 09:45:00,239.1107710432417,-302.44212972310476,1597.8372774692523,1534.5059187893892
2026-03-31 10:00:00,239.1107710432417,-308.6923918700821,515.8530482118199,446.2714273849795
2026-03-31 10:15:00,239.1107710432417,-309.81076551363145,707.2970609714987,636.5970665011089
2026-03-31 10:30:00,239.1107710432417,-263.447318944642,900.5547461078737,876.2181982064734
2026-03-31 10:45:00,239.1107710432417,-215.551954843161,759.4085906758431,782.9674068759239
2026-03-31 11:00:00,239.1107710432417,-208.50572800833848,303.9577434998298,334.56278653473305
2026-03-31 11:15:00,239.1107710432417,-197.0987717185934,450.43892955457693,492.4509288792252
2026-03-31 11:30:00,239.1107710432417,-175.0939253506254,208.16273460614948,272.1795802987658
2026-03-31 11:45:00,239.1107710432417,-215.19272659101483,272.0324129569401,295.950457409167
2026-03-31 12:00:00,327.2895327953048,-207.29584987850953,320.9236926888175,440.91737560561273
2026-03-31 12:15:00,327.2895327953048,-161.94979399452637,488.47473175644836,653.8144705572267
2026-03-31 12:30:00,327.2895327953048,-213.92969501118165,263.2349500236511,376.59478780777425
2026-03-31 12:45:00,327.2895327953048,-132.1981536915159,441.1444148944608,636.2357939982497
2026-03-31 13:00:00,327.2895327953048,-208.23993697055124,681.4923382594982,800.5419340842518
2026-03-31 13:15:00,327.2895327953048,-191.37766552678323,636.2828036115312,772.1946708800529
2026-03-31 13:30:00,327.2895327953048,-95.07802479257896,469.29160239962505,701.5031104023509
2026-03-31 13:45:00,327.2895327953048,-118.46554617838606,333.16633584340946,541.9903224603282
2026-03-31 14:00:00,327.2895327953048,-157.88405728546851,431.3351821403767,600.7406576502129
2026-03-31 14:15:00,327.2895327953048,-130.99026071945616,399.0735562660502,595.3728283418989
2026-03-31 14:30:00,327.2895327953048,-129.8675686732133,520.6105448149515,718.032508937043
2026-03-31 14:45:00,327.2895327953048,-102.37070466801657,751.4683173266337,976.3871454539219
2026-03-31 15:00:00,327.2895327953048,-175.1265615670423,491.5600723912256,643.7230436194882
2026-03-31 15:15:00,327.2895327953048,-162.2297387770039,660.3372637513764,825.3970577696773
2026-03-31 15:30:00,327.2895327953048,-169.38965020208568,651.7155669061319,809.615449499351
2026-03-31 15:45:00,327.2895327953048,-192.70835883694826,750.543587528386,885.1247614867425
2026-03-31 16:00:00,233.0098734407533,154.25269989033237,-171.96428797642258,215.29828535466308
2026-03-31 16:15:00,233.0098734407533,-158.74564002957158,742.6058085117107,816.8700419228925
2026-03-31 16:30:00,233.0098734407533,-168.1322852187117,634.664315260382,699.5419034824235
2026-03-31 16:45:00,233.0098734407533,-218.7712623835248,812.4204636312227,826.6590746884511
2026-03-31 17:00:00,233.0098734407533,-167.75931167578764,662.4948597105432,727.7454214755089
2026-03-31 17:15:00,233.0098734407533,-159.0961132393579,708.5167844191595,782.4305446205549
2026-03-31 17:30:00,233.0098734407533,-219.95432467268859,436.03435189394986,449.08990066201454
2026-03-31 17:45:00,233.0098734407533,-403.48932875749836,829.662448622179,659.1829933054339
2026-03-31 18:00:00,233.0098734407533,-224.6526000169397,105.90512517751499,114.2623986013286
2026-03-31 18:15:00,233.0098734407533,-375.0286222640324,465.776781353557,323.7580325302779
2026-03-31 18:30:00,233.0098734407533,-399.58804122000004,300.0330181317406,133.45485035249388
2026-03-31 18:45:00,233.0098734407533,436.6130774264088,-342.9941260815689,326.6288247855932
2026-03-31 19:00:00,233.0098734407533,357.28085156455984,-331.4876713394964,258.8030536658167
2026-03-31 19:15:00,233.0098734407533,426.5603732650102,-123.71032370135322,535.8599230044102
2026-03-31 19:30:00,233.0098734407533,394.86829248305344,-306.23430247488284,321.64386344892387
2026-03-31 19:45:00,233.0098734407533,435.9293621599477,-449.4599783021161,219.47925729858486
2026-03-31 20:00:00,131.6335392061527,-440.9060596603199,888.1918753977259,578.9193549435587
2026-03-31 20:15:00,131.6335392061527,437.26753047081513,-367.64641346677223,201.2546562101956
2026-03-31 20:30:00,131.6335392061527,-374.33265242438677,593.1526177774922,350.45350455925814
2026-03-31 20:45:00,131.6335392061527,-373.1642854277194,905.2689900300014,663.7382438084347
2026-03-31 21:00:00,131.6335392061527,-395.06202859402634,842.2617789960705,578.8332896081968
2026-03-31 21:15:00,131.6335392061527,-353.3417844548818,951.1166460755148,729.4084008267857
2026-03-31 21:30:00,131.6335392061527,-316.61683767293033,1216.9580713925302,1031.9747729257526
2026-03-31 21:45:00,131.6335392061527,195.75541701285826,-314.5113909525951,12.8775652664159
2026-03-31 22:00:00,131.6335392061527,-375.14992846057044,1415.0624140424075,1171.5460247879896
2026-03-31 22:15:00,131.6335392061527,370.2511220552759,908.9746881614285,1410.8593494228571
2026-03-31 22:30:00,131.6335392061527,399.9160655362832,-333.0840392840221,198.46556545841383
2026-03-31 22:45:00,131.6335392061527,393.39208863422687,-192.24788507879114,332.77774276158846
2026-03-31 23:00:00,131.6335392061527,-365.7573376899603,748.5590696118431,514.4352711280355
2026-03-31 23:15:00,131.6335392061527,320.8395316733221,-151.65678662245904,300.81628425701575
2026-03-31 23:30:00,131.6335392061527,363.85016320849945,-91.44515844046914,404.038543974183
2026-03-31 23:45:00,131.6335392061527,324.3600144497245,-11.591607526041845,444.4019461298353
2026-04-01 00:00:00,67.92426147718265,-327.15221832375596,159.17321873137175,-100.05473811520156
2026-04-01 00:15:00,67.92426147718265,-297.8352243192807,251.72608965011733,21.815126808019272
2026-04-01 00:30:00,67.92426147718265,-334.47119539373824,389.317800761066,122.77086684451041
2026-04-01 00:45:00,67.92426147718265,313.53389025481573,-448.8236350900196,-67.36548335802121
2026-04-01 01:00:00,67.92426147718265,346.31757114052385,-431.77064216574263,-17.528809548036122
2026-04-01 01:15:00,67.92426147718265,-311.38237093869634,718.8075812999153,475.34947183840166
2026-04-01 01:30:00,67.92426147718265,-317.0876284110643,597.4665282197574,348.3031612858757
2026-04-01 01:45:00,67.92426147718265,-297.98626028312356,487.8376960871645,257.7756972812236
2026-04-01 02:00:00,67.92426147718265,350.73261326582445,-243.22569726845154,175.43117747455557
2026-04-01 02:15:00,67.92426147718265,-275.8733474418194,525.890298455641,317.9412124910042
2026-04-01 02:30:00,67.92426147718265,283.53393744183876,-359.78597111641136,-8.327772197389947
2026-04-01 02:45:00,67.92426147718265,-301.2121013553253,139.9396019256731,-93.34823795246953
2026-04-01 03:00:00,67.92426147718265,-301.7563055025584,572.5841248958353,338.75208087045957
2026-04-01 03:15:00,67.92426147718265,-323.19739578793747,328.2937794401825,73.02064512942769
2026-04-01 03:30:00,67.92426147718265,-293.3707626467572,263.8599272865473,38.413426116972744
2026-04-01 03:45:00,67.92426147718265,318.75039611316004,-306.5480646639735,80.1265929263692
2026-04-01 04:00:00,131.68690848569656,-333.3360990159835,548.1004783651364,346.45128783484944
2026-04-01 04:15:00,131.68690848569656,-290.34142752968734,233.81383382445765,75.15931478046687
2026-04-01 04:30:00,131.68690848569656,-264.6420708633058,397.90266138537777,264.94749900776856
2026-04-01 04:45:00,131.68690848569656,283.83501666021954,-266.05514994172034,149.46677520419576
2026-04-01 05:00:00,131.68690848569656,-263.93072365189056,310.0788617000401,177.83504653384608
2026-04-01 05:15:00,131.68690848569656,-318.78819002488933,480.4933543624312,293.39207282323844
2026-04-01 05:30:00,131.68690848569656,-209.15584221300688,540.7150737540065,463.24614002669625
2026-04-01 05:45:00,131.68690848569656,-258.36483175598096,602.8970198039298,476.21909653364537
2026-04-01 06:00:00,131.68690848569656,-266.1432906794833,518.8400282333145,384.3836460395277
2026-04-01 06:15:00,131.68690848569656,306.27396056227,-275.54266368587685,162.41820536208974
2026-04-01 06:30:00,131.68690848569656,352.5098496215173,-297.7155733340199,186.48118477319395
2026-04-01 06:45:00,131.68690848569656,262.0221005326622,-255.59972689775532,138.10928212060344
2026-04-01 07:00:00,131.68690848569656,363.4486393572298,-290.69209246947855,204.44345537344782
2026-04-01 07:15:00,131.68690848569656,-349.0705268592636,1482.4628730491236,1265.0792546755565
2026-04-01 07:30:00,131.68690848569656,-356.76845401371486,1383.181535788314,1158.0999902602957
2026-04-01 07:45:00,131.68690848569656,-454.19843275000903,1768.9062414829962,1446.3947172186836
2026-04-01 08:00:00,185.13577104324165,621.5871234754884,-291.8902955349154,514.8325989838147
2026-04-01 08:15:00,185.13577104324165,-496.1024293893339,727.9035321384447,416.93687379235246
2026-04-01 08:30:00,185.13577104324165,-448.5129010578603,676.273279570618,412.8961495559994
2026-04-01 08:45:00,185.13577104324165,370.4814030890383,-449.764723066254,105.85245106602594
2026-04-01 09:00:00,185.13577104324165,495.9152936810709,-511.2501999515506,169.800864772762
2026-04-01 09:15:00,185.13577104324165,458.00752382460826,-425.8676823939919,217.27561247385802
2026-04-01 09:30:00,185.13577104324165,423.58953938895644,-365.461306604591,243.26400382760704
2026-04-01 09:45:00,185.13577104324165,329.7171297231047,-379.28524721340244,135.5676535529439
2026-04-01 10:00:00,185.13577104324165,-402.492391870082,780.8750080588125,563.5183872319722
2026-04-01 10:15:00,185.13577104324165,385.7857655136315,-332.0570957405491,238.86444081632402
2026-04-01 10:30:00,185.13577104324165,-333.972318944642,434.6074068788722,285.7708589774719
2026-04-01 10:45:00,185.13577104324165,-297.651954843161,562.63441570995,450.11823191003066
2026-04-01 11:00:00,185.13577104324165,-318.40572800833843,642.0068859317588,508.73692896666205
2026-04-01 11:15:00,185.13577104324165,-307.77377171859337,618.0850791390567,495.447078463705
2026-04-01 11:30:00,185.13577104324165,-279.81892535062536,456.1588706920119,361.4757163846282
2026-04-01 11:45:00,185.13577104324165,-347.3927265910149,641.0918041261848,478.83484857841154
2026-04-01 12:00:00,352.16453279530475,-320.72084987850957,429.4860098014565,460.92969271825166
2026-04-01 12:15:00,352.16453279530475,-250.37479399452633,429.1652313290474,530.9549701298258
2026-04-01 12:30:00,352.16453279530475,-293.3046950111817,229.67864805182506,288.5384858359481
2026-04-01 12:45:00,352.16453279530475,-236.07315369151596,381.5740511888728,497.66543029266154
2026-04-01 13:00:00,352.16453279530475,-291.91493697055114,756.4455191918167,816.6951150165703
2026-04-01 13:15:00,352.16453279530475,-301.9526655267833,792.0766982536393,842.2885655221608
2026-04-01 13:30:00,352.16453279530475,-223.37802479257897,648.347336585646,777.1338445883717
2026-04-01 13:45:00,352.16453279530475,-241.91554617838602,452.8962123604514,563.1451989773701
2026-04-01 14:00:00,352.16453279530475,-262.65905728546846,428.55115266538803,518.0566281752243
2026-04-01 14:15:00,352.16453279530475,-237.6652607194561,390.623164247062,505.12243632291063
2026-04-01 14:30:00,352.16453279530475,-224.74256867321338,494.86511316819525,622.2870772902866
2026-04-01 14:45:00,352.16453279530475,-191.82070466801656,477.24678962677683,637.5906177540651
2026-04-01 15:00:00,352.16453279530475,-261.6765615670423,443.2641298724475,533.75210110071
2026-04-01 15:15:00,352.16453279530475,-239.87973877700384,434.5397129357217,546.8245069540226
2026-04-01 15:30:00,352.16453279530475,-269.2146502020857,375.28762451481913,458.2375071080382
2026-04-01 15:45:00,352.16453279530475,-282.3333588369484,503.5837363981294,573.4149103564857
2026-04-01 16:00:00,71.33487344075331,-206.52769989033237,258.8690653418298,123.67623889225075
2026-04-01 16:15:00,71.33487344075331,-224.89564002957164,338.07284304702955,184.51207645821123
2026-04-01 16:30:00,71.33487344075331,-253.88228521871173,282.1575023374121,99.61009055945368
2026-04-01 16:45:00,71.33487344075331,343.8962623835249,-394.9479369121112,20.28319891216705
2026-04-01 17:00:00,71.33487344075331,-317.4843116757877,566.6680671079254,320.518628872891
2026-04-01 17:15:00,71.33487344075331,-276.0961132393579,349.053847665766,144.2926078671614
2026-04-01 17:30:00,71.33487344075331,-161.90133119074457,97.25117870735208,6.684720957360824
2026-04-01 17:45:00,71.33487344075331,-85.61696823249295,119.75584024544294,105.4737454537033
2026-04-01 18:00:00,71.33487344075331,-249.67760001693966,539.707584660437,361.3648580842506
2026-04-01 18:15:00,71.33487344075331,-371.85362226403237,562.6105544983697,262.0918056750906
2026-04-01 18:30:00,71.33487344075331,-324.21304122000004,840.1562006346652,587.2780328554185
2026-04-01 18:45:00,71.33487344075331,-108.42573912638471,330.73472005414504,293.64385436851364
2026-04-01 19:00:00,71.33487344075331,-308.4058515645597,1158.3792084103047,921.3082302864983
2026-04-01 19:15:00,71.33487344075331,445.6353732650101,-422.4936637647602,94.47658294100324
2026-04-01 19:30:00,71.33487344075331,427.1432924830533,-279.14147042343546,219.33669550037115
2026-04-01 19:45:00,71.33487344075331,-459.75436215994773,893.7350882003022,505.3155994811078
2026-04-01 20:00:00,85.43148862046493,-423.6310596603199,895.0920569277392,556.8924858878843
2026-04-01 20:15:00,85.43148862046493,-412.74253047081515,847.920213250726,520.6091714003758
2026-04-01 20:30:00,85.43148862046493,-406.88265242438683,616.9352587928665,295.48409498894466
2026-04-01 20:45:00,85.43148862046493,-365.41428542771934,925.6174149368657,645.6346181296112
2026-04-01 21:00:00,85.43148862046493,488.51202859402633,-319.61197970750646,254.33153750698483
2026-04-01 21:15:00,85.43148862046493,-416.6167844548819,439.67910547498514,108.4938096405682
2026-04-01 21:30:00,85.43148862046493,-414.54183767293034,532.3105927171266,203.20024366466123
2026-04-01 21:45:00,85.43148862046493,-397.43041701285836,483.49190710938944,171.49297871699605
2026-04-01 22:00:00,85.43148862046493,-432.64992846057044,687.1988153755285,339.98037553542304
2026-04-01 22:15:00,85.43148862046493,-296.3761220552759,814.3371543081591,603.3925208733482
2026-04-01 22:30:00,85.43148862046493,-387.66606553628344,532.8315537419852,230.59697682616672
2026-04-01 22:45:00,85.43148862046493,-364.56708863422693,829.2235021773882,550.0879021636263
2026-04-01 23:00:00,85.43148862046493,-379.00733768996014,1069.5716902999893,775.9958412304941
2026-04-01 23:15:00,85.43148862046493,-311.6395316733222,816.3353905504976,590.1273474976402
2026-04-01 23:30:00,85.43148862046493,-315.4001632084994,520.8178872778169,290.84921268978246
2026-04-01 23:45:00,85.43148862046493,287.7600144497245,-7.733071008807293,365.45843206138215
2026-04-03 00:00:00,119.88676147718267,-279.627218323756,103.20799118125107,-56.53246566532222
2026-04-03 00:15:00,119.88676147718267,-321.1352243192807,176.91570317466994,-24.332759667428093
2026-04-03 00:30:00,119.88676147718267,-286.8711953937381,520.6345366019552,353.6501026853998
2026-04-03 00:45:00,119.88676147718267,-290.4588902548157,589.1465465538387,418.5744177762057
2026-04-03 01:00:00,119.88676147718267,-313.4925711405239,393.247751037448,199.64194137410675
2026-04-03 01:15:00,119.88676147718267,-298.5823709386964,595.6742091738938,416.9785997123801
2026-04-03 01:30:00,119.88676147718267,-304.9876284110643,487.3043301316567,302.2034631977751
2026-04-03 01:45:00,119.88676147718267,-301.5862602831236,603.7772972083719,422.07779840243103
2026-04-03 02:00:00,119.88676147718267,-355.3576132658245,670.4197996964288,434.94894790778693
2026-04-03 02:15:00,119.88676147718267,-317.6733474418195,695.4368920843666,497.6503061197298
2026-04-03 02:30:00,119.88676147718267,-304.7589374418388,419.8964569663357,235.02428100167958
2026-04-03 02:45:00,119.88676147718267,252.81210135532515,-300.0467730051044,72.65208982740342
2026-04-03 03:00:00,119.88676147718267,290.75630550255846,-400.5839154812902,10.059151498450944
2026-04-03 03:15:00,119.88676147718267,-296.0973957879375,783.1512723856589,606.9406380749041
2026-04-03 03:30:00,119.88676147718267,-205.72076264675727,172.41410319394208,86.58010202436749
2026-04-03 03:45:00,119.88676147718267,-209.6753961131601,339.3466055172994,249.55797088132198
2026-04-03 04:00:00,91.68690848569656,-256.16109901598355,220.08416036814407,55.60996983785708
2026-04-03 04:15:00,91.68690848569656,167.16740170248428,-308.5839705806038,-49.72966039242294
2026-04-03 04:30:00,91.68690848569656,-219.51707086330583,226.3656720565191,98.53550967890982
2026-04-03 04:45:00,91.68690848569656,-236.46001666021965,384.5375968598239,239.76448868530082
2026-04-03 05:00:00,91.68690848569656,-220.03072365189047,423.1321606894292,294.7883455232353
2026-04-03 05:15:00,91.68690848569656,-199.6881900248893,324.7728438388948,216.77156229970205
2026-04-03 05:30:00,91.68690848569656,-172.38084221300684,465.06537067786564,384.37143695055533
2026-04-03 05:45:00,91.68690848569656,-208.439831755981,448.8429076446135,332.08998437432905
2026-04-03 06:00:00,91.68690848569656,-200.84329067948335,560.7971593112728,451.64077711748604
2026-04-03 06:15:00,91.68690848569656,-223.34896056227,564.7337270289107,433.0716749523373
2026-04-03 06:30:00,91.68690848569656,-331.45984962151715,467.9134888067532,228.14054767093262
2026-04-03 06:45:00,91.68690848569656,333.94710053266226,-379.3264433646285,46.30756565373031
2026-04-03 07:00:00,91.68690848569656,-328.4986393572297,480.6317139193517,243.81998304781854
2026-04-03 07:15:00,91.68690848569656,-305.97052685926354,311.2877215762396,97.00410320267264
2026-04-03 07:30:00,91.68690848569656,-309.76845401371475,702.397244559068,484.3156990310498
2026-04-03 07:45:00,91.68690848569656,-319.92343275000917,395.91463090500065,167.67810664068804
2026-04-03 08:00:00,184.11077104324164,415.2371234754885,-244.59464974951266,354.7532447692174
2026-04-03 08:15:00,184.11077104324164,-298.60242938933385,258.94014845643346,144.44849011034125
2026-04-03 08:30:00,184.11077104324164,-308.5129010578603,418.09001934003237,293.6878893254137
2026-04-03 08:45:00,184.11077104324164,-225.25640308903814,48.526737814541825,7.381105768745321
2026-04-03 09:00:00,184.11077104324164,-332.4402936810709,838.6761617017803,690.346639063951
2026-04-03 09:15:00,184.11077104324164,-300.7325238246082,743.6723616727488,627.0506088913822
2026-04-03 09:30:00,184.11077104324164,-279.66453938895637,723.8677983039287,628.314029958214
2026-04-03 09:45:00,184.11077104324164,216.44212972310473,-279.4896178827556,121.06328288359077
2026-04-03 10:00:00,184.11077104324164,-307.04239187008216,356.93778014011167,234.00615931327116
2026-04-03 10:15:00,184.11077104324164,-269.4357655136315,846.827127471395,761.5021330010052
2026-04-03 10:30:00,184.11077104324164,-164.722318944642,707.6784850312024,727.066937129802
2026-04-03 10:45:00,184.11077104324164,-121.55195484316103,616.7387246839077,679.2975408839883
2026-04-03 11:00:00,184.11077104324164,-142.38072800833845,495.7454384334568,537.4754814683599
2026-04-03 11:15:00,184.11077104324164,-123.64877171859345,696.4673895516975,756.9293888763457
2026-04-03 11:30:00,184.11077104324164,92.04392535062539,28.669888671043566,304.8245850649106
2026-04-03 11:45:00,184.11077104324164,113.41772659101485,43.37347665403243,340.9019742882889
2026-04-03 12:00:00,93.41453279530478,107.94584987850952,67.05959104736658,268.4199737211809
2026-04-03 12:15:00,93.41453279530478,34.44979399452633,503.51309354541,631.3774203352411
2026-04-03 12:30:00,93.41453279530478,59.30469501118169,166.3176503607316,319.03687816721805
2026-04-03 12:45:00,93.41453279530478,7.7518463084840805,65.57928035898068,166.74565946276954
2026-04-03 13:00:00,93.41453279530478,57.88993697055119,57.391577944630946,208.6960477104869
2026-04-03 13:15:00,93.41453279530478,26.643198259097876,60.75312629921799,180.81085735362063
2026-04-03 13:30:00,93.41453279530478,0.05047882508437266,80.4298579441945,173.89486956458364
2026-04-03 13:45:00,93.41453279530478,24.365546178386058,132.96789203501925,250.74797100871007
2026-04-03 14:00:00,93.41453279530478,32.55905728546847,96.1871782594288,222.16076834020205
2026-04-03 14:15:00,93.41453279530478,9.565260719456155,78.37912435006105,181.358917864822
2026-04-03 14:30:00,93.41453279530478,-1.6951554442678922,103.77451212453396,195.49388947557082
2026-04-03 14:45:00,93.41453279530478,34.25429533198342,116.21055898226693,243.87938710955513
2026-04-03 15:00:00,93.41453279530478,48.45156156704228,53.26661086846364,195.1327052308107
2026-04-03 15:15:00,93.41453279530478,11.829738777003907,80.43551319037157,185.67978476268024
2026-04-03 15:30:00,93.41453279530478,-25.989650202085727,96.93798855064543,164.36287114386448
2026-04-03 15:45:00,93.41453279530478,38.158358836948295,62.24535459740905,193.81824622966212
2026-04-03 16:00:00,16.20987344075331,-2.3526998903323526,163.34406233074918,177.20123588117013
2026-04-03 16:15:00,16.20987344075331,-8.845640029571582,181.1944018875005,188.55863529868222
2026-04-03 16:30:00,16.20987344075331,-1.332285218711693,142.08674770348998,156.9643359255316
2026-04-03 16:45:00,16.20987344075331,-7.521262383524856,160.78435446070822,169.47296551793667
2026-04-03 17:00:00,16.20987344075331,-22.30931167578766,160.48599255450318,154.38655431946884
2026-04-03 17:15:00,16.20987344075331,-31.47111323935791,180.52972587238258,165.26848607377798
2026-04-03 17:30:00,16.20987344075331,-76.27932467268859,143.87855262951396,83.80910139757869
2026-04-03 17:45:00,16.20987344075331,186.11432875749838,-13.137248020801144,189.18695417745056
2026-04-03 18:00:00,16.20987344075331,29.903057314459154,45.6277078724873,91.74063862769975
2026-04-03 18:15:00,16.20987344075331,173.97862226403234,6.572193627757732,196.7606893325434
2026-04-03 18:30:00,16.20987344075331,194.53804122000003,-12.612875451996022,198.13503920875732
2026-04-03 18:45:00,16.20987344075331,204.56307742640888,-29.710727369115972,191.06222349804622
2026-04-03 19:00:00,16.20987344075331,-88.60585156455976,202.38100434855306,129.9850262247466
2026-04-03 19:15:00,16.20987344075331,171.13537326501017,0.40739183977259685,187.7526385455361
2026-04-03 19:30:00,16.20987344075331,165.41829248305328,-36.1104129921239,145.5177529316827
2026-04-03 19:45:00,16.20987344075331,183.75436215994773,-12.58187465728308,187.38236094341795
2026-04-03 20:00:00,150.6835392061527,187.43105966031982,-21.924803980138027,316.1897948863345
2026-04-03 20:15:00,150.6835392061527,253.9925304708152,-24.941668132774048,379.7344015441939
2026-04-03 20:30:00,150.6835392061527,219.4826524243869,-3.99999284197036,366.16619878856926
2026-04-03 20:45:00,150.6835392061527,163.23928542771938,12.085780349702633,326.00860498357474
2026-04-03 21:00:00,150.6835392061527,287.2120285940263,-10.268001072617409,427.62756672756166
2026-04-03 21:15:00,150.6835392061527,214.59178445488186,-11.875817262009367,353.3995063990252
2026-04-03 21:30:00,150.6835392061527,202.64183767293025,-27.892571594635818,325.4328052844471
2026-04-03 21:45:00,150.6835392061527,211.03041701285827,-34.09879091985844,327.61516529915247
2026-04-03 22:00:00,150.6835392061527,260.24992846057046,-39.571007844941086,371.362459821782
2026-04-03 22:15:00,150.6835392061527,194.10112205527588,18.55718107999274,363.34184234142134
2026-04-03 22:30:00,150.6835392061527,240.99106553628337,-27.039971939039333,364.6346328033967
2026-04-03 22:45:00,150.6835392061527,230.39208863422692,-29.286321358079903,351.7893064822997
2026-04-03 23:00:00,150.6835392061527,212.2823376899603,-26.624541238903685,336.34133565720924
2026-04-03 23:15:00,150.6835392061527,147.66453167332222,44.00089428262356,342.34896516209847
2026-04-03 23:30:00,150.6835392061527,117.70016320849936,13.147863668005602,281.5315660826576
2026-04-03 23:45:00,150.6835392061527,83.5600144497245,64.11943040973075,298.3629840656079
2026-04-04 00:00:00,60.14926147718266,82.17721832375608,608.9910571636705,751.3175369646092
2026-04-04 00:15:00,60.14926147718266,47.66022431928068,23.349117523484782,131.15860331994813
2026-04-04 00:30:00,60.14926147718266,-36.24619539373816,120.13134797870734,144.03441406215182
2026-04-04 00:45:00,60.14926147718266,20.133890254815746,1297.266284750689,1377.5494364826875
2026-04-04 01:00:00,60.14926147718266,-73.0425711405239,158.7837376878419,145.89042802450064
2026-04-04 01:15:00,60.14926147718266,-48.457370938696386,246.8015560905038,258.49344662899006
2026-04-04 01:30:00,60.14926147718266,50.51262841106431,103.73738407977628,214.39927396802324
2026-04-04 01:45:00,60.14926147718266,58.31126028312356,44.54873710831978,163.009258868626
2026-04-04 02:00:00,60.14926147718266,-112.45761326582445,288.08040328532684,235.77205149668504
2026-04-04 02:15:00,60.14926147718266,90.92334744181947,28.197413407025653,179.2700223260278
2026-04-04 02:30:00,60.14926147718266,88.23393744183878,103.2377935779704,251.62099249699182
2026-04-04 02:45:00,60.14926147718266,65.58710135532516,13.968028371792425,139.70439120430024
2026-04-04 03:00:00,60.14926147718266,-58.631305502558405,198.3733013292582,199.89125730388247
2026-04-04 03:15:00,60.14926147718266,72.17239578793748,20.227959079058916,152.54961634417904
2026-04-04 03:30:00,60.14926147718266,-33.94576264675727,89.85480313837533,116.05830196880072
2026-04-04 03:45:00,60.14926147718266,-58.62539611316005,140.78874175036074,142.31260711438335
2026-04-04 04:00:00,90.43690848569656,76.38609901598353,34.33160318357751,201.15461068525758
2026-04-04 04:15:00,90.43690848569656,53.09142752968738,-5.045185342815406,138.48315067256854
2026-04-04 04:30:00,90.43690848569656,-35.89207086330586,119.36381290430782,173.90865052669852
2026-04-04 04:45:00,90.43690848569656,60.83501666021961,52.5616284429089,203.83355358882505
2026-04-04 05:00:00,90.43690848569656,69.88072365189056,46.81267391059894,207.13030604818604
2026-04-04 05:15:00,90.43690848569656,70.9631900248893,97.69405260562448,259.09415111621036
2026-04-04 05:30:00,90.43690848569656,-76.13084221300686,260.648655440968,274.9547217136577
2026-04-04 05:45:00,90.43690848569656,98.96483175598101,16.39638245841874,205.79812270009631
2026-04-04 06:00:00,90.43690848569656,78.24329067948335,31.97299956982413,200.65319873500405
2026-04-04 06:15:00,90.43690848569656,84.39896056227002,30.391675703641347,205.22754475160792
2026-04-04 06:30:00,90.43690848569656,69.55984962151724,28.798239797703673,188.79499790491747
2026-04-04 06:45:00,90.43690848569656,80.44710053266226,40.26953228969258,211.1535413080514
2026-04-04 07:00:00,90.43690848569656,-64.17363935722976,110.17411751511538,136.4373866435822
2026-04-04 07:15:00,90.43690848569656,43.695526859263545,32.87411444765797,167.00654979261807
2026-04-04 07:30:00,90.43690848569656,-57.493454013714796,181.063818605414,214.00727307739578
2026-04-04 07:45:00,90.43690848569656,82.94843275000912,0.6506593682049179,174.0360006039106
2026-04-04 08:00:00,183.1107710432416,111.78712347548844,64.75065211210833,359.6485466308384
2026-04-04 08:15:00,183.1107710432416,-31.70159796021808,94.5600403897952,245.96921347281872
2026-04-04 08:30:00,183.1107710432416,66.9129010578603,55.40340831985411,305.42708042095603
2026-04-04 08:45:00,183.1107710432416,-13.631403089038173,114.14413819312476,283.6235061473282
2026-04-04 09:00:00,183.1107710432416,-85.91529368107084,185.45901869809666,282.65449606026743
2026-04-04 09:15:00,183.1107710432416,-54.007523824608164,120.69446746663911,249.79771468527255
2026-04-04 09:30:00,183.1107710432416,-75.58953938895642,222.50764599541725,330.02887764970245
2026-04-04 09:45:00,183.1107710432416,38.14212972310472,34.96718246740902,256.22008323375536
2026-04-04 10:00:00,183.1107710432416,46.71739187008211,61.91907879050874,291.74724170383246
2026-04-04 10:15:00,183.1107710432416,55.98576551363146,22.050883295956062,261.14741985282916
2026-04-04 10:30:00,183.1107710432416,-14.862462614087582,84.6135319227168,252.86184035187085
2026-04-04 10:45:00,183.1107710432416,3.698045156838962,104.79733996357197,291.60615616365254
2026-04-04 11:00:00,183.1107710432416,27.219271991661543,76.21794262154769,286.54798565645086
2026-04-04 11:15:00,183.1107710432416,-16.459140445308353,42.12746428081332,208.77909487874658
2026-04-04 11:30:00,183.1107710432416,25.406074649374606,129.44611884223167,337.96296453484786
2026-04-04 11:45:00,183.1107710432416,37.867726591014865,27.628798577644876,248.60729621190137
2026-04-04 12:00:00,98.9645327953048,-7.029150121490476,919.157232836089,1011.0926155099032
2026-04-04 12:15:00,98.9645327953048,-41.90020600547366,586.1431990646768,643.2075258545079
2026-04-04 12:30:00,98.9645327953048,8.479695011181702,597.7968689283811,705.2410967348676
2026-04-04 12:45:00,98.9645327953048,-31.226846308484074,440.56536673267175,508.3030532194925
2026-04-04 13:00:00,98.9645327953048,8.414936970551198,177.30454138728334,284.68401115313935
2026-04-04 13:15:00,98.9645327953048,36.00266552678323,121.98987286376185,256.9570711858499
2026-04-04 13:30:00,98.9645327953048,20.921975207421045,154.8253053054862,274.7118133082121
2026-04-04 13:45:00,98.9645327953048,18.240546178386055,727.2410320498115,844.4461110235023
2026-04-04 14:00:00,98.9645327953048,19.98405728546847,800.5642990722993,919.5128891530726
2026-04-04 14:15:00,98.9645327953048,2.6152607194561543,265.7559471895713,367.3357407043323
2026-04-04 14:30:00,98.9645327953048,-8.132431326786701,352.19358930247387,443.02569077099196
2026-04-04 14:45:00,98.9645327953048,-41.129295331983414,172.7759703478451,230.61120781116648
2026-04-04 15:00:00,98.9645327953048,40.02656156704229,379.0182207462945,518.0093151086417
2026-04-04 15:15:00,98.9645327953048,6.079738777003893,453.2480607904754,558.2923323627841
2026-04-04 15:30:00,98.9645327953048,12.214650202085728,461.69434477234165,572.8735277697322
2026-04-04 15:45:00,98.9645327953048,9.808358836948297,351.4896780613632,460.2625696936163
2026-04-04 16:00:00,0.0,-13.347300109667648,420.552605321269,407.2053052116014
2026-04-04 16:15:00,0.0,-20.954359970428417,377.65602348920424,356.70166351877583
2026-04-04 16:30:00,0.0,-20.517714781288312,343.0802256670499,322.5625108857616
2026-04-04 16:45:00,0.0,7.24626238352486,221.05731123338666,228.3035736169115
2026-04-04 17:00:00,0.0,17.084311675787664,206.54968586364976,223.63399753943742
2026-04-04 17:15:00,0.0,-24.253886760642104,238.13820704281557,213.88432028217346
2026-04-04 17:30:00,0.0,12.804324672688601,284.7770435496241,297.58136822231273
2026-04-04 17:45:00,0.0,33.03932875749841,134.74504139759506,167.78437015509348
2026-04-04 18:00:00,0.0,26.72239998306032,2873.3778961427724,2900.1002961258328
2026-04-04 18:15:00,0.0,20.45362226403235,82.45478789030328,102.90841015433563
2026-04-04 18:30:00,0.0,7.46304122000002,49.347560317315995,56.81060153731602
2026-04-04 18:45:00,0.0,-8.58933234104134,82.6267684819839,74.03743614094256
2026-04-04 19:00:00,0.0,7.97385148807017,84.41580126105183,92.38965274912199
2026-04-04 19:15:00,0.0,37.83537326501012,45.811950742983115,83.64732400799323
2026-04-04 19:30:00,0.0,-20.343000813415284,84.57639277150709,64.2333919580918
2026-04-04 19:45:00,0.0,-78.10436215994777,3455.285700548063,3377.181338388115
2026-04-04 20:00:00,120.3335392061527,-76.65605966031987,4771.908030005068,4815.585509550901
2026-04-04 20:15:00,120.3335392061527,-96.46753047081515,577.4208315481262,601.2868402834638
2026-04-04 20:30:00,120.3335392061527,-67.00765242438688,221.8158397180045,275.1417264997703
2026-04-04 20:45:00,120.3335392061527,-90.0642854277194,311.2280603281356,341.49731410656887
2026-04-04 21:00:00,120.3335392061527,151.26202859402633,-140.12996950782048,131.46559829235855
2026-04-04 21:15:00,120.3335392061527,-59.191784454881855,1001.1235057588917,1062.2652605101625
2026-04-04 21:30:00,120.3335392061527,-99.29183767293028,1556.6420789972633,1577.6837805304858
2026-04-04 21:45:00,120.3335392061527,24.255417012858263,314.40436438016087,458.99332059917185
2026-04-04 22:00:00,120.3335392061527,-113.77492846057041,1082.0819250252064,1088.6405357707886
2026-04-04 22:15:00,120.3335392061527,4.7988779447241035,1521.363177906562,1646.4955950574388
2026-04-04 22:30:00,120.3335392061527,155.99106553628337,-35.65533573447554,240.6692690079605
2026-04-04 22:45:00,120.3335392061527,140.4670886342269,-22.513264978179414,238.28736286220018
2026-04-04 23:00:00,120.3335392061527,152.0573376899603,5.010089134131472,277.4009660302445
2026-04-04 23:15:00,120.3335392061527,87.5395316733222,71.72008587282448,279.59315675229936
2026-04-04 23:30:00,120.3335392061527,83.67516320849936,49.79854897972924,253.8072513943813
2026-04-04 23:45:00,120.3335392061527,44.93501444972449,54.43324759246299,219.7018012483402
2026-04-05 00:00:00,46.436761477182664,-3.477218323756058,222.832745154535,265.7922883079616
2026-04-05 00:15:00,46.436761477182664,5.689775680719309,6.7948023339574615,58.921339491859435
2026-04-05 00:30:00,46.436761477182664,5.0288046062618355,998.5247651110452,1049.9903311944897
2026-04-05 00:45:00,46.436761477182664,19.24110974518426,5.935530250691005,71.61340147305792
2026-04-05 01:00:00,46.436761477182664,-19.29257114052391,470.115001996143,497.2591923328018
2026-04-05 01:15:00,46.436761477182664,-5.232370938696387,3.5188306826536206,44.7232212211399
2026-04-05 01:30:00,46.436761477182664,3.5123715889356895,723.2713271308229,773.2204601969413
2026-04-05 01:45:00,46.436761477182664,-14.461260283123554,779.1932414140771,811.1687426081362
2026-04-05 02:00:00,46.436761477182664,-37.08261326582445,707.6013181559604,716.9554663673185
2026-04-05 02:15:00,46.436761477182664,-17.648347441819467,44.660948557648354,73.44936259301156
2026-04-05 02:30:00,46.436761477182664,22.408937441838766,277.0541532639688,345.89985218299023
2026-04-05 02:45:00,46.436761477182664,4.912101355325187,473.49570877574297,524.8445716082508
2026-04-05 03:00:00,46.436761477182664,7.418694497441596,178.39763782575554,232.25309380037982
2026-04-05 03:15:00,46.436761477182664,-3.1973957879374755,158.50180941935673,201.7411751086019
2026-04-05 03:30:00,46.436761477182664,36.97923735324275,116.04459708086829,199.4605959112937
2026-04-05 03:45:00,46.436761477182664,16.074603886839952,146.12694363090384,208.63830899492646
2026-04-05 04:00:00,68.16190848569659,-12.58609901598353,56.84817410017549,112.42398356988855
2026-04-05 04:15:00,68.16190848569659,21.733572470312616,93.616934374517,183.5124153305262
2026-04-05 04:30:00,68.16190848569659,39.65792913669414,105.34342672273192,213.16326434512266
2026-04-05 04:45:00,68.16190848569659,22.314983339780383,164.47851517438426,254.95540699986122
2026-04-05 05:00:00,68.16190848569659,0.7069347942848323,70.6557224542634,139.52456573424482
2026-04-05 05:15:00,68.16190848569659,4.711809975110702,85.06179350882626,157.93551196963352
2026-04-05 05:30:00,68.16190848569659,-0.8191577869931468,73.04172031035044,140.38447100905387
2026-04-05 05:45:00,68.16190848569659,-14.264831755981005,183.4359231139648,237.3329998436804
2026-04-05 06:00:00,68.16190848569659,2.4682906794833346,122.11065058492457,192.74084975010447
2026-04-05 06:15:00,68.16190848569659,-3.0510394377299694,69.24709913053607,134.3579681785027
2026-04-05 06:30:00,68.16190848569659,17.690150378482752,137.28523647439076,223.13729533857008
2026-04-05 06:45:00,68.16190848569659,7.202899467337749,111.48885685586075,186.85366480889508
2026-04-05 07:00:00,68.16190848569659,17.476360642770235,131.79968557452702,217.43795470299384
2026-04-05 07:15:00,68.16190848569659,43.85447314073646,256.4673610783554,368.4837427047884
2026-04-05 07:30:00,68.16190848569659,31.806545986285194,197.54835460719067,297.51680907917245
2026-04-05 07:45:00,68.16190848569659,8.65156724999092,118.0923676979597,194.9058434336472
2026-04-05 08:00:00,17.941790253505033,23.28712347548844,90.60772491780001,131.8366386467935
2026-04-05 08:15:00,17.941790253505033,42.4225706106662,1041.7031703892706,1102.0675312534418
2026-04-05 08:30:00,17.941790253505033,15.962098942139704,1030.4553348106913,1064.359224006336
2026-04-05 08:45:00,17.941790253505033,44.61859691096183,5.639330514599338,68.1997176790662
2026-04-05 09:00:00,17.941790253505033,32.98470631892917,1174.8793365504027,1225.805833122837
2026-04-05 09:15:00,17.941790253505033,20.417476175391826,1686.4929282790185,1724.8521947079155
2026-04-05 09:30:00,17.941790253505033,-1.414539388956411,1955.3140060195242,1971.841256884073
2026-04-05 09:45:00,17.941790253505033,29.73287027689528,1671.355893283376,1719.0305538137764
2026-04-05 10:00:00,17.941790253505033,49.48260812991789,18347.90713984431,18415.331538227732
2026-04-05 10:15:00,17.941790253505033,24.76423448636853,2067.06569172718,2109.7717164670535
2026-04-05 10:30:00,17.941790253505033,75.65268105535802,9.77546509604282,103.36993640490587
2026-04-05 10:45:00,17.941790253505033,-81.88060214643143,156.73621946560334,92.79740757267695
2026-04-05 11:00:00,17.941790253505033,140.1942719916616,-13.580998046924401,144.5550641982422
2026-04-05 11:15:00,17.941790253505033,147.4012282814066,-27.632280094665123,137.71073844024647
2026-04-05 11:30:00,17.941790253505033,155.40607464937457,-15.784306336148145,157.56355856673147
2026-04-05 11:45:00,17.941790253505033,103.20727340898515,-11.384796921584533,109.76426674090564
2026-04-05 12:00:00,98.9645327953048,-139.57915012149044,257.53385008665225,216.91923276046663
2026-04-05 12:15:00,98.9645327953048,184.05020600547368,-85.48195703836868,197.53278176240983
2026-04-05 12:30:00,98.9645327953048,-136.09530498881833,307.01750540410416,269.88673321059065
2026-04-05 12:45:00,98.9645327953048,200.32684630848405,-125.14700734555556,174.14437175823332
2026-04-05 13:00:00,98.9645327953048,-163.81006302944877,401.9167271450498,337.0711969109058
2026-04-05 13:15:00,98.9645327953048,-146.7223344732168,229.32655070648752,181.56874902857555
2026-04-05 13:30:00,98.9645327953048,-221.99697520742103,361.80765172603407,238.77520931391786
2026-04-05 13:45:00,98.9645327953048,-188.95945382161398,535.1047236669776,445.1098026406685
2026-04-05 14:00:00,98.9645327953048,-207.01594271453155,642.6981670196631,534.6467571004363
2026-04-05 14:15:00,98.9645327953048,-205.4347392805439,746.140994124358,639.6707876391189
2026-04-05 14:30:00,98.9645327953048,-210.7574313267867,717.2297866109648,605.4368880794829
2026-04-05 14:45:00,98.9645327953048,-226.62929533198337,497.38530596860073,369.7205434319222
2026-04-05 15:00:00,98.9645327953048,-138.89843843295773,359.3346326156349,319.400726977982
2026-04-05 15:15:00,98.9645327953048,-160.17026122299612,256.29313139861426,195.08740297092294
2026-04-05 15:30:00,98.9645327953048,-134.28534979791425,354.0628878064297,318.7420708038203
2026-04-05 15:45:00,98.9645327953048,-108.64164116305173,424.26084569892583,414.5837373311789
2026-04-05 16:00:00,7.002063846734579,126.57230010966764,-119.3028718214612,14.271492134941013
2026-04-05 16:15:00,7.002063846734579,-91.75435997042841,463.41421021973986,378.661914096046
2026-04-05 16:30:00,7.002063846734579,-77.61771478128831,351.9075945862793,281.29194365172555
2026-04-05 16:45:00,7.002063846734579,-27.328737616475138,58.20250239314735,37.87582862340679
2026-04-05 17:00:00,7.002063846734579,-15.265688324212336,857.7349955948855,849.4713711174078
2026-04-05 17:15:00,7.002063846734579,-38.953886760642085,796.275192499065,764.3233695851575
2026-04-05 17:30:00,7.002063846734579,5.329324672688602,109.13424659024076,121.46563510966395
2026-04-05 17:45:00,7.002063846734579,-39.1643287574984,251.49597043633798,219.33370552557415
2026-04-05 18:00:00,7.002063846734579,30.822399983060315,86.06605400690627,123.89051783670116
2026-04-05 18:15:00,7.002063846734579,24.703622264032347,81.3402532758305,113.04593938659744
2026-04-05 18:30:00,7.002063846734579,18.313041220000024,43.74687312424099,69.0619781909756
2026-04-05 18:45:00,7.002063846734579,-8.813077426408848,136.83180356041711,135.02078998074285
2026-04-05 19:00:00,7.002063846734579,-3.25585156455978,129.39737797840434,133.14359026057915
2026-04-05 19:15:00,7.002063846734579,-64.38537326501013,123.65577648113538,66.27246706285982
2026-04-05 19:30:00,7.002063846734579,1.2654411364574476,78.55007180601073,86.81757678920276
2026-04-05 19:45:00,7.002063846734579,149.62936215994776,52.15099010755341,208.78241611423576
2026-04-05 20:00:00,159.68353920615272,27.328105965044582,64.08644081348815,251.09808598468544
2026-04-05 20:15:00,159.68353920615272,135.21753047081515,38.70501268282881,333.60608235979663
2026-04-05 20:30:00,159.68353920615272,96.00765242438686,70.10847822578295,325.7996698563225
2026-04-05 20:45:00,159.68353920615272,159.48928542771938,58.19612784817342,377.36895248204553
2026-04-05 21:00:00,159.68353920615272,235.61202859402636,36.77464846914491,432.07021626932396
2026-04-05 21:15:00,159.68353920615272,199.61678445488184,54.31505588993267,413.61537955096725
2026-04-05 21:30:00,159.68353920615272,195.04183767293026,-15.133312159286257,339.5920647197967
2026-04-05 21:45:00,159.68353920615272,182.05541701285827,23.420233886114247,365.1591901051253
2026-04-05 22:00:00,159.68353920615272,210.74992846057035,91.9682031478588,462.40167081458185
2026-04-05 22:15:00,159.68353920615272,157.05112205527587,72.55525448874323,389.2899157501718
2026-04-05 22:30:00,159.68353920615272,-213.3410655362833,588.2667126766039,534.6091863464733
2026-04-05 22:45:00,159.68353920615272,-194.64208863422692,452.73625539879896,417.77770597072475
2026-04-05 23:00:00,159.68353920615272,207.5573376899602,-15.611120417442441,351.62975647867046
2026-04-05 23:15:00,159.68353920615272,162.06453167332216,-0.2025296367386801,321.5455412427362
2026-04-05 23:30:00,159.68353920615272,-117.95016320849936,341.1393090781867,382.8726850758401
2026-04-05 23:45:00,159.68353920615272,97.4600144497245,21.050681160097163,278.19423481597437
2026-04-07 00:00:00,45.83676147718266,85.27721832375606,-19.977098042615083,111.13688175832364
2026-04-07 00:15:00,45.83676147718266,67.36022431928069,-20.63572385340009,92.56126194306326
2026-04-07 00:30:00,45.83676147718266,-79.32119539373815,36.95650099594668,3.472067079391195
2026-04-07 00:45:00,45.83676147718266,26.36157227526887,-29.452940677134485,42.74539307531705
2026-04-07 01:00:00,45.83676147718266,-81.74257114052389,338.7438114772002,302.83800181385897
2026-04-07 01:15:00,45.83676147718266,-65.83237093869637,837.0272822533321,817.0316727918184
2026-04-07 01:30:00,45.83676147718266,-68.9626284110643,532.9752227290182,509.8493557951366
2026-04-07 01:45:00,45.83676147718266,74.13626028312359,-31.22746403478584,88.74555772552041
2026-04-07 02:00:00,45.83676147718266,96.28261326582444,-14.37620915489642,127.74316558811067
2026-04-07 02:15:00,45.83676147718266,-76.77334744181945,152.78026949302077,121.84368352838398
2026-04-07 02:30:00,45.83676147718266,81.10893744183876,31.243390255985172,158.1890891750066
2026-04-07 02:45:00,45.83676147718266,63.262101355325186,-53.878971976306744,55.219890856201104
2026-04-07 03:00:00,45.83676147718266,50.68130550255839,-5.710412266859366,90.80765471288169
2026-04-07 03:15:00,45.83676147718266,-60.997395787937485,85.45437602199826,70.29374171124343
2026-04-07 03:30:00,45.83676147718266,-15.295762646757261,69.36224311981736,99.90324195024277
2026-04-07 03:45:00,45.83676147718266,-41.775396113160056,238.2465413519135,242.3079067159361
2026-04-07 04:00:00,100.43690848569656,-70.76109901598355,335.5669118907594,365.2427213604724
2026-04-07 04:15:00,100.43690848569656,-36.71642752968737,337.2843606195382,401.00484157554735
2026-04-07 04:30:00,100.43690848569656,-18.942070863305858,321.2721839531649,402.76702157555565
2026-04-07 04:45:00,100.43690848569656,-36.785016660219625,243.02349444336582,306.6753862688428
2026-04-07 05:00:00,100.43690848569656,-62.70572365189057,163.6532891341432,201.3844739679492
2026-04-07 05:15:00,100.43690848569656,-2.6993764446495456,83.87383985485577,181.61137189590278
2026-04-07 05:30:00,100.43690848569656,86.65584221300685,30.577948652247095,217.6706993509505
2026-04-07 05:45:00,100.43690848569656,101.53983175598101,-12.349107854848272,189.6276323868293
2026-04-07 06:00:00,100.43690848569656,151.34329067948335,18.439000274466114,270.21919943964605
2026-04-07 06:15:00,100.43690848569656,134.94896056227,-10.694065839675186,224.6918032082914
2026-04-07 06:30:00,100.43690848569656,102.05984962151726,5.221025820683745,207.71778392789756
2026-04-07 06:45:00,100.43690848569656,121.69710053266226,-17.208073508775726,204.9259355095831
2026-04-07 07:00:00,100.43690848569656,104.29863935722975,-18.80326125794728,185.93228658497904
2026-04-07 07:15:00,100.43690848569656,112.44552685926352,-10.428595840951129,202.45383950400895
2026-04-07 07:30:00,100.43690848569656,134.9684540137148,-68.19350898971138,167.21185350969998
2026-04-07 07:45:00,100.43690848569656,-181.72343275000907,460.61904678546745,379.33252252115494
2026-04-07 08:00:00,276.9857710432417,357.43712347548853,-90.88331695177298,543.5395775669573
2026-04-07 08:15:00,276.9857710432417,254.47742938933376,-166.18273568743084,365.2804647451446
2026-04-07 08:30:00,276.9857710432417,-217.8879010578603,356.92872907784806,416.02659906322947
2026-04-07 08:45:00,276.9857710432417,-147.83140308903816,342.4802275817884,471.63459553599193
2026-04-07 09:00:00,276.9857710432417,-130.99029368107082,433.2805487042453,579.2760260664162
2026-04-07 09:15:00,276.9857710432417,-81.6075238246082,11901.464077745153,12096.842324963787
2026-04-07 09:30:00,276.9857710432417,-107.61453938895642,369.0748211668964,538.4460528211816
2026-04-07 09:45:00,276.9857710432417,-34.892129723104716,269.90858112964645,512.0022224497834
2026-04-07 10:00:00,276.9857710432417,-17.117391870082116,154.16198192695728,414.0303611001169
2026-04-07 10:15:00,276.9857710432417,-40.31076551363148,234.6213101446614,471.2963156742716
2026-04-07 10:30:00,276.9857710432417,-9.022318944641984,221.11172240869115,489.07517450729085
2026-04-07 10:45:00,276.9857710432417,16.873045156838955,271.279619770125,565.1384359702056
2026-04-07 11:00:00,276.9857710432417,36.41927199166153,28.631041705169928,342.03608474007314
2026-04-07 11:15:00,276.9857710432417,27.17622828140658,44.06295916735647,348.2249584920047
2026-04-07 11:30:00,276.9857710432417,31.85607464937459,80.2126500713251,389.0544957639414
2026-04-07 11:45:00,276.9857710432417,33.26772659101486,69.29593733923016,379.54943497348677
2026-04-07 12:00:00,527.3395327953049,-15.154150121490474,62.61832500027357,574.803707674088
2026-04-07 12:15:00,527.3395327953049,46.50850843414288,54.66695179381387,628.5149930232616
2026-04-07 12:30:00,527.3395327953049,-3.720304988818304,117.8578312605146,641.4770590670012
2026-04-07 12:45:00,527.3395327953049,44.026846308484096,81.48126226182703,652.847641365616
2026-04-07 13:00:00,527.3395327953049,6.360063029448801,211.4688861627348,745.1684819874886
2026-04-07 13:15:00,527.3395327953049,-12.352665526783229,217.92316874793045,732.9100360164521
2026-04-07 13:30:00,527.3395327953049,54.74697520742106,117.2231384941039,699.3096464968298
2026-04-07 13:45:00,527.3395327953049,17.859453821613947,84.20754757154937,629.4065341884682
2026-04-07 14:00:00,527.3395327953049,16.065942714531527,140.21332704229698,683.6188025521334
2026-04-07 14:15:00,527.3395327953049,32.45973928054384,124.27518362161727,684.0744556974661
2026-04-07 14:30:00,527.3395327953049,32.38243132678671,153.0416619511727,712.7636260732643
2026-04-07 14:45:00,527.3395327953049,53.70429533198342,216.76348606687276,797.8073141941611
2026-04-07 15:00:00,527.3395327953049,-13.401561567042304,417.1163954032906,931.0543666315532
2026-04-07 15:15:00,527.3395327953049,4.245261222996099,482.9812471857734,1014.5660412040743
2026-04-07 15:30:00,527.3395327953049,-11.889650202085729,303.79918627300765,819.2490688662268
2026-04-07 15:45:00,527.3395327953049,-10.058358836948301,176.0813887476895,693.3625627060461
2026-04-07 16:00:00,174.85987344075332,8.59730010966765,115.81621459737205,299.273388147793
2026-04-07 16:15:00,174.85987344075332,20.70435997042842,177.2664234121873,372.83065682336905
2026-04-07 16:30:00,174.85987344075332,-18.567714781288306,161.07986448063997,317.37202314010494
2026-04-07 16:45:00,174.85987344075332,-10.271262383524856,115.53365797474407,280.12226903197256
2026-04-07 17:00:00,174.85987344075332,-19.85931167578766,164.0005286157934,319.001090380759
2026-04-07 17:15:00,174.85987344075332,16.803886760642094,77.22524916326897,268.8890093646644
2026-04-07 17:30:00,174.85987344075332,26.354324672688602,64.21306483291121,265.42726294635315
2026-04-07 17:45:00,174.85987344075332,-47.789328757498396,426.86213217643274,553.9326768596877
2026-04-07 18:00:00,174.85987344075332,5.522399983060319,24.667363366274124,205.04963679008776
2026-04-07 18:15:00,174.85987344075332,80.25362226403234,89.9177492350012,345.03124493978686
2026-04-07 18:30:00,174.85987344075332,95.01304122000005,31.248258839483206,301.1211735002366
2026-04-07 18:45:00,174.85987344075332,-85.71307742640886,442.01098853133817,531.1577845456826
2026-04-07 19:00:00,174.85987344075332,-149.70585156455977,368.1076404500351,393.26166232622865
2026-04-07 19:15:00,174.85987344075332,126.63537326501012,-47.98278470792717,253.51246199783623
2026-04-07 19:30:00,174.85987344075332,-87.39329248305326,649.0053655521904,736.4719465098905
2026-04-07 19:45:00,174.85987344075332,-175.62936215994773,365.5286934344725,364.7592047152781
2026-04-07 20:00:00,196.93353920615272,-182.93105966031982,304.522205379475,318.5246849253079
2026-04-07 20:15:00,196.93353920615272,-231.4925304708152,212.1690424113186,177.6100511466561
2026-04-07 20:30:00,196.93353920615272,-194.38265242438692,447.9058941955257,450.4567809772915
2026-04-07 20:45:00,196.93353920615272,-233.43928542771934,507.3321825906276,470.82643636906096
2026-04-07 21:00:00,196.93353920615272,-347.2120285940263,701.1990295275966,550.920540139723
2026-04-07 21:15:00,196.93353920615272,-339.5667844548819,506.219269825999,363.5860245772698
2026-04-07 21:30:00,196.93353920615272,-305.99183767293033,739.5302912957452,630.4719928289676
2026-04-07 21:45:00,196.93353920615272,-254.7304170128583,503.8599248462482,446.0630470395426
2026-04-07 22:00:00,196.93353920615272,-246.04992846057047,472.74644264128864,423.6300533868709
2026-04-07 22:15:00,196.93353920615272,-189.42612205527593,465.50042837493027,473.00784552580706
2026-04-07 22:30:00,196.93353920615272,-242.56606553628333,404.8681823086912,359.23565597856054
2026-04-07 22:45:00,196.93353920615272,-231.06708863422688,525.6128784857502,491.47932905767607
2026-04-07 23:00:00,196.93353920615272,-239.28233768996026,652.0178323780336,609.6690338942261
2026-04-07 23:15:00,196.93353920615272,-216.83953167332217,524.2261866090497,504.3201941418803
2026-04-07 23:30:00,196.93353920615272,-187.35016320849937,502.22460041857676,511.8079764162301
2026-04-07 23:45:00,196.93353920615272,176.11001444972453,63.34609694592275,436.3896506018
2026-04-08 00:00:00,45.02426147718266,207.52721832375607,-206.8219661389723,45.72951366196645
2026-04-08 00:15:00,45.02426147718266,169.0852243192807,-133.4511298980659,80.6583558983975
2026-04-08 00:30:00,45.02426147718266,147.99619539373816,-58.17497246267046,134.84548440825037
2026-04-08 00:45:00,45.02426147718266,-86.83389025481576,330.90689887498377,289.0972700973507
2026-04-08 01:00:00,45.02426147718266,-154.66757114052393,282.5616006229904,172.91829095964914
2026-04-08 01:15:00,45.02426147718266,139.55737093869638,-32.68216200052616,151.89947041535288
2026-04-08 01:30:00,45.02426147718266,-148.98762841106435,201.82693741032958,97.86357047644789
2026-04-08 01:45:00,45.02426147718266,162.66126028312354,-25.050866913499068,182.6346548468071
2026-04-08 02:00:00,45.02426147718266,199.38261326582443,-0.6666038803878657,243.74027086261924
2026-04-08 02:15:00,45.02426147718266,173.52334744181948,29.713228416018143,248.26083733502028
2026-04-08 02:30:00,45.02426147718266,171.28393744183876,84.9541745053551,301.2623734243765
2026-04-08 02:45:00,45.02426147718266,144.7121013553252,-0.550893422664252,189.1854694098436
2026-04-08 03:00:00,45.02426147718266,132.6813055025584,43.80515664131367,221.5107236210547
2026-04-08 03:15:00,45.02426147718266,135.1223957879375,11.144180519519002,191.29083778463917
2026-04-08 03:30:00,45.02426147718266,72.64576264675725,49.71566039212983,167.38568451606974
2026-04-08 03:45:00,45.02426147718266,86.25039611316005,1627.379658084516,1758.6543156748587
2026-04-08 04:00:00,115.27722675990451,125.16109901598352,1583.166334313578,1823.604660089466
2026-04-08 04:15:00,115.27722675990451,89.71642752968737,1691.4816977757891,1896.475352065381
2026-04-08 04:30:00,115.27722675990451,78.99207086330587,1896.3523383904292,2090.6216360136395
2026-04-08 04:45:00,115.27722675990451,122.93501666021962,1875.3557510956707,2113.567994515795
2026-04-08 05:00:00,115.27722675990451,149.90572365189058,1321.4508375607415,1586.6337879725365
2026-04-08 05:15:00,115.27722675990451,124.3381900248893,8.001274565672464,247.61669135046628
2026-04-08 05:30:00,115.27722675990451,153.55584221300685,317.6981813853239,586.5312503582352
2026-04-08 05:45:00,115.27722675990451,198.264831755981,0.7272653879923433,314.2693239038779
2026-04-08 06:00:00,115.27722675990451,190.09329067948335,1470.9336887052968,1776.3042061446847
2026-04-08 06:15:00,115.27722675990451,202.17396056227005,1509.7392464653485,1827.190433787523
2026-04-08 06:30:00,115.27722675990451,203.30984962151723,540.3113272726971,858.8984036541189
2026-04-08 06:45:00,115.27722675990451,228.49710053266224,112.06050821514972,455.83483550771643
2026-04-08 07:00:00,115.27722675990451,225.4486393572298,79.49011518561406,420.2159813027484
2026-04-08 07:15:00,115.27722675990451,209.97052685926354,5.696419177605681,330.9441727967737
2026-04-08 07:30:00,115.27722675990451,258.7184540137148,14.408466336108068,388.4041471097274
2026-04-08 07:45:00,115.27722675990451,295.4234327500091,-13.364770199083091,397.33588931083057
2026-04-08 08:00:00,300.16077104324165,395.0371234754885,17.64423359062805,712.8421281093582
2026-04-08 08:15:00,300.16077104324165,288.47742938933374,25.395354639640782,614.0335550722161
2026-04-08 08:30:00,300.16077104324165,278.98790105786026,41.515522890248704,620.6641949913507
2026-04-08 08:45:00,300.16077104324165,214.43140308903818,16.514396764268803,531.1065708965486
2026-04-08 09:00:00,300.16077104324165,222.19029368107078,551.3800550535308,1073.731119777843
2026-04-08 09:15:00,300.16077104324165,192.43252382460815,579.484970871989,1072.0782657398388
2026-04-08 09:30:00,300.16077104324165,185.01453938895645,1157.123308381321,1642.2986188135192
2026-04-08 09:45:00,300.16077104324165,104.94212972310473,45.951351939795664,451.054252706142
2026-04-08 10:00:00,300.16077104324165,149.8423918700821,67.97271478499053,517.9758776983143
2026-04-08 10:15:00,300.16077104324165,94.01076551363145,27.647036493046993,421.8185730499201
2026-04-08 10:30:00,300.16077104324165,66.672318944642,58.26147804050542,425.0945680283891
2026-04-08 10:45:00,300.16077104324165,16.873045156838955,113.81443366438725,430.84824986446785
2026-04-08 11:00:00,300.16077104324165,24.319271991661545,101.7954457278879,426.2754887627911
2026-04-08 11:15:00,300.16077104324165,27.201228281406586,87.05370465155556,414.4157039762038
2026-04-08 11:30:00,300.16077104324165,34.3560746493746,85.7872328030623,420.30407849567854
2026-04-08 11:45:00,300.16077104324165,-23.267726591014863,85.50996501904105,362.4030094712678
2026-04-08 12:00:00,447.0645327953048,27.904150121490474,114.47535431271467,589.44403722951
2026-04-08 12:15:00,447.0645327953048,85.47520600547367,145.038264878404,677.5780036791824
2026-04-08 12:30:00,447.0645327953048,39.4203049888183,244.58965220975983,731.0744899938829
2026-04-08 12:45:00,447.0645327953048,95.60184630848408,140.4397970704411,683.1061761742299
2026-04-08 13:00:00,447.0645327953048,-52.16006302944879,208.33996944393212,603.2444392097881
2026-04-08 13:15:00,447.0645327953048,34.32233447321678,27.443389551904165,508.8302568204257
2026-04-08 13:30:00,447.0645327953048,97.34697520742104,3.0966587311892333,547.508166733915
2026-04-08 13:45:00,447.0645327953048,-72.65945382161397,282.0969217060763,656.5020006797671
2026-04-08 14:00:00,447.0645327953048,57.36594271453153,57.75613327168061,562.186608781517
2026-04-08 14:15:00,447.0645327953048,72.43473928054384,41.41325273352696,560.9125248093756
2026-04-08 14:30:00,447.0645327953048,-67.50134459504562,144.92368371213146,524.4868719123906
2026-04-08 14:45:00,447.0645327953048,90.70429533198343,74.67766257162616,612.4464906989143
2026-04-08 15:00:00,447.0645327953048,11.023438432957704,139.09312529887953,597.181096527142
2026-04-08 15:15:00,447.0645327953048,36.270261222996105,180.97103269501113,664.3058267133121
2026-04-08 15:30:00,447.0645327953048,11.885349797914273,154.21449262124708,613.1643752144662
2026-04-08 15:45:00,447.0645327953048,-7.533358836948296,182.497208400857,622.0283823592135
2026-04-08 16:00:00,238.20987344075326,22.74730010966764,148.2379490126261,409.195122563047
2026-04-08 16:15:00,238.20987344075326,20.729359970428423,484.89527889641556,743.8345123075973
2026-04-08 16:30:00,238.20987344075326,15.192714781288306,53.37810946552734,306.78069768756893
2026-04-08 16:45:00,238.20987344075326,-21.04626238352486,179.33617443306645,396.4997854902948
2026-04-08 17:00:00,238.20987344075326,-0.1593116757876616,27.759565819935727,265.81012758490135
2026-04-08 17:15:00,238.20987344075326,20.72888676064209,86.14329220759815,345.0820524089935
2026-04-08 17:30:00,238.20987344075326,10.093108847975392,52.505988434972814,300.80897072370146
2026-04-08 17:45:00,238.20987344075326,98.83932875749838,13.813943085759718,350.86314528401135
2026-04-08 18:00:00,238.20987344075326,39.827600016939684,50.565799703413944,328.6032731611069
2026-04-08 18:15:00,238.20987344075326,124.30362226403233,40.62720947303305,403.14070517781863
2026-04-08 18:30:00,238.20987344075326,-141.71304122000006,537.5854357475151,634.0822679682683
2026-04-08 18:45:00,238.20987344075326,-151.53807742640882,243.3185818168112,329.9903778311556
2026-04-08 19:00:00,238.20987344075326,121.73085156455976,-33.54123611751824,326.3994888877948
2026-04-08 19:15:00,238.20987344075326,192.48537326501014,-76.78663562713173,353.9086110786317
2026-04-08 19:30:00,238.20987344075326,213.54329248305328,-73.22338611212537,378.5297798116812
2026-04-08 19:45:00,238.20987344075326,285.2793621599477,-138.9151634052776,384.5740721954234
2026-04-08 20:00:00,194.93353920615272,-251.63105966031986,574.0270630508919,517.3295425967248
2026-04-08 20:15:00,194.93353920615272,343.51753047081513,-123.5100943541195,414.9409753228483
2026-04-08 20:30:00,194.93353920615272,309.9326524243869,-207.90619731993266,296.95999431060693
2026-04-08 20:45:00,194.93353920615272,313.06428542771937,-154.72053315489643,353.27729147897566
2026-04-08 21:00:00,194.93353920615272,426.3370285940264,-77.2578113752614,544.0127564249177
2026-04-08 21:15:00,194.93353920615272,356.31678445488177,-227.29458502991537,323.9557386311191
2026-04-08 21:30:00,194.93353920615272,342.04183767293034,-198.92038018021964,338.0549966988635
2026-04-08 21:45:00,194.93353920615272,304.80541701285824,-234.23807668041755,265.5008795385934
2026-04-08 22:00:00,194.93353920615272,323.89992846057044,-271.44782111461984,247.38564655210337
2026-04-08 22:15:00,194.93353920615272,-237.00112205527597,406.5841028795039,364.51652003038066
2026-04-08 22:30:00,194.93353920615272,321.7910655362833,-167.65243298097812,349.07217176145787
2026-04-08 22:45:00,194.93353920615272,-276.1170886342269,538.4185809854296,457.2350315573554
2026-04-08 23:00:00,194.93353920615272,-284.30733768996026,761.7315915253041,672.3577930414965
2026-04-08 23:15:00,194.93353920615272,-266.7895316733222,652.8564707383192,581.0004782711497
2026-04-08 23:30:00,194.93353920615272,-235.2251632084994,778.0261147154677,737.734490713121
2026-04-08 23:45:00,194.93353920615272,-199.58501444972453,669.5181583155115,664.8666830719397
