timestamp,rev_FCR_D,rev_DA,rev_IM,PnL
2026-03-01 00:00:00,0.0,69.763949294052,-60.237075090143605,9.526874203908392
2026-03-01 00:15:00,0.0,74.89668906806946,-55.74480720787557,19.151881860193896
2026-03-01 00:30:00,0.0,94.15556393695846,-58.46296526741511,35.69259866954335
2026-03-01 00:45:00,0.0,-57.12402526256813,89.64723404485605,32.52320878228792
2026-03-01 01:00:00,0.0,-81.61107651856196,88.50693387968198,6.895857361120022
2026-03-01 01:15:00,0.0,-69.36089918893214,74.58436623022074,5.2234670412886
2026-03-01 01:30:00,0.0,97.62329070983228,-49.012710941825176,48.6105797680071
2026-03-01 01:45:00,0.0,-75.60525582409974,116.41902362682097,40.81376780272123
2026-03-01 02:00:00,0.0,73.38589133704663,-44.30389682066004,29.081994516386587
2026-03-01 02:15:00,0.0,57.09371076968678,35.8446928948736,92.93840366456038
2026-03-01 02:30:00,0.0,57.863136899057466,14.36239453744184,72.22553143649931
2026-03-01 02:45:00,0.0,60.69803821466764,-9.0089419819757,51.68909623269194
2026-03-01 03:00:00,0.0,57.00853581312583,-33.974707487932704,23.033828325193127
2026-03-01 03:15:00,0.0,39.63745995722387,-26.966711095136894,12.670748862086974
2026-03-01 03:30:00,0.0,53.40158504905265,26.94702531973204,80.34861036878469
2026-03-01 03:45:00,0.0,78.5943134668967,-4.91609278407168,73.67822068282501
2026-03-01 04:00:00,0.0,64.97202026949749,13.986503337908475,78.95852360740597
2026-03-01 04:15:00,0.0,47.032856702909356,-1.0504706491066582,45.9823860538027
2026-03-01 04:30:00,0.0,54.030483471732595,-1.0588639901074786,52.97161948162512
2026-03-01 04:45:00,0.0,46.95667758729124,2.8036294124964205,49.76030699978766
2026-03-01 05:00:00,0.0,-48.102758545754,18.02011453282543,-30.08264401292857
2026-03-01 05:15:00,0.0,71.95425816289027,-9.476804190679665,62.477453972210604
2026-03-01 05:30:00,0.0,67.51500390609364,10.524341448394573,78.0393453544882
2026-03-01 05:45:00,0.0,57.224445501991134,-0.6897668834695735,56.53467861852156
2026-03-01 06:00:00,0.0,47.593003852499116,-7.387630970467975,40.20537288203114
2026-03-01 06:15:00,0.0,62.48377617925573,5.146388650563211,67.63016482981894
2026-03-01 06:30:00,0.0,59.58364946030141,5.114714039002444,64.69836349930385
2026-03-01 06:45:00,0.0,55.71651865436061,-11.86643434522866,43.85008430913195
2026-03-01 07:00:00,0.0,-52.982484398339274,-4.188621848699585,-57.17110624703886
2026-03-01 07:15:00,0.0,51.66332939529685,14.757867826709248,66.4211972220061
2026-03-01 07:30:00,0.0,66.52621222774671,3.596326301856073,70.12253852960278
2026-03-01 07:45:00,0.0,62.20860805792313,-64.46664047578224,-2.2580324178591127
2026-03-01 08:00:00,0.0,-43.26187244653472,70.32266831666281,27.060795870128096
2026-03-01 08:15:00,0.0,52.248978106826904,-37.89728158552985,14.35169652129705
2026-03-01 08:30:00,0.0,-49.99588990587614,80.93965696111857,30.943767055242432
2026-03-01 08:45:00,0.0,-7.376024999188212,118.61388100202814,111.23785600283992
2026-03-01 09:00:00,0.0,-43.19631471721281,539.887281820748,496.6909671035351
2026-03-01 09:15:00,0.0,1.2389186767321565,802.1709478174416,803.4098664941738
2026-03-01 09:30:00,0.0,4.926572670816603,766.0166660951303,770.943238765947
2026-03-01 09:45:00,0.0,18.812646428380578,13.390469700633139,32.203116129013715
2026-03-01 10:00:00,0.0,2.1354028073564595,45.73713315130915,47.87253595866561
2026-03-01 10:15:00,0.0,4.093718919023981,28.892694394664847,32.98641331368883
2026-03-01 10:30:00,0.0,3.679689824068854,199.27444497962927,202.9541348036981
2026-03-01 10:45:00,0.0,-5.094794639120339,258.0186735460585,252.92387890693814
2026-03-01 11:00:00,0.0,-3.2197402451403256,78.23978978343388,75.02004953829355
2026-03-01 11:15:00,0.0,6.335581369286506,61.17802143014128,67.51360279942779
2026-03-01 11:30:00,0.0,17.119770910769116,-22.682591618109235,-5.562820707340119
2026-03-01 11:45:00,0.0,-4.660183896574452,154.98940957161142,150.32922567503698
2026-03-01 12:00:00,0.0,-6.706643781043702,-45.30667851634904,-52.01332229739274
2026-03-01 12:15:00,0.0,3.024171594710776,63.456434870919495,66.48060646563027
2026-03-01 12:30:00,0.0,9.136622598088598,79.80009806592398,88.93672066401257
2026-03-01 12:45:00,0.0,-6.742404851678013,57.02922457426235,50.28681972258434
2026-03-01 13:00:00,0.0,3.170070023687624,40.41441327945774,43.58448330314536
2026-03-01 13:15:00,0.0,-2.369317629897964,3.508810810973888,1.139493181075924
2026-03-01 13:30:00,0.0,-9.650277414115035,51.68217032600178,42.03189291188674
2026-03-01 13:45:00,0.0,11.504427412392413,29.93125662479749,41.4356840371899
2026-03-01 14:00:00,0.0,-9.801855474657149,45.79577899827733,35.99392352362018
2026-03-01 14:15:00,0.0,2.656082093780292,6.810352111205062,9.466434204985354
2026-03-01 14:30:00,0.0,-5.2777383869420715,20.00867519805237,14.730936811110297
2026-03-01 14:45:00,0.0,14.771165508893754,68.16656915750781,82.93773466640157
2026-03-01 15:00:00,0.0,-11.786663768422695,573.0547204430763,561.2680566746536
2026-03-01 15:15:00,0.0,15.956029687605646,72.12031254827055,88.0763422358762
2026-03-01 15:30:00,0.0,-0.1118121341313321,37.049375857440126,36.93756372330879
2026-03-01 15:45:00,0.0,-5.435050977637625,7.506637282114542,2.0715863044769174
2026-03-01 16:00:00,0.0,-14.411602246610979,22.630245553486347,8.218643306875368
2026-03-01 16:15:00,0.0,15.92622031005893,19.56665210275509,35.49287241281402
2026-03-01 16:30:00,0.0,-13.749270831820237,-31.945347891616677,-45.69461872343692
2026-03-01 16:45:00,0.0,48.052103653395044,4.225859775513709,52.277963428908755
2026-03-01 17:00:00,0.0,25.022609479749285,0.04976672696431855,25.072376206713603
2026-03-01 17:15:00,0.0,88.88805953163954,1.525119309430973,90.41317884107052
2026-03-01 17:30:00,0.0,49.1139092317613,4.748526871311602,53.8624361030729
2026-03-01 17:45:00,0.0,15.994779546477622,-15.255465228811643,0.7393143176659791
2026-03-01 18:00:00,0.0,48.279149710256064,-72.60660503339076,-24.3274553231347
2026-03-01 18:15:00,0.0,-20.280098841512675,711.5575205611174,691.2774217196047
2026-03-01 18:30:00,0.0,-83.30862261225104,339.11614836555333,255.8075257533023
2026-03-01 18:45:00,0.0,-164.01358486110283,378.2307335291837,214.21714866808085
2026-03-01 19:00:00,0.0,-139.71096636597474,566.5658882581653,426.85492189219053
2026-03-01 19:15:00,0.0,-154.78079126856196,142.79989017936015,-11.980901089201808
2026-03-01 19:30:00,0.0,-134.5784503102488,221.97678576878351,87.39833545853472
2026-03-01 19:45:00,0.0,-78.74098503926787,77.26419483770192,-1.4767902015659473
2026-03-01 20:00:00,0.0,-84.78726771153319,117.39692349303543,32.60965578150224
2026-03-01 20:15:00,0.0,-82.0694989367716,171.14855375465717,89.07905481788558
2026-03-01 20:30:00,0.0,-84.56157850337989,91.68266451001585,7.121086006635963
2026-03-01 20:45:00,0.0,-73.57329344425236,186.6815394147534,113.10824597050103
2026-03-01 21:00:00,0.0,-99.44767406457423,207.46608452416632,108.01841045959209
2026-03-01 21:15:00,0.0,-55.12478130110094,220.94879367572932,165.82401237462838
2026-03-01 21:30:00,0.0,-68.37101524139533,141.81449233492245,73.44347709352712
2026-03-01 21:45:00,0.0,-51.38925273147351,129.30579587762267,77.91654314614917
2026-03-01 22:00:00,0.0,-88.55089367400507,208.99655794775725,120.44566427375219
2026-03-01 22:15:00,0.0,-52.2957727611612,167.17864121394433,114.88286845278313
2026-03-01 22:30:00,0.0,68.27994733783028,-98.45723849471571,-30.17729115688543
2026-03-01 22:45:00,0.0,61.99076964759556,-45.09160421961768,16.899165427977884
2026-03-01 23:00:00,0.0,-57.76507146757726,214.83874755561595,157.0736760880387
2026-03-01 23:15:00,0.0,-35.57526213801789,23.33279605060253,-12.242466087415362
2026-03-01 23:30:00,0.0,-53.701043571169826,239.0663114798753,185.36526790870548
2026-03-01 23:45:00,0.0,39.566749561533825,-48.758585681104954,-9.191836119571128
2026-03-02 00:00:00,0.0,-39.738949294052006,37.183875743101396,-2.5550735509506097
2026-03-02 00:15:00,0.0,37.396689068069506,-60.02430277779808,-22.62761370972857
2026-03-02 00:30:00,0.0,41.655563936958444,-55.6837864138765,-14.028222476918053
2026-03-02 00:45:00,0.0,-11.274025262568177,52.43425411418739,41.16022885161921
2026-03-02 01:00:00,0.0,-48.48607651856196,34.89343464034482,-13.592641878217137
2026-03-02 01:15:00,0.0,-18.76089918893215,34.81637011911856,16.05547093018641
2026-03-02 01:30:00,0.0,-18.12329070983229,-5.04110872191589,-23.16439943174818
2026-03-02 01:45:00,0.0,-3.1052558240997232,9.222187629820096,6.116931805720373
2026-03-02 02:00:00,0.0,51.160891337046635,-2.054476976183742,49.10641436086289
2026-03-02 02:15:00,0.0,-20.768710769686763,12.96671954178371,-7.801991227903052
2026-03-02 02:30:00,0.0,-17.938136899057447,1.0079102871050667,-16.93022661195238
2026-03-02 02:45:00,0.0,15.698038214667635,-7.008125957949942,8.689912256717694
2026-03-02 03:00:00,0.0,-22.858535813125815,43.33527987818773,20.47674406506191
2026-03-02 03:15:00,0.0,1.9374599572238693,-1.0186462836500405,0.9188136735738288
2026-03-02 03:30:00,0.0,12.501585049052661,62.40185126934182,74.90343631839448
2026-03-02 03:45:00,0.0,32.34431346689669,-19.228708764161272,13.115604702735421
2026-03-02 04:00:00,0.0,28.972020269497477,13.871503337908479,42.843523607405956
2026-03-02 04:15:00,0.0,-2.307856702909353,-2.39031469607661,-4.698171398985963
2026-03-02 04:30:00,0.0,16.955483471732546,3.6650984451052455,20.620581916837793
2026-03-02 04:45:00,0.0,0.106677587291234,9.619805043741554,9.726482631032788
2026-03-02 05:00:00,0.0,6.827758545753984,-3.12758589961907,3.7001726461349143
2026-03-02 05:15:00,0.0,-29.45425816289026,215.99467365113276,186.5404154882425
2026-03-02 05:30:00,0.0,29.915003906093606,13.69662381179436,43.61162771788797
2026-03-02 05:45:00,0.0,-43.54944550199114,258.44663866937776,214.89719316738663
2026-03-02 06:00:00,0.0,37.393003852499135,-15.566966578265296,21.82603727423384
2026-03-02 06:15:00,0.0,-54.48377617925569,-3.393294282382984,-57.877070461638674
2026-03-02 06:30:00,0.0,51.10864946030137,-0.10019953378664032,51.00844992651473
2026-03-02 06:45:00,0.0,63.116518654360625,-22.827905165330282,40.28861348903034
2026-03-02 07:00:00,0.0,48.88248439833927,-43.2423865546464,5.640097843692871
2026-03-02 07:15:00,0.0,-58.388329395296836,167.917082297581,109.52875290228417
2026-03-02 07:30:00,0.0,-94.65121222774673,303.69559493562696,209.04438270788023
2026-03-02 07:45:00,0.0,-130.93360805792315,332.18529987389195,201.2516918159688
2026-03-02 08:00:00,0.0,176.66187244653472,-16.270501856245662,160.39137059028906
2026-03-02 08:15:00,0.0,112.5489781068269,-104.04706043372579,8.501917673101104
2026-03-02 08:30:00,0.0,-78.37088990587611,191.66811808627108,113.29722818039497
2026-03-02 08:45:00,0.0,33.3510249991882,113.71124217126768,147.06226717045587
2026-03-02 09:00:00,0.0,82.24631471721284,-22.1020090921592,60.14430562505364
2026-03-02 09:15:00,0.0,-69.16108132326785,85.1767582539534,16.015676930685544
2026-03-02 09:30:00,0.0,58.7984273291834,38.88041690956956,97.67884423875296
2026-03-02 09:45:00,0.0,17.61235357161943,1368.4476514968344,1386.0600050684538
2026-03-02 10:00:00,0.0,61.26459719264355,100.12782465720574,161.39242184984928
2026-03-02 10:15:00,0.0,2.156281080976018,721.0688519324473,723.2251330134233
2026-03-02 10:30:00,0.0,8.454689824068847,693.4145575488486,701.8692473729175
2026-03-02 10:45:00,0.0,-0.7947946391203382,723.3749165957001,722.5801219565798
2026-03-02 11:00:00,0.0,65.84474024514031,498.6034320100149,564.4481722551552
2026-03-02 11:15:00,0.0,-6.185581369286504,616.568494007596,610.3829126383094
2026-03-02 11:30:00,0.0,-17.09477091076912,18.062248177849835,0.9674772670807137
2026-03-02 11:45:00,0.0,-4.410183896574446,16.63025460954819,12.220070712973744
2026-03-02 12:00:00,0.0,6.956643781043712,35.24398911367147,42.20063289471518
2026-03-02 12:15:00,0.0,4.54917159471078,225.27081827414304,229.8199898688538
2026-03-02 12:30:00,0.0,56.361622598088594,192.49132354944294,248.85294614753153
2026-03-02 12:45:00,0.0,-4.09240485167801,336.13078960655025,332.03838475487225
2026-03-02 13:00:00,0.0,5.695070023687623,313.372376113511,319.0674461371986
2026-03-02 13:15:00,0.0,-0.2056823701020451,239.57797297256525,239.3722906024632
2026-03-02 13:30:00,0.0,7.150277414115034,34.69468799704449,41.84496541115952
2026-03-02 13:45:00,0.0,11.779427412392405,288.58473252746285,300.36415993985526
2026-03-02 14:00:00,0.0,-7.3018554746571525,211.1319640817542,203.83010860709706
2026-03-02 14:15:00,0.0,-2.5060820937802903,291.25674044433714,288.7506583505569
2026-03-02 14:30:00,0.0,18.24726161305793,214.22414053084466,232.4714021439026
2026-03-02 14:45:00,0.0,32.92116550889376,208.05813042463606,240.9792959335298
2026-03-02 15:00:00,0.0,-11.5616637684227,199.15396425476897,187.59230048634626
2026-03-02 15:15:00,0.0,17.506029687605647,230.54210076148678,248.0481304490924
2026-03-02 15:30:00,0.0,17.588187865868655,351.03894881253075,368.6271366783994
2026-03-02 15:45:00,0.0,-3.385050977637636,161.77227890036218,158.38722792272455
2026-03-02 16:00:00,0.0,4.888397753389018,17.023462877377057,21.911860630766075
2026-03-02 16:15:00,0.0,70.9762203100589,-2.699790666535994,68.27642964352292
2026-03-02 16:30:00,0.0,70.37427083182024,18.480754442844194,88.85502527466443
2026-03-02 16:45:00,0.0,-75.97710365339506,310.687493649277,234.7103899958819
2026-03-02 17:00:00,0.0,62.74760947974926,-54.89962954588285,7.847979933866405
2026-03-02 17:15:00,0.0,35.01305953163952,-19.97604120849581,15.037018323143709
2026-03-02 17:30:00,0.0,123.86390923176138,-32.857572687917326,91.00633654384406
2026-03-02 17:45:00,0.0,164.54477954647768,-46.68468413190681,117.86009541457088
2026-03-02 18:00:00,0.0,163.30414971025607,-89.56352268447505,73.74062702578102
2026-03-02 18:15:00,0.0,180.83009884151272,-77.97264564708031,102.85745319443241
2026-03-02 18:30:00,0.0,265.233622612251,-98.37593901933201,166.857683592919
2026-03-02 18:45:00,0.0,324.6385848611026,-141.33651056967466,183.3020742914279
2026-03-02 19:00:00,0.0,377.3359663659749,-84.8825632771066,292.4534030888683
2026-03-02 19:15:00,0.0,336.8307912685618,-51.78746339312006,285.0433278754418
2026-03-02 19:30:00,0.0,262.0784503102488,152.91772312572678,414.9961734359756
2026-03-02 19:45:00,0.0,207.59098503926776,1000.002683874327,1207.5936689135947
2026-03-02 20:00:00,0.0,-219.1122677115332,654.9853855776443,435.87311786611104
2026-03-02 20:15:00,0.0,-213.31949893677165,736.7384589287105,523.4189599919389
2026-03-02 20:30:00,0.0,-188.1865785033799,418.67032902003143,230.48375051665153
2026-03-02 20:45:00,0.0,-153.9982934442523,503.96414409557997,349.9658506513276
2026-03-02 21:00:00,0.0,-169.27267406457423,737.5833418576995,568.3106677931253
2026-03-02 21:15:00,0.0,-122.69978130110093,61.64778345561765,-61.05199784548328
2026-03-02 21:30:00,0.0,-118.37101524139527,336.49508986545584,218.12407462406057
2026-03-02 21:45:00,0.0,-85.03925273147352,167.98079587762265,82.94154314614913
2026-03-02 22:00:00,0.0,111.55089367400504,-109.86653285877819,1.684360815226853
2026-03-02 22:15:00,0.0,85.12077276116118,-71.94862167403998,13.172151087121193
2026-03-02 22:30:00,0.0,138.90494733783027,-146.13521659998614,-7.230269262155872
2026-03-02 22:45:00,0.0,143.21576964759558,-126.03292106210169,17.182848585493886
2026-03-02 23:00:00,0.0,157.3650714675773,-79.11338615056106,78.25168531701625
2026-03-02 23:15:00,0.0,101.65026213801794,-91.02419407590376,10.626068062114172
2026-03-02 23:30:00,0.0,-130.9010435711698,168.54541248377055,37.644368912600754
2026-03-02 23:45:00,0.0,-92.54174956153385,184.83475975714086,92.29301019560701
2026-03-03 00:00:00,0.0,-88.33894929405201,1319.3601305915545,1231.0211812975024
2026-03-03 00:15:00,0.0,-129.74668906806943,272.70411999522463,142.9574309271552
2026-03-03 00:30:00,0.0,-127.68056393695845,36.7913266305538,-90.88923730640465
2026-03-03 00:45:00,0.0,-77.12402526256815,8.821479930668652,-68.3025453318995
2026-03-03 01:00:00,0.0,-170.53607651856197,549.0324315976932,378.4963550791312
2026-03-03 01:15:00,0.0,-112.86089918893211,366.45762400801647,253.59672481908436
2026-03-03 01:30:00,0.0,-140.0982907098323,350.7974615920258,210.6991708821935
2026-03-03 01:45:00,0.0,-98.13025582409965,559.9303127163669,461.8000568922672
2026-03-03 02:00:00,0.0,-163.86089133704658,201.8843491994262,38.023457862379615
2026-03-03 02:15:00,0.0,-110.56871076968676,46.33709390835675,-64.23161686133001
2026-03-03 02:30:00,0.0,-93.76313689905744,222.7258953349559,128.96275843589848
2026-03-03 02:45:00,0.0,-78.84803821466761,132.2004530330279,53.3524148183603
2026-03-03 03:00:00,0.0,-93.30853581312584,285.1453733123407,191.83683749921488
2026-03-03 03:15:00,0.0,-54.162459957223845,201.01962220824487,146.857162251021
2026-03-03 03:30:00,0.0,-66.32658504905265,449.6072468314388,383.2806617823861
2026-03-03 03:45:00,0.0,-78.5943134668967,198.7575635747801,120.16325010788341
2026-03-03 04:00:00,0.0,-92.44702026949747,130.13782318442742,37.69080291492995
2026-03-03 04:15:00,0.0,67.20785670290935,-76.79149131884326,-9.583634615933903
2026-03-03 04:30:00,0.0,-87.33048347173253,76.66638860138377,-10.664094870348762
2026-03-03 04:45:00,0.0,65.40667758729123,-72.09514873750976,-6.688471150218533
2026-03-03 05:00:00,0.0,-76.577758545754,20.8057900864889,-55.771968459265096
2026-03-03 05:15:00,0.0,106.52925816289026,-80.22063336077676,26.3086248021135
2026-03-03 05:30:00,0.0,144.09000390609373,-178.13881146140602,-34.048807555312294
2026-03-03 05:45:00,0.0,-137.49944550199106,209.44772026016355,71.94827475817249
2026-03-03 06:00:00,0.0,-161.5430038524991,285.30338267631606,123.76037882381695
2026-03-03 06:15:00,0.0,-199.48377617925573,390.59940025739166,191.11562407813594
2026-03-03 06:30:00,0.0,-210.35864946030142,390.90252667936494,180.54387721906352
2026-03-03 06:45:00,0.0,352.0415186543605,-213.14593799271597,138.89558066164454
2026-03-03 07:00:00,0.0,336.0824843983394,-308.7935798319697,27.288904566369695
2026-03-03 07:15:00,0.0,370.48832939529683,-192.03519950283888,178.45312989245795
2026-03-03 07:30:00,0.0,408.6262122277469,-98.36843248927114,310.2577797384758
2026-03-03 07:45:00,0.0,337.03360805792323,-321.9575080194915,15.076100038431719
2026-03-03 08:00:00,0.0,446.23687244653473,-231.72755713680183,214.5093153097329
2026-03-03 08:15:00,0.0,359.4489781068271,-307.6947815855298,51.754196521297274
2026-03-03 08:30:00,0.0,308.6458899058763,-249.6896208517626,58.956269054113676
2026-03-03 08:45:00,0.0,226.6760249991881,-274.3895073068169,-47.713482307628794
2026-03-03 09:00:00,0.0,327.5713147172128,-198.26819091001195,129.30312380720082
2026-03-03 09:15:00,0.0,-215.86108132326783,339.2630923859012,123.40201106263336
2026-03-03 09:30:00,0.0,175.7984273291834,-199.9508329618348,-24.15240563265141
2026-03-03 09:45:00,0.0,89.08735357161942,-220.61467236542822,-131.5273187938088
2026-03-03 10:00:00,0.0,-112.71459719264354,438.4087435626624,325.69414637001887
2026-03-03 10:15:00,0.0,-103.40628108097603,367.83356475555325,264.4272836745772
2026-03-03 10:30:00,0.0,-72.0296898240689,356.07385474349377,284.0441649194249
2026-03-03 10:45:00,0.0,-41.25520536087967,409.9875602364388,368.73235487555917
2026-03-03 11:00:00,0.0,-77.46974024514034,360.4305115768825,282.9607713317422
2026-03-03 11:15:00,0.0,-50.0394186307135,402.4308640565657,352.3914454258522
2026-03-03 11:30:00,0.0,-40.88022908923087,329.25120874632063,288.3709796570898
2026-03-03 11:45:00,0.0,-5.739816103425551,383.7730904283884,378.03327432496286
2026-03-03 12:00:00,0.0,-107.15664378104371,174.73759942198782,67.58095564094411
2026-03-03 12:15:00,0.0,-73.24917159471077,98.72676575809304,25.477594163382264
2026-03-03 12:30:00,0.0,-70.91162259808863,216.33740543643043,145.4257828383418
2026-03-03 12:45:00,0.0,1.2424048516780142,81.45702745156804,82.69943230324606
2026-03-03 13:00:00,0.0,35.69507002368762,-39.346878016038616,-3.651807992350996
2026-03-03 13:15:00,0.0,-3.7806823701020464,52.21398648628265,48.4333041161806
2026-03-03 13:30:00,0.0,4.875277414115034,-0.08133437885764999,4.793943035257384
2026-03-03 13:45:00,0.0,-14.054427412392407,4.990828916801667,-9.063598495590739
2026-03-03 14:00:00,0.0,-11.348144525342851,23.697832875646018,12.349688350303166
2026-03-03 14:15:00,0.0,-36.5189179062197,64.492152916717,27.973235010497305
2026-03-03 14:30:00,0.0,-9.297261613057925,325.3397080032461,316.04244639018816
2026-03-03 14:45:00,0.0,-40.021165508893766,237.57468084249226,197.55351533359848
2026-03-03 15:00:00,0.0,0.6866637684226935,474.2355155790774,474.9221793475001
2026-03-03 15:15:00,0.0,-87.38102968760565,127.27305551264844,39.89202582504279
2026-03-03 15:30:00,0.0,-68.16318786586868,227.79335408981888,159.6301662239502
2026-03-03 15:45:00,0.0,-114.23994902236238,432.9617254357709,318.7217764134085
2026-03-03 16:00:00,0.0,-38.013397753389015,87.95549207230597,49.94209431891696
2026-03-03 16:15:00,0.0,127.82622031005894,-151.4856385637809,-23.659418253721952
2026-03-03 16:30:00,0.0,106.49927083182018,-100.5683151354792,5.9309556963409875
2026-03-03 16:45:00,0.0,98.87710365339504,-101.76572017460042,-2.8886165212053783
2026-03-03 17:00:00,0.0,94.89760947974935,-123.02364436404758,-28.126034884298235
2026-03-03 17:15:00,0.0,120.58805953163949,-132.27325107901416,-11.685191547374671
2026-03-03 17:30:00,0.0,131.26390923176132,-118.22870859110493,13.035200640656385
2026-03-03 17:45:00,0.0,152.3447795464777,-141.55968413190678,10.785095414570918
2026-03-03 18:00:00,0.0,88.65414971025604,-153.08072436227198,-64.42657465201594
2026-03-03 18:15:00,0.0,141.28009884151265,-116.39606237105563,24.88403647045702
2026-03-03 18:30:00,0.0,243.45862261225102,-144.16791869244264,99.29070391980838
2026-03-03 18:45:00,0.0,491.4135848611028,-126.60844591901784,364.8051389420849
2026-03-03 19:00:00,0.0,470.8609663659749,-100.9608046815809,369.900161684394
2026-03-03 19:15:00,0.0,456.9307912685616,-144.31491214348807,312.61587912507355
2026-03-03 19:30:00,0.0,395.85345031024883,-68.08489591280933,327.7685543974395
2026-03-03 19:45:00,0.0,257.31598503926796,719.2526838743267,976.5686689135947
2026-03-03 20:00:00,0.0,263.73726771153315,-94.1720194648324,169.56524824670075
2026-03-03 20:15:00,0.0,245.21949893677146,-206.1218914836233,39.09760745314816
2026-03-03 20:30:00,0.0,215.13657850337992,-100.03531726931624,115.10126123406368
2026-03-03 20:45:00,0.0,184.24829344425237,-177.66948276578663,6.578810678465743
2026-03-03 21:00:00,0.0,-185.87267406457426,694.8560550957661,508.98338103119187
2026-03-03 21:15:00,0.0,-151.59978130110096,654.3820204402234,502.78223913912245
2026-03-03 21:30:00,0.0,-162.74601524139527,653.7191294742339,490.9731142328386
2026-03-03 21:45:00,0.0,-108.93925273147353,382.17503464090953,273.235781909436
2026-03-03 22:00:00,0.0,-170.50089367400506,269.00407049224674,98.50317681824168
2026-03-03 22:15:00,0.0,119.74577276116116,-168.92545205096437,-49.179679289803204
2026-03-03 22:30:00,0.0,-171.42994733783027,269.15817973682397,97.7282323989937
2026-03-03 22:45:00,0.0,-103.9907696475956,390.10345580197435,286.11268615437876
2026-03-03 23:00:00,0.0,-127.09007146757726,122.0684257634819,-5.021645704095363
2026-03-03 23:15:00,0.0,-72.97526213801787,52.90519736706834,-20.07006477094953
2026-03-03 23:30:00,0.0,-165.45104357116992,333.15539397662945,167.70435040545954
2026-03-03 23:45:00,0.0,107.84174956153385,46.902475058066265,154.74422461960012
2026-03-04 00:00:00,0.0,156.28894929405197,-110.69066818535644,45.59828110869553
2026-03-04 00:15:00,0.0,135.7966890680695,-161.52492758623214,-25.72823851816264
2026-03-04 00:30:00,0.0,177.4305639369585,-201.70396526741516,-24.273401330456664
2026-03-04 00:45:00,0.0,-142.5240252625682,334.7739439061932,192.24991864362502
2026-03-04 01:00:00,0.0,-169.18607651856192,323.11876670590664,153.93269018734472
2026-03-04 01:15:00,0.0,126.23589918893208,-98.77510456352721,27.460794625404873
2026-03-04 01:30:00,0.0,117.09829070983227,-149.79240723106784,-32.69411652123557
2026-03-04 01:45:00,0.0,-99.95525582409968,306.8721681715939,206.91691234749422
2026-03-04 02:00:00,0.0,-148.01089133704662,191.3990833256816,43.388191988634986
2026-03-04 02:15:00,0.0,134.79371076968673,-100.77530710512642,34.01840366456031
2026-03-04 02:30:00,0.0,139.2881368990574,-151.9826664274676,-12.694529528410186
2026-03-04 02:45:00,0.0,107.47303821466761,-11.61890054052978,95.85413767413783
2026-03-04 03:00:00,0.0,-120.05853581312584,134.52799031716762,14.469454504041778
2026-03-04 03:15:00,0.0,-84.98745995722385,101.16892035905532,16.181460401831472
2026-03-04 03:30:00,0.0,-92.70158504905265,416.0956329070238,323.39404785797115
2026-03-04 03:45:00,0.0,-113.41931346689674,259.6855575615066,146.26624409460985
2026-03-04 04:00:00,0.0,-115.94702026949747,258.5253878213129,142.57836755181543
2026-03-04 04:15:00,0.0,-95.65785670290933,45.03215946675262,-50.62569723615671
2026-03-04 04:30:00,0.0,-95.75548347173256,52.74769585519212,-43.00778761654044
2026-03-04 04:45:00,0.0,-82.40667758729126,352.23170420000815,269.8250266127169
2026-03-04 05:00:00,0.0,-114.102758545754,106.53182444633654,-7.570934099417457
2026-03-04 05:15:00,0.0,-122.02925816289026,329.03190975080895,207.0026515879187
2026-03-04 05:30:00,0.0,-124.0400039060936,122.06576454900312,-1.9742393570904824
2026-03-04 05:45:00,0.0,147.22444550199123,-157.7096503252044,-10.485204823213166
2026-03-04 06:00:00,0.0,-122.1680038524991,170.82975511754395,48.661751265044856
2026-03-04 06:15:00,0.0,-151.53377617925568,208.77453353352692,57.24075735427124
2026-03-04 06:30:00,0.0,176.3836494603014,-252.64958120362797,-76.26593174332658
2026-03-04 06:45:00,0.0,284.3415186543606,-154.16095623015246,130.18056242420812
2026-03-04 07:00:00,0.0,432.9824843983394,-147.36509243698865,285.6173919613508
2026-03-04 07:15:00,0.0,533.4383293952967,-139.80433291903248,393.6339964762642
2026-03-04 07:30:00,0.0,571.2762122277468,-179.29425246066094,391.98195976708587
2026-03-04 07:45:00,0.0,448.65860805792323,-191.56769724276404,257.0909108151592
2026-03-04 08:00:00,0.0,713.5118724465349,-261.7508624173582,451.7610100291767
2026-03-04 08:15:00,0.0,540.2739781068267,-269.1458846072161,271.1280934996106
2026-03-04 08:30:00,0.0,394.69588990587613,-212.75942225030494,181.9364676555712
2026-03-04 08:45:00,0.0,325.3760249991882,-221.74800835064786,103.62801664854032
2026-03-04 09:00:00,0.0,-269.82131471721283,848.8160318207481,578.9947171035353
2026-03-04 09:15:00,0.0,-214.2360813232678,777.2709478174415,563.0348664941737
2026-03-04 09:30:00,0.0,-153.6234273291834,1784.9666660951307,1631.3432387659473
2026-03-04 09:45:00,0.0,-157.18735357161938,93.46832197610794,-63.71903159551144
2026-03-04 10:00:00,0.0,-184.13959719264355,240.127090959824,55.98749376718044
2026-03-04 10:15:00,0.0,136.53128108097607,-42.30696288710832,94.22431819386776
2026-03-04 10:30:00,0.0,218.85468982406888,-128.12680893323355,90.72788089083534
2026-03-04 10:45:00,0.0,-109.60520536087961,404.0100834042999,294.4048780434203
2026-03-04 11:00:00,0.0,167.29474024514042,-40.07551157688264,127.21922866825778
2026-03-04 11:15:00,0.0,88.08941863071351,0.39083963022229085,88.4802582609358
2026-03-04 11:30:00,0.0,118.53022908923087,252.04198724494887,370.57221633417976
2026-03-04 11:45:00,0.0,87.83981610342553,1022.702546095482,1110.5423621989075
2026-03-04 12:00:00,0.0,109.0566437810437,-20.388222061663242,88.66842171938046
2026-03-04 12:15:00,0.0,67.24917159471079,-32.19926575809302,35.04990583661777
2026-03-04 12:30:00,0.0,79.56162259808858,-19.543732488227864,60.017890109860716
2026-03-04 12:45:00,0.0,-11.007595148321984,64.69546039344965,53.68786524512767
2026-03-04 13:00:00,0.0,24.445070023687613,1637.4798348180148,1661.9249048417023
2026-03-04 13:15:00,0.0,16.40568237010205,1437.0220270274356,1453.4277093975377
2026-03-04 13:30:00,0.0,5.349722585884972,1987.9422291923845,1993.2919517782695
2026-03-04 13:45:00,0.0,24.279427412392405,2042.8139036106604,2067.093331023053
2026-03-04 14:00:00,0.0,-11.598144525342848,-6.002946122631327,-17.601090647974175
2026-03-04 14:15:00,0.0,-17.7189179062197,92.0527364167774,74.3338185105577
2026-03-04 14:30:00,0.0,-16.597261613057924,7.668138668830702,-8.929122944227222
2026-03-04 14:45:00,0.0,50.49616550889376,7.166256904082185,57.66242241297594
2026-03-04 15:00:00,0.0,25.8633362315773,7.640568287999734,33.503904519577034
2026-03-04 15:15:00,0.0,-56.931029687605644,246.9973089339184,190.06627924631275
2026-03-04 15:30:00,0.0,-48.21318786586868,242.72105118746921,194.50786332160052
2026-03-04 15:45:00,0.0,83.83994902236233,-21.958008672266278,61.88194035009606
2026-03-04 16:00:00,0.0,51.563397753389005,-8.402459396196706,43.1609383571923
2026-03-04 16:15:00,0.0,132.37622031005895,-19.80581476889907,112.57040554115989
2026-03-04 16:30:00,0.0,72.54927083182022,-1.0874433734133044,71.46182745840692
2026-03-04 16:45:00,0.0,-110.92710365339508,332.47157359939115,221.54446994599607
2026-03-04 17:00:00,0.0,-81.34760947974927,388.3055406368949,306.9579311571456
2026-03-04 17:15:00,0.0,-101.61305953163954,141.2186008632113,39.60554133157176
2026-03-04 17:30:00,0.0,-156.71390923176122,140.0693154191256,-16.644593812635634
2026-03-04 17:45:00,0.0,198.0197795464776,-160.08952864738248,37.930250899095114
2026-03-04 18:00:00,0.0,-182.0291497102561,372.7670453689501,190.73789565869401
2026-03-04 18:15:00,0.0,205.2800988415127,-217.63554146608652,-12.355442624573811
2026-03-04 18:30:00,0.0,240.858622612251,-119.90093901933199,120.95768359291901
2026-03-04 18:45:00,0.0,329.9385848611029,-86.18623549623088,243.75234936487203
2026-03-04 19:00:00,0.0,399.13596636597447,-129.91620702237128,269.2197593436032
2026-03-04 19:15:00,0.0,445.955791268562,-138.22489017936013,307.7309010892019
2026-03-04 19:30:00,0.0,466.4784503102487,-148.61758932658765,317.86086098366104
2026-03-04 19:45:00,0.0,452.9909850392678,-173.11247515969472,279.8785098795731
2026-03-04 20:00:00,0.0,440.06226771153337,-138.59730805640604,301.46495965512736
2026-03-04 20:15:00,0.0,424.5194989367715,-139.6674051740533,284.85209376271825
2026-03-04 20:30:00,0.0,395.26157850337995,-82.66512925786961,312.59644924551037
2026-03-04 20:45:00,0.0,351.5732934442523,176.46179186194001,528.0350853061923
2026-03-04 21:00:00,0.0,263.32267406457424,-96.09829409546646,167.2243799691078
2026-03-04 21:15:00,0.0,238.0997813011009,-117.39556691123522,120.70421438986568
2026-03-04 21:30:00,0.0,201.07101524139526,-67.65856856965569,133.4124466717396
2026-03-04 21:45:00,0.0,158.53925273147357,360.08840824475465,518.6276609762282
2026-03-04 22:00:00,0.0,221.57589367400502,-37.63997491102091,183.9359187629841
2026-03-04 22:15:00,0.0,199.54577276116126,-47.69433037692443,151.85144238423683
2026-03-04 22:30:00,0.0,208.30494733783019,-22.64123503156729,185.66371230626288
2026-03-04 22:45:00,0.0,205.8907696475956,1354.7973263006372,1560.6880959482328
2026-03-04 23:00:00,0.0,202.2650714675773,44.867945519664474,247.13301698724177
2026-03-04 23:15:00,0.0,185.67526213801796,1.9159046076303785,187.59116674564834
2026-03-04 23:30:00,0.0,187.40104357116977,-27.17453199480657,160.22651157636318
2026-03-04 23:45:00,0.0,182.8417495615339,1138.2035357972377,1321.0452853587717
2026-03-05 00:00:00,0.0,238.2389492940521,-93.41772536789192,144.8212239261602
2026-03-05 00:15:00,0.0,240.3716890680696,-172.15451695404596,68.21717211402364
2026-03-05 00:30:00,0.0,-237.03056393695843,260.40429006993816,23.373726132979726
2026-03-05 00:45:00,0.0,203.97402526256812,-189.70078255790798,14.273242704660134
2026-03-05 01:00:00,0.0,233.43607651856192,-225.70448935071937,7.731587167842548
2026-03-05 01:15:00,0.0,214.23589918893217,-142.70894746036092,71.52695172857125
2026-03-05 01:30:00,0.0,209.89829070983228,-164.03291780836247,45.86537290146981
2026-03-05 01:45:00,0.0,196.93025582409976,-135.5710528141603,61.35920300993945
2026-03-05 02:00:00,0.0,225.31089133704666,-154.85385713629847,70.45703420074818
2026-03-05 02:15:00,0.0,211.06871076968685,-256.1285796938062,-45.05986892411937
2026-03-05 02:30:00,0.0,212.2631368990574,-184.11020131581563,28.15293558324177
2026-03-05 02:45:00,0.0,201.6980382146677,-149.86614529729138,51.83189291737631
2026-03-05 03:00:00,0.0,-195.0085358131258,248.12142465869792,53.112888845572115
2026-03-05 03:15:00,0.0,-169.6624599572239,315.8785259066237,146.2160659493998
2026-03-05 03:30:00,0.0,174.9515850490527,-122.87227847870709,52.07930657034562
2026-03-05 03:45:00,0.0,199.1943134668967,-104.20273196017925,94.99158150671744
2026-03-05 04:00:00,0.0,193.92202026949744,-87.95673477664114,105.9652854928563
2026-03-05 04:15:00,0.0,177.2828567029093,-88.52149131884326,88.76136538406604
2026-03-05 04:30:00,0.0,187.68048347173251,-74.31591450840573,113.36456896332679
2026-03-05 04:45:00,0.0,186.20667758729127,-118.55507436875482,67.65160321853645
2026-03-05 05:00:00,0.0,190.20275854575402,-71.16005726641274,119.04270127934129
2026-03-05 05:15:00,0.0,226.9542581628903,-93.87036946045306,133.08388870243726
2026-03-05 05:30:00,0.0,227.44000390609358,-168.3231585516054,59.11684535448819
2026-03-05 05:45:00,0.0,234.39944550199118,-145.34027853929604,89.05916696269514
2026-03-05 06:00:00,0.0,243.84300385249915,-104.21829536267063,139.62470848982852
2026-03-05 06:15:00,0.0,270.6837761792558,-159.18828353352694,111.49549264572886
2026-03-05 06:30:00,0.0,268.15864946030143,-160.37814500952354,107.7805044507779
2026-03-05 06:45:00,0.0,318.6165186543607,-180.21667340276676,138.39984525159392
2026-03-05 07:00:00,0.0,315.5324843983393,-208.3765273109658,107.15595708737351
2026-03-05 07:15:00,0.0,352.9133293952969,-180.72958229758106,172.18374709771584
2026-03-05 07:30:00,0.0,406.52621222774684,-257.7536174392033,148.77259478854353
2026-03-05 07:45:00,0.0,370.9586080579232,-270.1891404757825,100.76946758214069
2026-03-05 08:00:00,0.0,426.83687244653447,-99.11305589930471,327.7238165472298
2026-03-05 08:15:00,0.0,372.09897810682685,-197.92279532529446,174.1761827815324
2026-03-05 08:30:00,0.0,-328.14588990587623,561.8068861409491,233.6609962350729
2026-03-05 08:45:00,0.0,248.57602499918823,-297.8910062629859,-49.31498126379768
2026-03-05 09:00:00,0.0,329.8713147172127,-175.83916363715315,154.03215108005958
2026-03-05 09:15:00,0.0,-244.26108132326783,352.898616081337,108.6375347580692
2026-03-05 09:30:00,0.0,-218.47342732918344,303.1041663094566,84.63073898027318
2026-03-05 09:45:00,0.0,158.3123535716194,-270.9014091018994,-112.58905553027998
2026-03-05 10:00:00,0.0,-232.23959719264354,372.0070909598239,139.76749376718038
2026-03-05 10:15:00,0.0,-144.70628108097603,270.89353698488713,126.18725590391111
2026-03-05 10:30:00,0.0,-153.8296898240689,113.31885865635645,-40.51083116771245
2026-03-05 10:45:00,0.0,-87.60520536087968,179.40754401893602,91.80233865805634
2026-03-05 11:00:00,0.0,-157.7447402451403,174.85662054412654,17.11188029898625
2026-03-05 11:15:00,0.0,-70.18941863071348,51.264391935838376,-18.9250266948751
2026-03-05 11:30:00,0.0,-14.680229089230881,79.13180400873033,64.45157491949945
2026-03-05 11:45:00,0.0,0.2601838965744531,205.04084503793678,205.30102893451124
2026-03-05 12:00:00,0.0,-29.681643781043697,329.3363991329816,299.6547553519379
2026-03-05 12:15:00,0.0,-7.149171594710783,36.003699580658335,28.854527985947552
2026-03-05 12:30:00,0.0,-13.261622598088598,142.29992995291153,129.03830735482293
2026-03-05 12:45:00,0.0,0.7424048516780177,126.7642144451104,127.50661929678841
2026-03-05 13:00:00,0.0,-5.970070023687622,126.72806607279409,120.75799604910647
2026-03-05 13:15:00,0.0,-1.0556823701020457,201.4667837835392,200.41110141343717
2026-03-05 13:30:00,0.0,3.950277414115035,114.32830259323661,118.27858000735165
2026-03-05 13:45:00,0.0,-36.75442741239241,217.6007554238699,180.8463280114775
2026-03-05 14:00:00,0.0,-17.698144525342848,55.92474033390758,38.22659580856473
2026-03-05 14:15:00,0.0,-78.16891790621969,187.6895372222893,109.5206193160696
2026-03-05 14:30:00,0.0,-94.37226161305794,847.0362773376611,752.6640157246031
2026-03-05 14:45:00,0.0,-137.19616550889378,246.10718182878963,108.91101631989585
2026-03-05 15:00:00,0.0,-81.83833623157727,198.21525778953864,116.37692155796137
2026-03-05 15:15:00,0.0,-129.58102968760562,100.3206596954052,-29.260369992200424
2026-03-05 15:30:00,0.0,-114.03818786586871,231.26575554099344,117.22756767512473
2026-03-05 15:45:00,0.0,-148.81494902236238,262.4511502905139,113.63620126815152
2026-03-05 16:00:00,0.0,-104.58839775338907,174.26434454714746,69.67594679375838
2026-03-05 16:15:00,0.0,178.7512203100589,-244.16065512795382,-65.40943481789492
2026-03-05 16:30:00,0.0,203.84927083182026,-212.97558253005997,-9.126311698239704
2026-03-05 16:45:00,0.0,203.3271036533951,-206.64473349961946,-3.3176298462243494
2026-03-05 17:00:00,0.0,234.0976094797493,-245.42364436404762,-11.32603488429831
2026-03-05 17:15:00,0.0,224.7880595316396,-244.06668112217466,-19.278621590535067
2026-03-05 17:30:00,0.0,258.16390923176107,-253.6969658598967,4.4669433718643745
2026-03-05 17:45:00,0.0,-238.09477954647764,406.4978085195261,168.40302897304844
2026-03-05 18:00:00,0.0,233.82914971025602,-414.2055752011704,-180.3764254909144
2026-03-05 18:15:00,0.0,-258.2800988415127,244.25086446155242,-14.029234379960286
2026-03-05 18:30:00,0.0,-363.55862261225104,241.51254308470985,-122.0460795275412
2026-03-05 18:45:00,0.0,-405.2885848611028,616.3964188785268,211.107834017424
2026-03-05 19:00:00,0.0,-406.63596636597447,966.5130921721106,559.8771258061362
2026-03-05 19:15:00,0.0,-423.03079126856204,1059.2073096442246,636.1765183756625
2026-03-05 19:30:00,0.0,-390.7284503102488,1407.7290476917115,1017.0005973814627
2026-03-05 19:45:00,0.0,-359.24098503926785,1524.7726516099638,1165.531666570696
2026-03-05 20:00:00,0.0,-361.81226771153314,465.3975003380914,103.58523262655825
2026-03-05 20:15:00,0.0,-332.0194989367717,1403.3490806319858,1071.329581695214
2026-03-05 20:30:00,0.0,-279.53657850337987,1254.4878525214626,974.9512740180828
2026-03-05 20:45:00,0.0,-260.59829344425225,1052.6188054253741,792.0205119811219
2026-03-05 21:00:00,0.0,-272.8476740645742,1736.7760550957664,1463.9283810311922
2026-03-05 21:15:00,0.0,-232.2747813011009,322.76248187455,90.48770057344913
2026-03-05 21:30:00,0.0,234.9210152413954,-325.5838398654558,-90.66282462406039
2026-03-05 21:45:00,0.0,203.88925273147365,-248.41706319807741,-44.52781046660377
2026-03-05 22:00:00,0.0,241.92589367400498,-226.5286621885731,15.397231485431888
2026-03-05 22:15:00,0.0,-206.67077276116115,192.19433037692446,-14.476442384236691
2026-03-05 22:30:00,0.0,-213.60494733783028,204.7513894105133,-8.853557927316984
2026-03-05 22:45:00,0.0,203.49076964759558,-154.59475263726102,48.89601701033456
2026-03-05 23:00:00,0.0,-199.26507146757714,428.6334653764026,229.36839390882548
2026-03-05 23:15:00,0.0,-181.07526213801782,229.24159539236973,48.16633325435191
2026-03-05 23:30:00,0.0,-192.10104357116975,263.8052954824721,71.70425191130235
2026-03-05 23:45:00,0.0,-155.34174956153387,225.87118654700265,70.52943698546878
2026-03-06 00:00:00,0.0,-169.73894929405193,1256.9601305915544,1087.2211812975024
2026-03-06 00:15:00,0.0,-137.44668906806947,53.809017720309996,-83.63767134775948
2026-03-06 00:30:00,0.0,-153.15556393695852,404.3642928119844,251.20872887502588
2026-03-06 00:45:00,0.0,-131.52402526256822,171.50403508482614,39.98000982225793
2026-03-06 01:00:00,0.0,-191.48607651856196,154.9108844939477,-36.57519202461427
2026-03-06 01:15:00,0.0,-155.76089918893223,257.24681126990004,101.48591208096781
2026-03-06 01:30:00,0.0,-166.87329070983225,322.0102653027833,155.13697459295105
2026-03-06 01:45:00,0.0,-120.73025582409969,486.8940236268208,366.1637678027211
2026-03-06 02:00:00,0.0,-166.96089133704672,691.0813206220952,524.1204292850484
2026-03-06 02:15:00,0.0,-131.29371076968678,62.549077664690984,-68.7446331049958
2026-03-06 02:30:00,0.0,-146.81313689905738,173.8959202552045,27.082783356147104
2026-03-06 02:45:00,0.0,-135.92303821466766,285.57593369368647,149.6528954790188
2026-03-06 03:00:00,0.0,-124.5085358131258,234.78754629280522,110.27901047967941
2026-03-06 03:15:00,0.0,-95.38745995722388,211.5472592459474,116.15979928872352
2026-03-06 03:30:00,0.0,-108.40158504905267,137.8113924031218,29.40980735406913
2026-03-06 03:45:00,0.0,-112.11931346689668,161.43479037876224,49.31547691186556
2026-03-06 04:00:00,0.0,-126.14702026949749,128.7214762290992,2.574455959601721
2026-03-06 04:15:00,0.0,-76.15785670290937,105.92805601491989,29.77019931201052
2026-03-06 04:30:00,0.0,-91.08048347173255,169.91617616617108,78.83569269443853
2026-03-06 04:45:00,0.0,-92.45667758729121,149.47585210000412,57.01917451271291
2026-03-06 05:00:00,0.0,-119.20275854575397,385.90367752587946,266.7009189801255
2026-03-06 05:15:00,0.0,-163.60425816289018,313.33318614084135,149.72892797795117
2026-03-06 05:30:00,0.0,149.8650039060936,-132.86577019080792,16.99923371528567
2026-03-06 05:45:00,0.0,143.47444550199117,-125.14362701355135,18.330818488439817
2026-03-06 06:00:00,0.0,110.26800385249915,-150.88059413703724,-40.612590284538086
2026-03-06 06:15:00,0.0,-130.48377617925576,623.5067669812566,493.0229908020009
2026-03-06 06:30:00,0.0,-172.85864946030142,440.1793085823127,267.32065912201125
2026-03-06 06:45:00,0.0,-237.51651865436065,746.9543759854322,509.43785733107154
2026-03-06 07:00:00,0.0,-232.75748439833936,462.2782815126387,229.52079711429937
2026-03-06 07:15:00,0.0,219.5133293952967,-272.0489650923231,-52.53563569702641
2026-03-06 07:30:00,0.0,-179.55121222774667,793.4408561874149,613.8896439596682
2026-03-06 07:45:00,0.0,-176.78360805792317,672.6434701748371,495.859862116914
2026-03-06 08:00:00,0.0,-327.01187244653454,443.1926683166628,116.18079587012824
2026-03-06 08:15:00,0.0,-321.998978106827,264.5977953252943,-57.40118278153267
2026-03-06 08:30:00,0.0,-255.04588990587632,449.9370486330507,194.8911587271744
2026-03-06 08:45:00,0.0,-215.57602499918826,561.8095073068168,346.2334823076286
2026-03-06 09:00:00,0.0,-229.09631471721275,1460.3305454571775,1231.234230739965
2026-03-06 09:15:00,0.0,-183.98608132326783,363.53402129959295,179.54793997632513
2026-03-06 09:30:00,0.0,-154.5734273291834,197.79999978567395,43.226572456490544
2026-03-06 09:45:00,0.0,-128.68735357161944,111.37558712579138,-17.311766445828056
2026-03-06 10:00:00,0.0,-178.73959719264363,270.2087857541475,91.4691885615039
2026-03-06 10:15:00,0.0,-156.031281080976,207.90307403377636,51.87179295280038
2026-03-06 10:30:00,0.0,-170.50468982406892,124.83545027687703,-45.66923954719189
2026-03-06 10:45:00,0.0,-152.05520536087963,162.99503243500553,10.939827074125901
2026-03-06 11:00:00,0.0,-185.69474024514022,256.0308987506777,70.33615850553747
2026-03-06 11:15:00,0.0,165.81441863071345,-340.1392714301413,-174.32485279942787
2026-03-06 11:30:00,0.0,-164.70522908923095,294.72120874632066,130.0159796570897
2026-03-06 11:45:00,0.0,-153.63981610342557,382.27796312361454,228.63814702018897
2026-03-06 12:00:00,0.0,-190.5316437810437,254.07678265898565,63.54513887794195
2026-03-06 12:15:00,0.0,-146.69917159471078,127.07239916131661,-19.626772433394166
2026-03-06 12:30:00,0.0,162.33662259808858,-213.72112041288625,-51.38449781479767
2026-03-06 12:45:00,0.0,-133.25759514832197,135.1765589547968,1.918963806474835
2026-03-06 13:00:00,0.0,-138.04507002368763,139.3200619432445,1.274991919556868
2026-03-06 13:15:00,0.0,-130.20568237010207,385.28528040510986,255.0795980350078
2026-03-06 13:30:00,0.0,-121.22472258588499,215.51119113361744,94.28646854773245
2026-03-06 13:45:00,0.0,-155.90442741239232,240.49304819466943,84.5886207822771
2026-03-06 14:00:00,0.0,-118.94814452534285,116.91842541738447,-2.0297191079583854
2026-03-06 14:15:00,0.0,-158.74391790621974,880.2583475834639,721.5144296772442
2026-03-06 14:30:00,0.0,-115.29726161305788,209.69485400162307,94.39759238856519
2026-03-06 14:45:00,0.0,-137.14616550889372,92.79249802740509,-44.35366748148863
2026-03-06 15:00:00,0.0,-106.31333623157728,141.69881988923092,35.38548365765364
2026-03-06 15:15:00,0.0,-178.50602968760563,1516.2826387816203,1337.7766090940147
2026-03-06 15:30:00,0.0,-128.5631878658686,861.7011497362945,733.1379618704259
2026-03-06 15:45:00,0.0,-140.11494902236245,128.74371676350464,-11.371232258857816
2026-03-06 16:00:00,0.0,-148.78839775338895,377.6520494968306,228.86365174344166
2026-03-06 16:15:00,0.0,-127.7512203100589,247.63604066653608,119.88482035647718
2026-03-06 16:30:00,0.0,-196.69927083182023,202.63630865961076,5.937037827790533
2026-03-06 16:45:00,0.0,-176.55210365339514,325.6557867996957,149.10368314630057
2026-03-06 17:00:00,0.0,-166.29760947974933,491.21523327303555,324.9176237932862
2026-03-06 17:15:00,0.0,-159.28805953163953,795.0857510790144,635.7976915473748
2026-03-06 17:30:00,0.0,-165.38890923176132,818.0407158598967,652.6518066281354
2026-03-06 17:45:00,0.0,-177.34477954647764,428.5714042597631,251.22662471328545
2026-03-06 18:00:00,0.0,-227.85414971025605,1590.8693962078485,1363.0152464975924
2026-03-06 18:15:00,0.0,-284.5300988415127,1501.432124742111,1216.9020259005983
2026-03-06 18:30:00,0.0,-163.55862261225099,1565.9190455156415,1402.3604229033906
2026-03-06 18:45:00,0.0,-229.53858486110272,1678.548706488693,1449.0101216275903
2026-03-06 19:00:00,0.0,337.83596636597474,-545.573896853691,-207.7379304877163
2026-03-06 19:15:00,0.0,382.85579126856186,-478.0497071449604,-95.19391587639853
2026-03-06 19:30:00,0.0,303.47845031024866,-326.1113096146391,-22.632859304390422
2026-03-06 19:45:00,0.0,242.9909850392679,-212.09731612567305,30.893668913594865
2026-03-06 20:00:00,0.0,-265.2372677115332,1471.292308732588,1206.0550410210549
2026-03-06 20:15:00,0.0,-249.3194989367717,1522.329188644831,1273.0096897080593
2026-03-06 20:30:00,0.0,247.2865785033801,-417.9154347764703,-170.6288562730902
2026-03-06 20:45:00,0.0,236.0732934442524,-427.45320813806,-191.3799146938076
2026-03-06 21:00:00,0.0,-262.69767406457424,801.6489815718995,538.9513075073253
2026-03-06 21:15:00,0.0,-232.5247813011009,731.9929070579764,499.46812575687545
2026-03-06 21:30:00,0.0,-243.3960152413954,796.9864846698446,553.5904694284492
2026-03-06 21:45:00,0.0,-220.43925273147352,473.05733567150367,252.61808294003015
2026-03-06 22:00:00,0.0,-246.2258936740051,648.7177954032677,402.4919017292626
2026-03-06 22:15:00,0.0,-223.64577276116114,824.5304520509643,600.8846792898032
2026-03-06 22:30:00,0.0,-231.0549473378302,356.10154378945913,125.04659645162891
2026-03-06 22:45:00,0.0,-212.39076964759548,122.74935158235661,-89.64141806523887
2026-03-06 23:00:00,0.0,-226.5650714675772,424.5873366595489,198.02226519197168
2026-03-06 23:15:00,0.0,-197.92526213801793,170.73019736706834,-27.195064770949585
2026-03-06 23:30:00,0.0,-221.85104357116984,652.8135774772787,430.9625339061089
2026-03-06 23:45:00,0.0,-192.4167495615339,362.9451133368646,170.52836377533072
2026-03-07 00:00:00,0.0,-194.48894929405202,241.467501583664,46.97855228961197
2026-03-07 00:15:00,0.0,-187.62168906806946,262.102276197333,74.48058712926357
2026-03-07 00:30:00,0.0,-181.9305639369585,209.38622897764597,27.455665040687478
2026-03-07 00:45:00,0.0,-158.02402526256822,311.4871905856406,153.46316532307236
2026-03-07 01:00:00,0.0,-194.41107651856203,160.0591618491349,-34.35191466942712
2026-03-07 01:15:00,0.0,-163.76089918893226,230.74154035719465,66.9806411682624
2026-03-07 01:30:00,0.0,-186.22329070983233,1594.4732096414239,1408.2499189315915
2026-03-07 01:45:00,0.0,-176.9302558240997,341.8327989917523,164.90254316765262
2026-03-07 02:00:00,0.0,-170.36089133704672,663.2215039569588,492.8606126199121
2026-03-07 02:15:00,0.0,-174.09371076968685,252.51603807008414,78.42232730039728
2026-03-07 02:30:00,0.0,-153.91313689905743,232.34316527115487,78.43002837209744
2026-03-07 02:45:00,0.0,-153.49803821466762,182.2994502702649,28.801412055597297
2026-03-07 03:00:00,0.0,-139.55853581312584,301.5948127074226,162.03627689429675
2026-03-07 03:15:00,0.0,-119.28745995722386,229.55337220824475,110.2659122510209
2026-03-07 03:30:00,0.0,-130.90158504905267,218.51352847870712,87.61194342965445
2026-03-07 03:45:00,0.0,-146.34431346689664,198.80506357478018,52.46075010788354
2026-03-07 04:00:00,0.0,-133.9470202694975,185.3746497067633,51.42762943726581
2026-03-07 04:15:00,0.0,-116.00785670290932,289.52575857800707,173.51790187509775
2026-03-07 04:30:00,0.0,-123.15548347173254,287.36490155489474,164.2094180831622
2026-03-07 04:45:00,0.0,116.08167758729121,-125.00066722500917,-8.918989637717956
2026-03-07 05:00:00,0.0,-118.52775854575398,66.71804581313017,-51.80971273262381
2026-03-07 05:15:00,0.0,142.37925816289024,-160.99962087106795,-18.62036270817771
2026-03-07 05:30:00,0.0,-147.51500390609365,100.22717636600208,-47.28782754009157
2026-03-07 05:45:00,0.0,-141.87444550199106,263.07948191598996,121.2050364139989
2026-03-07 06:00:00,0.0,-127.61800385249907,499.0287585292399,371.4107546767408
2026-03-07 06:15:00,0.0,-155.88377617925573,542.4505169812568,386.56674080200105
2026-03-07 06:30:00,0.0,-152.53364946030138,458.48752667936463,305.95387721906326
2026-03-07 06:45:00,0.0,-150.11651865436056,555.2958832804063,405.17936462604575
2026-03-07 07:00:00,0.0,-141.43248439833928,231.8721806723042,90.43969627396493
2026-03-07 07:15:00,0.0,-143.98832939529686,181.4477992542583,37.459469858961455
2026-03-07 07:30:00,0.0,156.05121222774673,-205.26611743920324,-49.21490521145651
2026-03-07 07:45:00,0.0,-163.95860805792321,733.3650120292376,569.4064039713144
2026-03-07 08:00:00,0.0,-164.76187244653465,214.60700123749712,49.84512879096246
2026-03-07 08:15:00,0.0,163.52397810682692,-269.2325027373339,-105.70852463050699
2026-03-07 08:30:00,0.0,-154.02088990587612,168.36717501579653,14.346285109920416
2026-03-07 08:45:00,0.0,-135.3760249991882,207.6232546972395,72.24722969805131
2026-03-07 09:00:00,0.0,-161.69631471721274,261.0503409107356,99.35402619352286
2026-03-07 09:15:00,0.0,-133.63608132326783,264.3255923859011,130.68951106263324
2026-03-07 09:30:00,0.0,-121.5484273291834,215.47166635232188,93.92323902313848
2026-03-07 09:45:00,0.0,-101.01235357161947,233.1014091018994,132.08905553027995
2026-03-07 10:00:00,0.0,-126.81459719264359,125.01548054847089,-1.799116644172699
2026-03-07 10:15:00,0.0,-122.38128108097604,257.32440734577557,134.94312626479953
2026-03-07 10:30:00,0.0,-112.45468982406884,193.3145379845348,80.85984816046597
2026-03-07 10:45:00,0.0,-83.55520536087964,357.30757645394146,273.7523710930618
2026-03-07 11:00:00,0.0,89.81974024514031,-100.47834619653626,-10.658605951395955
2026-03-07 11:15:00,0.0,78.6644186307135,-52.22059861882817,26.44382001188533
2026-03-07 11:30:00,0.0,44.780229089230865,-26.39146056847096,18.388768520759903
2026-03-07 11:45:00,0.0,53.089816103425534,-28.685908690323803,24.40390741310173
2026-03-07 12:00:00,0.0,64.45664378104371,-50.30288824665302,14.15375553439069
2026-03-07 12:15:00,0.0,49.44917159471081,-20.005997903291615,29.443173691419197
2026-03-07 12:30:00,0.0,-44.7616225980886,58.51993345526586,13.758310857177257
2026-03-07 12:45:00,0.0,-22.057595148321965,21.236714445110433,-0.8208807032115324
2026-03-07 13:00:00,0.0,-21.54507002368762,15.297803684145222,-6.247266339542399
2026-03-07 13:15:00,0.0,-2.1056823701020475,35.07659121608371,32.97090884598167
2026-03-07 13:30:00,0.0,7.150277414115034,22.201942701903903,29.352220116018938
2026-03-07 13:45:00,0.0,-12.029427412392407,196.46804819466934,184.43862078227693
2026-03-07 14:00:00,0.0,-1.1481445253428488,240.79487845998423,239.6467339346414
2026-03-07 14:15:00,0.0,-35.11891790621972,646.745847583464,611.6269296772442
2026-03-07 14:30:00,0.0,-52.22226161305795,548.1081149366873,495.88585332362936
2026-03-07 14:45:00,0.0,-97.19616550889377,678.5212411233226,581.3250756144289
2026-03-07 15:00:00,0.0,-73.36333623157729,163.29197983384628,89.92864360226899
2026-03-07 15:15:00,0.0,-101.00602968760568,431.14491311667507,330.1388834290694
2026-03-07 15:30:00,0.0,-84.91318786586866,407.43591978903555,322.5227319231669
2026-03-07 15:45:00,0.0,79.33994902236238,-128.51858381752328,-49.1786347951609
2026-03-07 16:00:00,0.0,-70.61339775338902,7.110307424524589,-63.50309032886443
2026-03-07 16:15:00,0.0,-89.05122031005888,11.245352410236306,-77.80586789982257
2026-03-07 16:30:00,0.0,-110.49927083182024,451.08744337341324,340.588172541593
2026-03-07 16:45:00,0.0,-130.25210365339507,128.1603267747527,-2.091776878642378
2026-03-07 17:00:00,0.0,-122.09760947974927,323.69364436404743,201.59603488429815
2026-03-07 17:15:00,0.0,-121.36305953163946,156.13488069056905,34.77182115892958
2026-03-07 17:30:00,0.0,-160.9139092317613,204.15518678472972,43.24127755296843
2026-03-07 17:45:00,0.0,-187.61977954647764,127.58281096904858,-60.036968577429064
2026-03-07 18:00:00,0.0,-222.57914971025602,684.0389558722892,461.45980616203315
2026-03-07 18:15:00,0.0,-221.6550988415127,720.4377810136019,498.7826821720892
2026-03-07 18:30:00,0.0,-251.05862261225099,938.5858373848852,687.5272147726341
2026-03-07 18:45:00,0.0,-297.0635848611029,1121.2884169114793,824.2248320503763
2026-03-07 19:00:00,0.0,309.9609663659748,-296.6937702994779,13.267196066496922
2026-03-07 19:15:00,0.0,338.8307912685619,-351.9247950014722,-13.094003732910323
2026-03-07 19:30:00,0.0,350.9034503102489,-309.87678576878346,41.026664541465436
2026-03-07 19:45:00,0.0,-339.6159850392681,527.9279199973969,188.3119349581288
2026-03-07 20:00:00,0.0,333.1872677115332,-266.1056738311267,67.0815938804065
2026-03-07 20:15:00,0.0,317.86949893677155,-31.879188644831128,285.99031029194043
2026-03-07 20:30:00,0.0,309.53657850337987,-93.84168477647044,215.6948937269094
2026-03-07 20:45:00,0.0,283.57329344425244,-174.62242611681992,108.95086732743252
2026-03-07 21:00:00,0.0,-272.69767406457424,546.7591948099663,274.06152074539204
2026-03-07 21:15:00,0.0,-196.9747813011009,478.54879367572937,281.57401237462847
2026-03-07 21:30:00,0.0,-195.27101524139536,709.0835136307225,513.8124983893271
2026-03-07 21:45:00,0.0,-201.41425273147354,182.92463670209798,-18.489616029375554
2026-03-07 22:00:00,0.0,-260.575893674005,600.3227703142883,339.7468766402833
2026-03-07 22:15:00,0.0,229.14577276116123,-323.90866075384884,-94.76288799268761
2026-03-07 22:30:00,0.0,250.15494733783027,-226.77537097893207,23.37957635889819
2026-03-07 22:45:00,0.0,-240.8407696475955,513.9547726444582,273.1140029968627
2026-03-07 23:00:00,0.0,-237.94007146757724,487.3584653764026,249.41839390882535
2026-03-07 23:15:00,0.0,210.42526213801793,-285.43791118139245,-75.01264904337452
2026-03-07 23:30:00,0.0,-232.27604357116988,516.3036944785771,284.0276509074072
2026-03-07 23:45:00,0.0,240.94174956153378,-137.9986740760359,102.94307548549787
2026-03-08 00:00:00,0.0,269.93894929405207,-135.9148365656351,134.02411272841695
2026-03-08 00:15:00,0.0,256.79668906806944,-180.49861518201513,76.29807388605431
2026-03-08 00:30:00,0.0,273.5055639369585,-187.58330286615353,85.92226107080495
2026-03-08 00:45:00,0.0,237.54902526256828,-93.66388037764646,143.88514488492183
2026-03-08 01:00:00,0.0,267.4610765185619,-143.93710105345716,123.52397546510477
2026-03-08 01:15:00,0.0,248.06089918893218,-91.67287936513048,156.3880198238017
2026-03-08 01:30:00,0.0,235.5732907098323,-140.79111409760517,94.78217661222712
2026-03-08 01:45:00,0.0,225.70525582409968,-65.75376963131963,159.95148619278007
2026-03-08 02:00:00,0.0,242.86089133704672,-69.88969444189388,172.97119689515284
2026-03-08 02:15:00,0.0,232.1937107696869,313.7405862964888,545.9342970661758
2026-03-08 02:30:00,0.0,231.61313689905745,387.4101993619888,619.0233362610463
2026-03-08 02:45:00,0.0,228.94803821466758,693.6401105105224,922.58814872519
2026-03-08 03:00:00,0.0,219.30853581312587,14.46448653642975,233.77302234955562
2026-03-08 03:15:00,0.0,195.68745995722372,-48.00071850986584,147.6867414473579
2026-03-08 03:30:00,0.0,208.9515850490526,-95.21210442831686,113.73948062073573
2026-03-08 03:45:00,0.0,234.64431346689656,-66.16465790433715,168.4796555625594
2026-03-08 04:00:00,0.0,219.99702026949745,-108.61282318442736,111.3841970850701
2026-03-08 04:15:00,0.0,194.8078567029094,-86.1850258371708,108.62283086573859
2026-03-08 04:30:00,0.0,203.00548347173253,-110.29803886053288,92.70744461119965
2026-03-08 04:45:00,0.0,194.45667758729118,-71.8338705875036,122.62280699978758
2026-03-08 05:00:00,0.0,200.60275854575394,-146.53313171274928,54.06962683300466
2026-03-08 05:15:00,0.0,226.9792581628904,-114.28550141061491,112.69375675227549
2026-03-08 05:30:00,0.0,224.7650039060937,-117.0795703686044,107.68543353748932
2026-03-08 05:45:00,0.0,209.4994455019911,-73.44886013008174,136.05058537190934
2026-03-08 06:00:00,0.0,190.34300385249912,-123.4649648724174,66.87803898008173
2026-03-08 06:15:00,0.0,216.83377617925575,-105.79775580341425,111.0360203758415
2026-03-08 06:30:00,0.0,213.90864946030143,-119.49672215510175,94.41192730519968
2026-03-08 06:45:00,0.0,207.1665186543605,-89.28794164020326,117.87857701415723
2026-03-08 07:00:00,0.0,209.23248439833935,-62.971789915984814,146.26069448235455
2026-03-08 07:15:00,0.0,208.6883293952967,-84.8777992542583,123.8105301410384
2026-03-08 07:30:00,0.0,225.7762122277467,-83.37581997138976,142.40039225635695
2026-03-08 07:45:00,0.0,220.70860805792333,-99.50067832043676,121.20792973748657
2026-03-08 08:00:00,0.0,216.8868724465348,-122.40961241735809,94.4772600291767
2026-03-08 08:15:00,0.0,210.79897810682692,-110.19536949878466,100.60360860804226
2026-03-08 08:30:00,0.0,203.6208899058762,-71.66212085176264,131.95876905411356
2026-03-08 08:45:00,0.0,162.95102499918818,-91.55663256777457,71.3943924314136
2026-03-08 09:00:00,0.0,207.32131471721277,-70.54832727430633,136.77298744290644
2026-03-08 09:15:00,0.0,167.56108132326787,-58.40163977677316,109.15944154649472
2026-03-08 09:30:00,0.0,145.1734273291834,-56.13124969994346,89.04217762923994
2026-03-08 09:45:00,0.0,116.18735357161938,-44.41658523963684,71.77076833198254
2026-03-08 10:00:00,0.0,-138.26459719264344,885.638701371177,747.3741041785336
2026-03-08 10:15:00,0.0,-87.05628108097602,1029.5337036088856,942.4774225279095
2026-03-08 10:30:00,0.0,-88.82968982406885,289.0503298819322,200.22064005786336
2026-03-08 10:45:00,0.0,53.88020536087967,-67.13506718679709,-13.254861825917416
2026-03-08 11:00:00,0.0,88.1947402451403,-63.12873337033143,25.066006874808863
2026-03-08 11:15:00,0.0,53.01441863071349,-42.953629494302945,10.060789136410548
2026-03-08 11:30:00,0.0,-27.455229089230887,76.65141020404091,49.19618111481003
2026-03-08 11:45:00,0.0,23.16481610342555,2.1762730477409606,25.34108915116651
2026-03-08 12:00:00,0.0,46.95664378104371,-7.395149132981571,39.56149464806214
2026-03-08 12:15:00,0.0,33.04917159471076,14.51583508059033,47.565006675301085
2026-03-08 12:30:00,0.0,39.7616225980886,-9.372419445848177,30.389203152240423
2026-03-08 12:45:00,0.0,-1.257595148321988,0.06233843219522499,-1.195256716126763
2026-03-08 13:00:00,0.0,-5.895070023687624,2.136836720542288,-3.758233303145336
2026-03-08 13:15:00,0.0,-0.23068237010204842,10.266739864711985,10.036057494609937
2026-03-08 13:30:00,0.0,-7.175277414115034,37.19417189428825,30.01889448017322
2026-03-08 13:45:00,0.0,11.779427412392405,18.49112288852889,30.270550300921293
2026-03-08 14:00:00,0.0,7.3018554746571525,-13.359861873923334,-6.058006399266182
2026-03-08 14:15:00,0.0,2.5060820937802903,-4.260462777710664,-1.754380683930374
2026-03-08 14:30:00,0.0,14.722261613057931,11.274164262987806,25.996425876045738
2026-03-08 14:45:00,0.0,-58.346165508893755,1328.3624901370254,1270.0163246281315
2026-03-08 15:00:00,0.0,-27.288336231577304,1364.3452795569226,1337.0569433253454
2026-03-08 15:15:00,0.0,-71.88102968760566,1638.1826387816218,1566.3016090940162
2026-03-08 15:30:00,0.0,-57.41318786586863,831.140031134728,773.7268432688594
2026-03-08 15:45:00,0.0,-61.83994902236237,116.55418135894278,54.714232336580416
2026-03-08 16:00:00,0.0,-43.113397753389016,288.96016434587983,245.8467665924908
2026-03-08 16:15:00,0.0,-87.80122031005888,168.29584789724493,80.49462758718605
2026-03-08 16:30:00,0.0,95.49927083182024,-22.276891189670817,73.22237964214942
2026-03-08 16:45:00,0.0,103.50210365339504,-53.36881027437212,50.133293379022916
2026-03-08 17:00:00,0.0,106.59760947974925,-54.71364436404758,51.88396511570167
2026-03-08 17:15:00,0.0,142.41305953163953,-36.0857510790141,106.32730845262543
2026-03-08 17:30:00,0.0,184.8639092317613,-111.10060176308427,73.76330746867704
2026-03-08 17:45:00,0.0,188.36977954647762,-148.90499510095532,39.4647844455223
2026-03-08 18:00:00,0.0,223.92914971025604,-116.68734369115326,107.24180601910278
2026-03-08 18:15:00,0.0,232.33009884151267,-193.95474982807417,38.375349013438495
2026-03-08 18:30:00,0.0,339.53362261225107,-147.59435649630905,191.93926611594202
2026-03-08 18:45:00,0.0,435.2885848611027,-64.32980211393493,370.9587827471678
2026-03-08 19:00:00,0.0,401.01096636597447,-44.170741404474285,356.8402249615002
2026-03-08 19:15:00,0.0,382.50579126856195,-194.98736089385622,187.51843037470573
2026-03-08 19:30:00,0.0,387.9284503102488,-187.3645238458557,200.56392646439312
2026-03-08 19:45:00,0.0,363.7909850392679,-240.97318838482946,122.81779665443847
2026-03-08 20:00:00,0.0,379.71226771153306,-269.8425006761825,109.86976703535055
2026-03-08 20:15:00,0.0,353.6194989367715,-243.59345233526102,110.02604660151047
2026-03-08 20:30:00,0.0,340.13657850337995,-201.92523501430827,138.21134348907168
2026-03-08 20:45:00,0.0,306.4482934442523,-126.47838670206666,179.96990674218563
2026-03-08 21:00:00,0.0,359.9976740645741,-262.8012977622331,97.19637630234098
2026-03-08 21:15:00,0.0,312.5747813011008,-281.63290705797635,30.94187424312446
2026-03-08 21:30:00,0.0,317.0210152413954,-145.92356856965563,171.09744667173976
2026-03-08 21:45:00,0.0,-286.3892527314737,301.3569550531469,14.967702321673244
2026-03-08 22:00:00,0.0,344.72589367400496,-181.73452897387858,162.99136470012638
2026-03-08 22:15:00,0.0,300.8207727611611,-229.70647602548226,71.11429673567883
2026-03-08 22:30:00,0.0,300.25494733783023,-198.37006222104029,101.88488511678995
2026-03-08 22:45:00,0.0,-300.76576964759533,363.96180474706966,63.19603509947433
2026-03-08 23:00:00,0.0,-308.31507146757724,628.705158451683,320.3900869841058
2026-03-08 23:15:00,0.0,283.6252621380179,-303.8005263121822,-20.17526417416434
2026-03-08 23:30:00,0.0,300.60104357116995,-80.24033249675409,220.36071107441586
2026-03-08 23:45:00,0.0,296.2417495615339,-130.8577776557597,165.3839719057742
2026-03-09 00:00:00,0.0,-291.3389492940519,528.4208577380323,237.0819084439804
2026-03-09 00:15:00,0.0,277.07168906806953,-305.8931240421701,-28.821434974100555
2026-03-09 00:30:00,0.0,291.65556393695863,-385.1491148724612,-93.49355093550258
2026-03-09 00:45:00,0.0,266.17402526256825,-174.96992304322737,91.20410221934088
2026-03-09 01:00:00,0.0,294.9860765185619,-222.85743616167073,72.12864035689117
2026-03-09 01:15:00,0.0,-277.63589918893217,376.70355591278593,99.06765672385376
2026-03-09 01:30:00,0.0,270.4232907098325,-225.24653320636892,45.17675750346356
2026-03-09 01:45:00,0.0,257.43025582409973,-199.50966817159397,57.92058765250576
2026-03-09 02:00:00,0.0,267.7608913370467,-256.32020316556685,11.440688171479849
2026-03-09 02:15:00,0.0,-244.94371076968673,268.0780507601123,23.134339990425588
2026-03-09 02:30:00,0.0,242.86313689905745,-223.15689035090605,19.706246548151398
2026-03-09 02:45:00,0.0,222.82303821466763,-321.7356176696609,-98.91257945499325
2026-03-09 03:00:00,0.0,-212.00853581312586,358.8105134635703,146.80197765044446
2026-03-09 03:15:00,0.0,-187.46245995722379,315.63643701973155,128.17397706250776
2026-03-09 03:30:00,0.0,193.75158504905266,-307.9047943004242,-114.15320925137155
2026-03-09 03:45:00,0.0,208.84431346689664,-239.43235395354236,-30.588040486645724
2026-03-09 04:00:00,0.0,-207.4720202694975,227.91596434364888,20.443944074151375
2026-03-09 04:15:00,0.0,-189.53285670290936,384.10719822250866,194.5743415195993
2026-03-09 04:30:00,0.0,-207.00548347173253,284.9503264253202,77.94484295358768
2026-03-09 04:45:00,0.0,203.68167758729123,-296.96774117500723,-93.286063587716
2026-03-09 05:00:00,0.0,237.00275854575395,-156.54008589961907,80.46267264613488
2026-03-09 05:15:00,0.0,-260.85425816289023,262.4880805807121,1.6338224178218752
2026-03-09 05:30:00,0.0,272.51500390609357,-255.08837618820561,17.426627717887953
2026-03-09 05:45:00,0.0,288.22444550199117,-350.6906153577247,-62.46616985573354
2026-03-09 06:00:00,0.0,340.1430038524991,-313.11680048021464,27.026203372284442
2026-03-09 06:15:00,0.0,-275.5837761792556,648.5157781590989,372.9320019798433
2026-03-09 06:30:00,0.0,291.8586494603015,-263.46189500952374,28.396754450777735
2026-03-09 06:45:00,0.0,-296.5165186543607,358.9811588128177,62.46464015845697
2026-03-09 07:00:00,0.0,388.3824843983392,-286.7777773109659,101.6047070873733
2026-03-09 07:15:00,0.0,377.4133293952969,-223.88188279474215,153.53144660055474
2026-03-09 07:30:00,0.0,425.27621222774684,-246.61503621602535,178.6611760117215
2026-03-09 07:45:00,0.0,-379.7086080579232,814.7192431069102,435.010635048987
2026-03-09 08:00:00,0.0,502.73687244653456,-176.2212229784704,326.51564946806417
2026-03-09 08:15:00,0.0,399.6239781068269,-345.29647252047096,54.327505586355926
2026-03-09 08:30:00,0.0,350.87088990587625,-270.84963890644065,80.02125099943561
2026-03-09 08:45:00,0.0,312.6510249991881,-232.98075469723952,79.67027030194859
2026-03-09 09:00:00,0.0,335.3713147172129,-226.13423181930028,109.23708289791261
2026-03-09 09:15:00,0.0,309.1860813232678,-175.5994265178488,133.586654805419
2026-03-09 09:30:00,0.0,286.57342732918335,-207.16666635232173,79.40676097686162
2026-03-09 09:45:00,0.0,268.5623535716194,-123.74332197610795,144.81903159551143
2026-03-09 10:00:00,0.0,296.98959719264343,-116.76935068558853,180.2202465070549
2026-03-09 10:15:00,0.0,285.0062810809761,-96.61769439466485,188.38858668631127
2026-03-09 10:30:00,0.0,264.12968982406886,-13.661808933233512,250.46788089083535
2026-03-09 10:45:00,0.0,238.1302053608796,119.63240964534174,357.7626150062213
2026-03-09 11:00:00,0.0,252.44474024514022,-48.887060272063295,203.55767997307692
2026-03-09 11:15:00,0.0,235.8394186307136,-18.23817580751509,217.6012428231985
2026-03-09 11:30:00,0.0,213.28022908923094,-92.92115838189075,120.3590707073402
2026-03-09 11:45:00,0.0,208.8398161034255,-60.893790604646085,147.94602549877942
2026-03-09 12:00:00,0.0,223.2066437810437,-53.43966618498979,169.76697759605392
2026-03-09 12:15:00,0.0,214.19917159471083,-3.948531516186065,210.25064007852478
2026-03-09 12:30:00,0.0,218.8866225980886,-10.079915943493747,208.80670665459485
2026-03-09 12:45:00,0.0,200.757595148322,-24.039523399907228,176.71807174841476
2026-03-09 13:00:00,0.0,203.19507002368766,-15.402099109191184,187.7929709144965
2026-03-09 13:15:00,0.0,199.8556823701021,-56.08468581059679,143.7709965595053
2026-03-09 13:30:00,0.0,190.79972258588498,-11.682745295140574,179.11697729074442
2026-03-09 13:45:00,0.0,219.42942741239239,-26.99616988227069,192.4332575301217
2026-03-09 14:00:00,0.0,173.57314452534285,-46.15283287564602,127.42031164969683
2026-03-09 14:15:00,0.0,197.14391790621966,-143.3574446667471,53.78647323947254
2026-03-09 14:30:00,0.0,207.22226161305798,-78.20269706818145,129.01956454487652
2026-03-09 14:45:00,0.0,242.19616550889373,-99.19936957536397,142.99679593352977
2026-03-09 15:00:00,0.0,205.86333623157742,-105.42263977846176,100.44069645311566
2026-03-09 15:15:00,0.0,246.38102968760563,-91.83718745172948,154.54384223587616
2026-03-09 15:30:00,0.0,232.41318786586868,-128.58078839060192,103.83239947526675
2026-03-09 15:45:00,0.0,246.83994902236236,-93.99900433613315,152.8409446862292
2026-03-09 16:00:00,0.0,228.46339775338913,-89.38278712262297,139.08061063076616
2026-03-09 16:15:00,0.0,223.65122031005885,-109.27049548700857,114.38072482305027
2026-03-09 16:30:00,0.0,256.4242708318203,-130.38081513547917,126.04345569634114
2026-03-09 16:45:00,0.0,274.6771036533951,-124.31973349961947,150.3573701537756
2026-03-09 17:00:00,0.0,280.7726094797494,-180.91607027322414,99.85653920652527
2026-03-09 17:15:00,0.0,284.11305953163946,-170.4410412084958,113.67201832314367
2026-03-09 17:30:00,0.0,298.4889092317615,-166.11795132231327,132.37095790944824
2026-03-09 17:45:00,0.0,276.11977954647773,-192.0507774226214,84.06900212385634
2026-03-09 18:00:00,0.0,297.87914971025606,-318.1305041944922,-20.251354484236117
2026-03-09 18:15:00,0.0,-297.4800988415127,395.0206248567283,97.54052601521562
2026-03-09 18:30:00,0.0,-551.4836226122511,650.1315024309313,98.64787981868017
2026-03-09 18:45:00,0.0,-589.7635848611028,671.6692084557396,81.90562359463684
2026-03-09 19:00:00,0.0,-578.0109663659748,1129.1949140447427,551.1839476787679
2026-03-09 19:15:00,0.0,-549.755791268562,1501.6647217877126,951.9089305191505
2026-03-09 19:30:00,0.0,-544.5034503102487,1684.3113096146396,1139.807859304391
2026-03-09 19:45:00,0.0,-503.04098503926787,1626.6349503193896,1123.5939652801217
2026-03-09 20:00:00,0.0,-541.6622677115334,254.09076946483233,-287.57149824670114
2026-03-09 20:15:00,0.0,-482.4694989367715,1399.6627292125893,917.1932302758178
2026-03-09 20:30:00,0.0,396.1615785033799,-441.0404347764702,-44.878856273090264
2026-03-09 20:45:00,0.0,300.5232934442524,-368.1851601062,-67.66186666194761
2026-03-09 21:00:00,0.0,441.4976740645743,-198.4923639525666,243.00531011200772
2026-03-09 21:15:00,0.0,374.92478130110095,-323.7999637490999,51.12481755200105
2026-03-09 21:30:00,0.0,326.3960152413954,-331.18586882633355,-4.789853584938157
2026-03-09 21:45:00,0.0,331.4892527314736,-302.62889278583964,28.860359945633945
2026-03-09 22:00:00,0.0,399.575893674005,-342.49820370694135,57.077689967063634
2026-03-09 22:15:00,0.0,-357.1207727611611,743.3129520509646,386.19217928980345
2026-03-09 22:30:00,0.0,-364.37994733783046,725.2187972526074,360.8388499147769
2026-03-09 22:45:00,0.0,-324.8907696475957,827.1024063294268,502.2116366818311
2026-03-09 23:00:00,0.0,-345.66507146757726,852.0851584516828,506.4200869841055
2026-03-09 23:15:00,0.0,319.82526213801793,-412.0880427594379,-92.26278062141995
2026-03-09 23:30:00,0.0,-330.2760435711698,869.19721047598,538.9211669048102
2026-03-09 23:45:00,0.0,347.64174956153374,-166.98385086589784,180.6578986956359
2026-03-10 00:00:00,0.0,357.6639492940519,-363.0994329256369,-5.435483631584987
2026-03-10 00:15:00,0.0,341.02168906806935,-259.98307974139504,81.0386093266743
2026-03-10 00:30:00,0.0,352.40556393695846,-154.50415143307683,197.90141250388163
2026-03-10 00:45:00,0.0,320.4740252625683,-395.0555818645944,-74.58155660202607
2026-03-10 01:00:00,0.0,353.03607651856174,-215.6353267409215,137.40074977764024
2026-03-10 01:15:00,0.0,316.23589918893214,-312.4255651587979,3.8103340301342428
2026-03-10 01:30:00,0.0,311.8982907098324,-321.4099344115467,-9.51164370171432
2026-03-10 01:45:00,0.0,301.40525582409964,-293.39199235518424,8.013263468915397
2026-03-10 02:00:00,0.0,326.33589133704663,-140.59242063127695,185.74347070576968
2026-03-10 02:15:00,0.0,303.5437107696868,-239.6561192884129,63.887591481273915
2026-03-10 02:30:00,0.0,300.3631368990575,-189.39592025520452,110.96721664385299
2026-03-10 02:45:00,0.0,292.8980382146676,-282.03588424623905,10.862153968428572
2026-03-10 03:00:00,0.0,275.9085358131257,-254.62559763916218,21.282938173963515
2026-03-10 03:15:00,0.0,-257.1374599572238,322.6580981328396,65.52063817561577
2026-03-10 03:30:00,0.0,264.1265850490526,-319.3617246802678,-55.23513963121519
2026-03-10 03:45:00,0.0,282.8443134668966,-319.4990343654887,-36.654720898592075
2026-03-10 04:00:00,0.0,282.47202026949753,-199.00154086598474,83.4704794035128
2026-03-10 04:15:00,0.0,263.3828567029094,-237.0889784002579,26.293878302651507
2026-03-10 04:30:00,0.0,258.75548347173253,-258.5721645084057,0.18331896332682618
2026-03-10 04:45:00,0.0,-259.2066775872913,156.23637058750356,-102.97030699978777
2026-03-10 05:00:00,0.0,290.6027585457539,-301.2841374393906,-10.68137889363669
2026-03-10 05:15:00,0.0,306.65425816289036,-154.5977375102913,152.05652065259906
2026-03-10 05:30:00,0.0,305.8900039060935,-133.85407927580275,172.03592463029076
2026-03-10 05:45:00,0.0,-295.59944550199117,353.29970860433707,57.7002631023459
2026-03-10 06:00:00,0.0,307.84300385249924,-263.732255117544,44.11074873495522
2026-03-10 06:15:00,0.0,350.0837761792558,-189.15512790170715,160.92864827754863
2026-03-10 06:30:00,0.0,352.10864946030136,-330.756190252154,21.352459208147366
2026-03-10 06:45:00,0.0,353.6165186543607,-377.3874088128176,-23.77089015845695
2026-03-10 07:00:00,0.0,358.48248439833924,-316.9407815126388,41.54170288570043
2026-03-10 07:15:00,0.0,395.4133293952969,-337.4503990056778,57.96293038961909
2026-03-10 07:30:00,0.0,439.52621222774667,-284.2197749642371,155.30643726350957
2026-03-10 07:45:00,0.0,-384.55860805792315,831.4107809515644,446.8521728936413
2026-03-10 08:00:00,0.0,456.8118724465346,-76.39044471944382,380.42142772709076
2026-03-10 08:15:00,0.0,457.62397810682677,-136.9735302168629,320.65044788996386
2026-03-10 08:30:00,0.0,412.57088990587613,-301.8143139222371,110.75657598363904
2026-03-10 08:45:00,0.0,355.0760249991882,-262.2532546972396,92.8227703019486
2026-03-10 09:00:00,0.0,380.9463147172128,-285.8652727285887,95.08104198862407
2026-03-10 09:15:00,0.0,347.63608132326783,-236.84152129959298,110.79456002367485
2026-03-10 09:30:00,0.0,345.6234273291834,-287.89874961421305,57.72467771497037
2026-03-10 09:45:00,0.0,303.01235357161937,-218.02617425158277,84.9861793200366
2026-03-10 10:00:00,0.0,-308.21459719264345,835.7589838368978,527.5443866442542
2026-03-10 10:15:00,0.0,275.0062810809761,-278.42443511644194,-3.418154035465818
2026-03-10 10:30:00,0.0,283.07968982406885,-235.54260474349377,47.53708508057508
2026-03-10 10:45:00,0.0,259.4302053608797,-93.05009267144433,166.38011268943538
2026-03-10 11:00:00,0.0,271.8447402451402,-248.23109233757535,23.613647907564854
2026-03-10 11:15:00,0.0,243.66441863071356,-207.14048755846454,36.52393107224901
2026-03-10 11:30:00,0.0,-229.83022908923093,305.626259110751,75.79603002152007
2026-03-10 11:45:00,0.0,236.93981610342558,-252.8412906046462,-15.901474501220605
2026-03-10 12:00:00,0.0,256.9566437810438,-200.68341618498982,56.27322759605397
2026-03-10 12:15:00,0.0,253.29917159471069,-180.34846429039715,72.95070730431354
2026-03-10 12:30:00,0.0,259.76162259808854,-239.78243695762043,19.979185640468103
2026-03-10 12:45:00,0.0,235.90759514832195,-252.63702542573762,-16.729430277415673
2026-03-10 13:00:00,0.0,-244.47007002368775,319.5126032387407,75.04253321505297
2026-03-10 13:15:00,0.0,-238.45568237010207,392.7195810807959,154.2638987106938
2026-03-10 13:30:00,0.0,230.34972258588496,-237.72407967399826,-7.3743570881133
2026-03-10 13:45:00,0.0,-249.05442741239244,341.5406150628037,92.48618765041124
2026-03-10 14:00:00,0.0,230.62314452534292,-150.54711050086138,80.07603402448154
2026-03-10 14:15:00,0.0,238.06891790621967,-232.5179678056328,5.550950100586874
2026-03-10 14:30:00,0.0,-236.07226161305803,353.42858026947994,117.3563186564219
2026-03-10 14:45:00,0.0,250.12116550889377,-182.6062450685127,67.51492044038108
2026-03-10 15:00:00,0.0,-238.36333623157728,250.52478574523107,12.161449513653793
2026-03-10 15:15:00,0.0,260.5310296876056,-65.5202429643779,195.0107867232277
2026-03-10 15:30:00,0.0,249.91318786586868,-134.73118258590284,115.18200527996584
2026-03-10 15:45:00,0.0,244.33994902236236,-133.60150433613316,110.7384446862292
2026-03-10 16:00:00,0.0,235.613397753389,-214.8584019716721,20.7549957817169
2026-03-10 16:15:00,0.0,252.80122031005897,-177.66281928189048,75.13840102816849
2026-03-10 16:30:00,0.0,268.6492708318203,-193.70465210838333,74.94461872343695
2026-03-10 16:45:00,0.0,291.80210365339514,-102.68486674980976,189.11723690358536
2026-03-10 17:00:00,0.0,264.09760947974945,-150.9933795458829,113.10422993386655
2026-03-10 17:15:00,0.0,260.63805953163944,-243.50130151061975,17.136758021019688
2026-03-10 17:30:00,0.0,285.6889092317611,-170.70757268791735,114.98133654384375
2026-03-10 17:45:00,0.0,276.5947795464775,-175.47452864738256,101.12025089909497
2026-03-10 18:00:00,0.0,318.254149710256,248.49119328881244,566.7453429990685
2026-03-10 18:15:00,0.0,343.1800988415126,-181.15106237105567,162.0290364704569
2026-03-10 18:30:00,0.0,391.05862261225104,-177.87593901933204,213.182683592919
2026-03-10 18:45:00,0.0,469.56358486110275,-228.36891887852687,241.19466598257588
2026-03-10 19:00:00,0.0,541.9609663659746,-258.55127029947795,283.4096960664967
2026-03-10 19:15:00,0.0,505.330791268562,-212.75236089385623,292.57843037470576
2026-03-10 19:30:00,0.0,487.703450310249,-288.0967857687837,199.6066645414653
2026-03-10 19:45:00,0.0,406.4409850392679,-199.55524354712742,206.88574149214048
2026-03-10 20:00:00,0.0,436.137267711533,-404.2860583944973,31.85120931703574
2026-03-10 20:15:00,0.0,-321.9444989367714,442.24543205138184,120.30093311461042
2026-03-10 20:30:00,0.0,372.0365785033798,-420.22535252146247,-48.188774018082654
2026-03-10 20:45:00,0.0,363.4982934442522,-287.1960960637199,76.30219738053233
2026-03-10 21:00:00,0.0,-397.8476740645743,634.7165881909327,236.86891412635845
2026-03-10 21:15:00,0.0,-356.22478130110096,303.7564535289882,-52.46832777211279
2026-03-10 21:30:00,0.0,-347.82101524139534,681.8249267480891,334.0039115066937
2026-03-10 21:45:00,0.0,-286.8392527314736,426.66887546538504,139.82962273391144
2026-03-10 22:00:00,0.0,-365.12589367400506,611.0177954032673,245.89190172926226
2026-03-10 22:15:00,0.0,-321.3957727611613,596.96043251106,275.56465974989874
2026-03-10 22:30:00,0.0,-301.8299473378303,746.1751244420802,444.34517710424996
2026-03-10 22:45:00,0.0,-266.0407696475954,643.72213895949,377.6813693118946
2026-03-10 23:00:00,0.0,239.0650714675772,-268.72580448033557,-29.660733012758357
2026-03-10 23:15:00,0.0,233.500262138018,-214.8004934176708,18.69976872034721
2026-03-10 23:30:00,0.0,-242.57604357116978,443.33676097792795,200.76071740675818
2026-03-10 23:45:00,0.0,200.5917495615338,-93.9809088912431,106.61084067029068
2026-03-11 00:00:00,0.0,64.413949294052,-67.68049663775005,-3.2665473436980506
2026-03-11 00:15:00,0.0,-39.746689068069514,42.712865565147034,2.9661764970775195
2026-03-11 00:30:00,0.0,21.580563936958455,-66.47462035655343,-44.894056419594975
2026-03-11 00:45:00,0.0,5.1009747374318195,45.52749494616355,50.62846968359537
2026-03-11 01:00:00,0.0,151.66107651856203,-148.38332598025863,3.277750538303394
2026-03-11 01:15:00,0.0,-76.36089918893217,246.79991583342724,170.43901664449507
2026-03-11 01:30:00,0.0,-106.14829070983232,457.2389602916243,351.090669581792
2026-03-11 01:45:00,0.0,-5.3052558240997225,172.07694353652533,166.7716877124256
2026-03-11 02:00:00,0.0,-94.23589133704668,240.43064205394558,146.1947507168989
2026-03-11 02:15:00,0.0,-47.143710769686756,42.51870050674157,-4.625010262945189
2026-03-11 02:30:00,0.0,36.46313689905743,60.44366945769043,96.90680635674786
2026-03-11 02:45:00,0.0,-16.898038214667647,114.83241711710815,97.9343789024405
2026-03-11 03:00:00,0.0,46.58353581312581,-54.92624241967227,-8.342706606546457
2026-03-11 03:15:00,0.0,8.412540042776133,142.71227590662374,151.12481594939987
2026-03-11 03:30:00,0.0,4.098414950947335,0.8705063275364258,4.96892127848376
2026-03-11 03:45:00,0.0,-21.069313466896688,24.332615980089585,3.2633025131928974
2026-03-11 04:00:00,0.0,-7.472020269497469,87.21349666209154,79.74147639259408
2026-03-11 04:15:00,0.0,10.467143297090649,-4.989267259163742,5.477876037926907
2026-03-11 04:30:00,0.0,-3.469516528267451,42.93573575074339,39.46621922247594
2026-03-11 04:45:00,0.0,10.543322412708761,10.386842856254352,20.930165268963115
2026-03-11 05:00:00,0.0,9.247241454246016,28.887068719695257,38.13431017394127
2026-03-11 05:15:00,0.0,-14.454258162890248,53.58050141061496,39.12624324772471
2026-03-11 05:30:00,0.0,27.240003906093616,-47.96506146140609,-20.72505755531247
2026-03-11 05:45:00,0.0,-3.3994455019911314,40.487836818428704,37.08839131643757
2026-03-11 06:00:00,0.0,-71.46800385249915,444.0584263331385,372.5904224806394
2026-03-11 06:15:00,0.0,-65.5087761792557,231.15946689545942,165.6506907162037
2026-03-11 06:30:00,0.0,-91.0586494603014,431.17154930068006,340.11289984037865
2026-03-11 06:45:00,0.0,-60.14151865436059,557.3771150429701,497.2355963886095
2026-03-11 07:00:00,0.0,143.15748439833928,-93.24238655464646,49.91509784369282
2026-03-11 07:15:00,0.0,136.08832939529685,-123.04453242187124,13.043796973425614
2026-03-11 07:30:00,0.0,-145.57621222774668,179.52320745350835,33.94699522576167
2026-03-11 07:45:00,0.0,-150.7336080579231,126.97615939810957,-23.757448659813534
2026-03-11 08:00:00,0.0,194.81187244653472,-147.97722359721902,46.8346488493157
2026-03-11 08:15:00,0.0,183.1739781068269,-137.442501368667,45.7314767381599
2026-03-11 08:30:00,0.0,185.54588990587615,-125.79971112515248,59.74617878072367
2026-03-11 08:45:00,0.0,144.22602499918818,-81.49063152394362,62.735393475244564
2026-03-11 09:00:00,0.0,207.17131471721288,-56.11145454644146,151.05986017077143
2026-03-11 09:15:00,0.0,171.61108132326788,-36.268379126976676,135.3427021962912
2026-03-11 09:30:00,0.0,145.0734273291834,-2.0470830904304393,143.02634423875296
2026-03-11 09:45:00,0.0,66.18735357161941,8.154178023892014,74.34153159551143
2026-03-11 10:00:00,0.0,138.18959719264356,1238.4112986288224,1376.6008958214659
2026-03-11 10:15:00,0.0,83.65628108097603,7.3020370488893285,90.95831812986536
2026-03-11 10:30:00,0.0,64.10468982406886,1365.1318324104102,1429.236522234479
2026-03-11 10:45:00,0.0,29.430205360879658,1491.7999073285557,1521.2301126894354
2026-03-11 11:00:00,0.0,70.71974024514036,646.4629563576054,717.1826966027458
2026-03-11 11:15:00,0.0,39.26441863071349,155.72057419248492,194.9849928231984
2026-03-11 11:30:00,0.0,29.88022908923087,252.4885897959591,282.36881888518997
2026-03-11 11:45:00,0.0,33.71481610342554,15.813200176257524,49.528016279683065
2026-03-11 12:00:00,0.0,45.081643781043695,25.377689402677596,70.4593331837213
2026-03-11 12:15:00,0.0,41.049171594710785,0.5501344515778029,41.59930604628859
2026-03-11 12:30:00,0.0,47.88662259808861,1.0838095400252652,48.97043213811387
2026-03-11 12:45:00,0.0,-33.882595148321975,31.89468091605122,-1.9879142322707537
2026-03-11 13:00:00,0.0,-58.44507002368764,29.679861497840072,-28.76520852584757
2026-03-11 13:15:00,0.0,-46.63068237010205,46.2153851349109,-0.41529723519114725
2026-03-11 13:30:00,0.0,47.42472258588498,-6.5538854038078345,40.870837182077146
2026-03-11 13:45:00,0.0,86.25442741239242,1.444525298262367,87.69895271065478
2026-03-11 14:00:00,0.0,53.448144525342876,7.8099267904464424,61.258071315789316
2026-03-11 14:15:00,0.0,83.86891790621968,-9.442676055602533,74.42624185061715
2026-03-11 14:30:00,0.0,82.47226161305791,-10.2366678685061,72.2355937445518
2026-03-11 14:45:00,0.0,108.57116550889378,8.117193664359089,116.68835917325288
2026-03-11 15:00:00,0.0,78.36333623157729,-16.897639778461738,61.465696453115555
2026-03-11 15:15:00,0.0,103.50602968760566,1.433680609189485,104.93971029679514
2026-03-11 15:30:00,0.0,94.91318786586866,15.509211609398061,110.42239947526673
2026-03-11 15:45:00,0.0,118.73994902236228,-14.227721099637789,104.51222792272449
2026-03-11 16:00:00,0.0,80.61339775338901,-6.631742072305998,73.98165568108301
2026-03-11 16:15:00,0.0,119.95122031005891,3.1205948720461643,123.07181518210508
2026-03-11 16:30:00,0.0,160.49927083182024,17.733400075359185,178.23267090717943
2026-03-11 16:45:00,0.0,178.30210365339502,-3.806640224486291,174.49546342890872
2026-03-11 17:00:00,0.0,176.59760947974928,60.90635563595244,237.5039651157017
2026-03-11 17:15:00,0.0,218.4880595316395,-32.020140992692994,186.4679185389465
2026-03-11 17:30:00,0.0,249.53890923176135,-36.94973039748012,212.58917883428123
2026-03-11 17:45:00,0.0,248.59477954647764,-110.36390425976315,138.23087528671448
2026-03-11 18:00:00,0.0,250.95414971025608,-154.59381385893292,96.36033585132316
2026-03-11 18:15:00,0.0,298.6800988415127,-177.22737491403706,121.45272392747563
2026-03-11 18:30:00,0.0,351.0086226122511,-30.611791869244268,320.39683074300683
2026-03-11 18:45:00,0.0,408.6385848611028,-90.14826253672192,318.4903223243809
2026-03-11 19:00:00,0.0,393.01096636597487,-76.01790234079044,316.9930640251844
2026-03-11 19:15:00,0.0,408.53079126856187,-176.4099048221122,232.12088644644967
2026-03-11 19:30:00,0.0,405.07845031024885,-230.70565480731966,174.3727955029292
2026-03-11 19:45:00,0.0,373.5909850392679,-179.61680419111292,193.97418084815496
2026-03-11 20:00:00,0.0,379.7372677115331,-205.53076980292374,174.20649790860935
2026-03-11 20:15:00,0.0,344.5194989367717,-195.74043205138176,148.77906688538994
2026-03-11 20:30:00,0.0,314.51157850337984,-105.95289952432414,208.55867897905568
2026-03-11 20:45:00,0.0,286.02329344425226,-137.59359606371996,148.4296973805323
2026-03-11 21:00:00,0.0,-193.59767406457422,271.27858452416626,77.68091045959204
2026-03-11 21:15:00,0.0,245.724781301101,-223.4023220212911,22.32245927980989
2026-03-11 21:30:00,0.0,242.89601524139525,-112.78090545228903,130.1151097891062
2026-03-11 21:45:00,0.0,209.8892527314736,-120.65311422867171,89.23613850280188
2026-03-11 22:00:00,0.0,-180.20089367400493,311.5927954032677,131.39190172926277
2026-03-11 22:15:00,0.0,211.32077276116127,-206.30418251106002,5.016590250101245
2026-03-11 22:30:00,0.0,300.6049473378303,-145.9160806526214,154.68886668520892
2026-03-11 22:45:00,0.0,271.09076964759566,-113.17580210980883,157.91496753778682
2026-03-11 23:00:00,0.0,263.6900714675772,-122.47782179213425,141.21224967544293
2026-03-11 23:15:00,0.0,189.50026213801792,-120.55519736706833,68.94506477094959
2026-03-11 23:30:00,0.0,250.22604357116978,-117.02701348766557,133.19903008350423
2026-03-11 23:45:00,0.0,230.8667495615339,-74.16161605069063,156.70513351084327
2026-03-12 00:00:00,0.0,-248.388949294052,354.60910120845443,106.22015191440244
2026-03-12 00:15:00,0.0,228.39668906806958,-236.798793917643,-8.40210484957342
2026-03-12 00:30:00,0.0,199.1555639369585,-323.6822864138765,-124.52672247691802
2026-03-12 00:45:00,0.0,-90.52402526256816,188.69942051630923,98.17539525374107
2026-03-12 01:00:00,0.0,253.88607651856202,-151.11382750158444,102.77224901697758
2026-03-12 01:15:00,0.0,-218.06089918893218,143.28181126990006,-74.77908791903212
2026-03-12 01:30:00,0.0,214.67329070983237,-167.6825862669255,46.99070444290686
2026-03-12 01:45:00,0.0,-158.4052558240997,283.3758790820482,124.97062325794849
2026-03-12 02:00:00,0.0,208.01089133704667,-179.04025395695854,28.970637380088135
2026-03-12 02:15:00,0.0,-164.19371076968685,105.99361928841296,-58.20009148127389
2026-03-12 02:30:00,0.0,207.83813689905753,-98.86786044660789,108.97027645244964
2026-03-12 02:45:00,0.0,186.3730382146676,-187.55766435434515,-1.1846261396775617
2026-03-12 03:00:00,0.0,170.68353581312581,-138.86822390255017,31.815311910575645
2026-03-12 03:15:00,0.0,-136.2124599572238,218.96671109513693,82.75425113791312
2026-03-12 03:30:00,0.0,-157.57658504905268,228.32066455429245,70.74407950523977
2026-03-12 03:45:00,0.0,-173.4193134668967,240.8887611694708,67.46944770257409
2026-03-12 04:00:00,0.0,189.32202026949744,-161.250932025206,28.071088244291445
2026-03-12 04:15:00,0.0,144.80785670290936,-126.7821982225088,18.025658480400566
2026-03-12 04:30:00,0.0,147.70548347173252,-184.36697668446934,-36.661493212736815
2026-03-12 04:45:00,0.0,-157.5816775872912,402.63274117500737,245.05106358771616
2026-03-12 05:00:00,0.0,-158.47775854575406,194.66413743939063,36.18637889363657
2026-03-12 05:15:00,0.0,-169.20425816289028,160.2755278006474,-8.928730362242874
2026-03-12 05:30:00,0.0,208.9150039060936,-218.11315855160547,-9.198154645511863
2026-03-12 05:45:00,0.0,145.5744455019911,-177.62731873441876,-32.05287323242766
2026-03-12 06:00:00,0.0,-177.0180038524991,533.492386088012,356.47438223551296
2026-03-12 06:15:00,0.0,-204.10877617925578,136.96631126363957,-67.14246491561622
2026-03-12 06:30:00,0.0,258.70864946030144,-157.4412633396824,101.26738612061905
2026-03-12 06:45:00,0.0,-258.5915186543607,352.9538978703556,94.3623792159949
2026-03-12 07:00:00,0.0,267.9824843983392,-92.0860441176578,175.89644028068136
2026-03-12 07:15:00,0.0,266.7633293952969,-197.72698254616154,69.03634684913538
2026-03-12 07:30:00,0.0,286.35121222774666,-120.65337623033045,165.6978359974162
2026-03-12 07:45:00,0.0,286.5336080579232,-164.41942832043677,122.11417973748641
2026-03-12 08:00:00,0.0,297.0618724465346,-124.65519533819236,172.40667710834225
2026-03-12 08:15:00,0.0,265.748978106827,-137.9500027373339,127.79897536949309
2026-03-12 08:30:00,0.0,243.19588990587633,-119.54210279708467,123.65378710879166
2026-03-12 08:45:00,0.0,173.72602499918824,-74.13412734861974,99.5918976505685
2026-03-12 09:00:00,0.0,229.09631471721275,-93.9349272735826,135.16138744363013
2026-03-12 09:15:00,0.0,156.4860813232678,-1.4683791269766806,155.0177021962911
2026-03-12 09:30:00,0.0,82.57342732918345,134.02375030005655,216.59717762923998
2026-03-12 09:45:00,0.0,31.187353571619436,482.1357386226258,513.3230921942452
2026-03-12 10:00:00,0.0,76.61459719264349,694.5848863002199,771.1994834928634
2026-03-12 10:15:00,0.0,3.6562810809760196,630.6130371128917,634.2693181938677
2026-03-12 10:30:00,0.0,3.829689824068854,203.9036413436435,207.73333116771235
2026-03-12 10:45:00,0.0,-3.0197946391203363,1940.699907328556,1937.6801126894356
2026-03-12 11:00:00,0.0,3.2447402451403287,1622.0788717379519,1625.3236119830922
2026-03-12 11:15:00,0.0,-6.335581369286506,346.536370505697,340.2007891364105
2026-03-12 11:30:00,0.0,-17.119770910769116,7.148397448989766,-9.97137346177935
2026-03-12 11:45:00,0.0,-4.43518389657445,73.86883670012799,69.43365280355354
2026-03-12 12:00:00,0.0,-6.956643781043712,24.26197678231217,17.30533300126846
2026-03-12 12:15:00,0.0,3.299171594710778,77.75456827414311,81.05373986885388
2026-03-12 12:30:00,0.0,-9.7366225980886,22.713655436430482,12.977032838341882
2026-03-12 12:45:00,0.0,-4.267404851678015,10.540630064575973,6.273225212897958
2026-03-12 13:00:00,0.0,5.670070023687622,12.805179797656242,18.475249821343866
2026-03-12 13:15:00,0.0,0.1806823701020439,-12.382290540397856,-12.201608170295811
2026-03-12 13:30:00,0.0,7.175277414115034,-23.284003136572935,-16.1087257224579
2026-03-12 13:45:00,0.0,11.754427412392403,18.592299395597085,30.346726807989487
2026-03-12 14:00:00,0.0,7.3268554746571475,-21.692621540015775,-14.365766065358628
2026-03-12 14:15:00,0.0,-2.5310820937802925,12.557671027680458,10.026588933900165
2026-03-12 14:30:00,0.0,-5.2777383869420715,13.372547464286232,8.09480907734416
2026-03-12 14:45:00,0.0,12.17116550889376,38.713130424636006,50.88429593352976
2026-03-12 15:00:00,0.0,-11.661663768422697,21.48009624369209,9.818432475269391
2026-03-12 15:15:00,0.0,15.98102968760565,28.97960076148686,44.96063044909251
2026-03-12 15:30:00,0.0,0.1118121341313314,-21.628322955090617,-21.516510820959287
2026-03-12 15:45:00,0.0,5.660050977637625,2.7758627178854636,8.43591369552309
2026-03-12 16:00:00,0.0,14.411602246610979,154.7802668207212,169.1918690673322
2026-03-12 16:15:00,0.0,-2.776220310058926,174.40563856378088,171.62941825372195
2026-03-12 16:30:00,0.0,10.49927083182024,-32.0768911896708,-21.577620357850563
2026-03-12 16:45:00,0.0,-3.3271036533950618,81.93552347467653,78.60841982128147
2026-03-12 17:00:00,0.0,-21.59760947974928,235.3736443640476,213.77603488429833
2026-03-12 17:15:00,0.0,3.3119404683604934,620.5753416401014,623.8872821084619
2026-03-12 17:30:00,0.0,-39.91390923176128,69.07780088154213,29.16389164978085
2026-03-12 17:45:00,0.0,-71.04477954647764,102.09827864738253,31.053499100904887
2026-03-12 18:00:00,0.0,-92.00414971025606,99.972862181136,7.968712470879936
2026-03-12 18:15:00,0.0,-198.68009884151263,669.0756768326085,470.3955779910958
2026-03-12 18:30:00,0.0,-251.05862261225099,484.96456584253036,233.90594323027938
2026-03-12 18:45:00,0.0,265.43858486110287,-251.88689183803567,13.551693023067202
2026-03-12 19:00:00,0.0,300.48596636597483,-155.07154608605515,145.41442027991968
2026-03-12 19:15:00,0.0,305.30579126856185,-158.37988285798426,146.9259084105776
2026-03-12 19:30:00,0.0,272.0784503102488,-110.46532740365981,161.61312290658898
2026-03-12 19:45:00,0.0,250.19098503926782,-142.4953777408438,107.69560729842402
2026-03-12 20:00:00,0.0,271.1872677115333,-123.45923121135007,147.72803650018324
2026-03-12 20:15:00,0.0,214.9194989367715,-29.14658063198566,185.77291830478583
2026-03-12 20:30:00,0.0,204.81157850337985,-162.3440437678855,42.467534735494354
2026-03-12 20:45:00,0.0,-146.92329344425235,194.21245074454663,47.28915730029428
2026-03-12 21:00:00,0.0,212.6226740645742,-83.44236395256651,129.1803101120077
2026-03-12 21:15:00,0.0,177.47478130110085,-54.518350366852836,122.956430934248
2026-03-12 21:30:00,0.0,-131.77101524139533,195.7035319437003,63.93251670230498
2026-03-12 21:45:00,0.0,-6.639252731473533,104.48079587762264,97.8415431461491
2026-03-12 22:00:00,0.0,153.525893674005,-144.51075388489954,9.015139789105461
2026-03-12 22:15:00,0.0,99.64577276116117,-59.73755861971334,39.90821414144783
2026-03-12 22:30:00,0.0,158.12994733783026,-124.65154378945918,33.47840354837108
2026-03-12 22:45:00,0.0,-97.11576964759564,243.5621389594902,146.44636931189456
2026-03-12 23:00:00,0.0,91.99007146757722,-73.11774012190867,18.872331345668556
2026-03-12 23:15:00,0.0,35.55026213801789,-17.799226970415194,17.751035167602698
2026-03-12 23:30:00,0.0,-80.1760435711698,129.07529548247211,48.899251911302315
2026-03-12 23:45:00,0.0,56.06674956153381,-3.4895704963121665,52.57717906522164
2026-03-13 00:00:00,0.0,-18.713949294052007,6.459844678876735,-12.254104615175272
2026-03-13 00:15:00,0.0,20.596689068069498,251.39903697314787,271.9957260412174
2026-03-13 00:30:00,0.0,26.53056393695846,246.9367245543082,273.4672884912667
2026-03-13 00:45:00,0.0,1.4740252625681747,-4.838687265087731,-3.364662002519556
2026-03-13 01:00:00,0.0,53.31107651856196,6.463118548703918,59.77419506726588
2026-03-13 01:15:00,0.0,-22.06089918893213,-7.352544761843393,-29.413443950775523
2026-03-13 01:30:00,0.0,16.073290709832303,45.45868163666026,61.531972346492566
2026-03-13 01:45:00,0.0,5.580255824099729,14.150619006748029,19.730874830847757
2026-03-13 02:00:00,0.0,-24.53589133704666,42.193506340315764,17.657615003269104
2026-03-13 02:15:00,0.0,-12.193710769686776,-6.299286803230337,-18.492997572917112
2026-03-13 02:30:00,0.0,-13.688136899057454,23.93112539875703,10.242988499699575
2026-03-13 02:45:00,0.0,14.27303821466764,25.908483987997084,40.18152220266472
2026-03-13 03:00:00,0.0,-5.33353581312582,112.29439182946282,106.960856016337
2026-03-13 03:15:00,0.0,-13.81254004277614,8.27774075405259,-5.5347992887235495
2026-03-13 03:30:00,0.0,-2.748414950947339,41.050601269341804,38.30218631839446
2026-03-13 03:45:00,0.0,21.26931346689669,-0.6090343654886312,20.660279101408058
2026-03-13 04:00:00,0.0,11.447020269497475,20.280894497129847,31.727914766627322
2026-03-13 04:15:00,0.0,10.392143297090646,-6.598168147909362,3.793975149181284
2026-03-13 04:30:00,0.0,-1.2195165282674543,0.8042487042543649,-0.41526782401308937
2026-03-13 04:45:00,0.0,-10.468322412708766,-11.16425041875691,-21.632572831465673
2026-03-13 05:00:00,0.0,5.372241454246019,4.446148892673066,9.818390346919085
2026-03-13 05:15:00,0.0,-18.529258162890244,-3.6220249794174277,-22.151283142307673
2026-03-13 05:30:00,0.0,20.24000390609362,15.393906175194152,35.63391008128777
2026-03-13 05:45:00,0.0,10.324445501991137,16.77637298644868,27.10081848843982
2026-03-13 06:00:00,0.0,-16.393003852499128,38.966380970467974,22.573377117968846
2026-03-13 06:15:00,0.0,-41.80877617925568,53.62518916534664,11.81641298609096
2026-03-13 06:30:00,0.0,38.08364946030137,-32.57653596099755,5.50711349930382
2026-03-13 06:45:00,0.0,-36.64151865436058,12.427941640203251,-24.21357701415733
2026-03-13 07:00:00,0.0,75.48248439833928,-38.85223739498098,36.6302470033583
2026-03-13 07:15:00,0.0,51.01332939529684,-24.23218204900048,26.781147346296365
2026-03-13 07:30:00,0.0,91.42621222774676,-37.253729957084644,54.172482270662115
2026-03-13 07:45:00,0.0,-91.78360805792315,164.43231478647326,72.64870672855011
2026-03-13 08:00:00,0.0,-110.18687244653472,388.72264129513326,278.53576884859854
2026-03-13 08:15:00,0.0,-90.82397810682691,363.4488997156475,272.62492160882056
2026-03-13 08:30:00,0.0,-85.12088990587614,283.729386140949,198.60849623507283
2026-03-13 08:45:00,0.0,-47.27602499918822,31.435503131492936,-15.840521867695287
2026-03-13 09:00:00,0.0,71.94631471721287,-100.46527272858862,-28.518958011375744
2026-03-13 09:15:00,0.0,-16.48608132326785,118.73466347220916,102.24858214894131
2026-03-13 09:30:00,0.0,-26.948427329183392,76.4583330475652,49.509905718381816
2026-03-13 09:45:00,0.0,-11.187353571619427,6.353732964161979,-4.833620607457449
2026-03-13 10:00:00,0.0,11.539597192643543,95.46460383449943,107.00420102714297
2026-03-13 10:15:00,0.0,-6.906281080976021,4.229296263109896,-2.676984817866125
2026-03-13 10:30:00,0.0,21.304689824068856,14.09091620520499,35.39560602927385
2026-03-13 10:45:00,0.0,2.944794639120334,10.250046335722162,13.194840974842496
2026-03-13 11:00:00,0.0,-7.269740245140333,-6.1715486951806495,-13.441288940320982
2026-03-13 11:15:00,0.0,5.110581369286507,-8.779777879272782,-3.669196509986275
2026-03-13 11:30:00,0.0,1.5552290892308789,-18.110412026191096,-16.555182936960218
2026-03-13 11:45:00,0.0,21.98981610342556,-17.241099647484955,4.748716455940606
2026-03-13 12:00:00,0.0,32.606643781043694,-18.76889913298156,13.837744648062134
2026-03-13 12:15:00,0.0,-60.02417159471081,51.669865548422166,-8.354306046288642
2026-03-13 12:30:00,0.0,-67.26162259808862,334.04988091994943,266.7882583218608
2026-03-13 12:45:00,0.0,-35.232595148321984,55.117184967712014,19.88458981939003
2026-03-13 13:00:00,0.0,-32.44507002368762,132.89082846144305,100.44575843775543
2026-03-13 13:15:00,0.0,-21.830682370102046,363.0640304051098,341.23334803500774
2026-03-13 13:30:00,0.0,6.200277414115028,1080.3577708076155,1086.5580482217306
2026-03-13 13:45:00,0.0,-18.029427412392405,1405.186096389339,1387.1566689769465
2026-03-13 14:00:00,0.0,-19.39814452534286,320.40040608519945,301.0022615598566
2026-03-13 14:15:00,0.0,-28.11891790621971,38.39686116668679,10.27794326046708
2026-03-13 14:30:00,0.0,-28.547261613057927,125.03269706818153,96.4854354551236
2026-03-13 14:45:00,0.0,-39.64616550889375,125.14499605481022,85.49883054591646
2026-03-13 15:00:00,0.0,-29.53833623157732,83.33858386707706,53.800247635499744
2026-03-13 15:15:00,0.0,-85.25602968760563,135.8464235735673,50.590393885961674
2026-03-13 15:30:00,0.0,-47.63818786586869,226.90568984177662,179.26750197590792
2026-03-13 15:45:00,0.0,-73.91494902236235,254.4711502905139,180.55620126815154
2026-03-13 16:00:00,0.0,-30.613397753389012,382.50307424524607,351.8896764918571
2026-03-13 16:15:00,0.0,-92.70122031005891,19.930704820472616,-72.7705154895863
2026-03-13 16:30:00,0.0,-75.74927083182024,48.51139563251502,-27.237875199305222
2026-03-13 16:45:00,0.0,-108.82710365339506,77.82789339984777,-30.99921025354729
2026-03-13 17:00:00,0.0,-146.02260947974938,1504.4634220915777,1358.4408126118283
2026-03-13 17:15:00,0.0,-137.3630595316395,1341.2950216832628,1203.9319621516233
2026-03-13 17:30:00,0.0,-224.9889092317614,0.0,-224.9889092317614
2026-03-13 17:45:00,0.0,-261.56977954647755,46.9140621938097,-214.65571735266786
2026-03-13 18:00:00,0.0,-147.9041497102561,1048.23307520117,900.328925490914
2026-03-13 18:15:00,0.0,-251.28009884151265,648.5687602805583,397.28866143904565
2026-03-13 18:30:00,0.0,-267.083622612251,620.2177308885762,353.13410827632515
2026-03-13 18:45:00,0.0,-320.7885848611028,1194.8096814152486,874.0210965541459
2026-03-13 19:00:00,0.0,-377.68596636597465,860.6551898313201,482.9692234653454
2026-03-13 19:15:00,0.0,-426.2307912685619,1464.8897510732163,1038.6589598046544
2026-03-13 19:30:00,0.0,-413.42845031024893,1034.1008185091496,620.6723681989006
2026-03-13 19:45:00,0.0,-355.94098503926784,634.5189264502691,278.57794141100123
2026-03-13 20:00:00,0.0,-407.4622677115331,1166.999616112812,759.5373484012789
2026-03-13 20:15:00,0.0,-328.8944989367717,1257.0261617675026,928.1316628307309
2026-03-13 20:30:00,0.0,-238.1865785033799,940.0327585157391,701.8461800123592
2026-03-13 20:45:00,0.0,-214.2982934442524,930.8058620743398,716.5075686300873
2026-03-13 21:00:00,0.0,-279.9476740645742,1525.602518333833,1245.6548442692588
2026-03-13 21:15:00,0.0,-220.69978130110093,1409.7114354035384,1189.0116541024374
2026-03-13 21:30:00,0.0,225.24601524139538,-299.4311584351114,-74.18514319371602
2026-03-13 21:45:00,0.0,193.83925273147358,-193.31159175524522,0.5276609762283613
2026-03-13 22:00:00,0.0,-271.1758936740049,1431.0040203142892,1159.8281266402842
2026-03-13 22:15:00,0.0,229.92077276116117,-223.3358259423111,6.584946818850085
2026-03-13 22:30:00,0.0,-311.4049473378302,1407.8727788210267,1096.4678314831965
2026-03-13 22:45:00,0.0,-291.4407696475955,1426.367406329426,1134.9266366818306
2026-03-13 23:00:00,0.0,-329.8900714675772,1357.0911262724703,1027.2010548048931
2026-03-13 23:15:00,0.0,268.37526213801783,-456.55065789022785,-188.17539575221002
2026-03-13 23:30:00,0.0,-287.9260435711699,1608.022659974033,1320.0966164028632
2026-03-13 23:45:00,0.0,278.71674956153385,-141.5678785216574,137.14887103987644
2026-03-14 00:00:00,0.0,-306.11394929405213,1553.1601305915538,1247.0461812975016
2026-03-14 00:15:00,0.0,300.0716890680695,-507.9754674569295,-207.90377838886002
2026-03-14 00:30:00,0.0,-275.9055639369584,917.3898621304152,641.4842981934568
2026-03-14 00:45:00,0.0,-252.44902526256823,204.72849494616364,-47.72053031640459
2026-03-14 01:00:00,0.0,315.586076518562,-341.5513776479814,-25.9653011294194
2026-03-14 01:15:00,0.0,288.5858991889322,-173.76876944448915,114.81712974444306
2026-03-14 01:30:00,0.0,274.0232907098322,-276.22305045975395,-2.199759749921725
2026-03-14 01:45:00,0.0,253.30525582409965,-129.14012508654676,124.16513073755289
2026-03-14 02:00:00,0.0,285.8108913370467,-194.04211507317086,91.76877626387585
2026-03-14 02:15:00,0.0,268.1937107696867,-75.00272588679776,193.19098488288893
2026-03-14 02:30:00,0.0,261.5631368990574,-56.855715111651975,204.7074217874054
2026-03-14 02:45:00,0.0,258.34803821466767,117.306841171181,375.6548793858487
2026-03-14 03:00:00,0.0,187.60853581312577,420.31355219489967,607.9220880080254
2026-03-14 03:15:00,0.0,168.16245995722386,985.6054815081051,1153.767941465329
2026-03-14 03:30:00,0.0,200.0265850490527,78.6600632945369,278.6866483435896
2026-03-14 03:45:00,0.0,215.01931346689676,-28.11147079070848,186.9078426761883
2026-03-14 04:00:00,0.0,223.94702026949759,-40.805964343648775,183.1410559258488
2026-03-14 04:15:00,0.0,207.3828567029093,-41.98699565942163,165.39586104348766
2026-03-14 04:30:00,0.0,207.28048347173254,-45.42971373095833,161.8507697407742
2026-03-14 04:45:00,0.0,207.30667758729126,-26.43839831875282,180.86827926853843
2026-03-14 05:00:00,0.0,250.17775854575382,-77.06413743939049,173.11362110636333
2026-03-14 05:15:00,0.0,282.7792581628903,-57.640580580712026,225.13867758217827
2026-03-14 05:30:00,0.0,250.24000390609373,-57.161093824805825,193.07891008128792
2026-03-14 05:45:00,0.0,277.97444550199106,-42.133290195122626,235.84115530686842
2026-03-14 06:00:00,0.0,253.5180038524992,-57.8287148724173,195.6892889800819
2026-03-14 06:15:00,0.0,263.4837761792557,-62.58315025739171,200.900625921864
2026-03-14 06:30:00,0.0,284.2336494603013,-66.75958120362786,217.47406825667343
2026-03-14 06:45:00,0.0,282.7165186543606,-97.30939422286838,185.4071244314922
2026-03-14 07:00:00,0.0,-273.18248439833917,614.5703697479546,341.38788534961543
2026-03-14 07:15:00,0.0,-277.51332939529675,407.3534320490004,129.84010265370364
2026-03-14 07:30:00,0.0,304.5262122277467,-67.6611937410593,236.86501848668743
2026-03-14 07:45:00,0.0,299.2586080579232,-218.14154586414622,81.11706219377697
2026-03-14 08:00:00,0.0,238.1618724465346,-285.9437801152724,-47.78190766873777
2026-03-14 08:15:00,0.0,330.048978106827,-165.56823626023547,164.48074184659154
2026-03-14 08:30:00,0.0,356.44588990587613,-256.5996389064407,99.84625099943543
2026-03-14 08:45:00,0.0,350.47602499918816,-186.2472536534084,164.22877134577976
2026-03-14 09:00:00,0.0,313.0963147172127,-100.63909545500603,212.45721926220665
2026-03-14 09:15:00,0.0,327.58608132326776,-236.8378897767732,90.74819154649455
2026-03-14 09:30:00,0.0,306.4734273291832,-182.4199996999435,124.0534276292397
2026-03-14 09:45:00,0.0,-267.7873535716193,379.7518200899535,111.96446651833423
2026-03-14 10:00:00,0.0,-295.38959719264346,558.6367663026184,263.24716910997495
2026-03-14 10:15:00,0.0,275.70628108097605,-144.30399993599767,131.4022811449784
2026-03-14 10:30:00,0.0,271.62968982406886,-90.21975921011051,181.40993061395835
2026-03-14 10:45:00,0.0,199.65520536087965,-123.92253011821944,75.7326752426602
2026-03-14 11:00:00,0.0,194.6447402451403,-116.35478978343389,78.28995046170641
2026-03-14 11:15:00,0.0,168.28941863071364,-162.24416036977772,6.045258260935924
2026-03-14 11:30:00,0.0,-180.53022908923086,271.52281129733103,90.99258220810017
2026-03-14 11:45:00,0.0,225.11481610342557,-78.47372695225907,146.6410891511665
2026-03-14 12:00:00,0.0,231.2816437810436,-54.398366473995914,176.8832773070477
2026-03-14 12:15:00,0.0,224.9741715947108,-59.81603151618606,165.15814007852475
2026-03-14 12:30:00,0.0,272.9866225980886,-49.69117645055702,223.2954461475316
2026-03-14 12:45:00,0.0,198.53259514832192,-52.298432941881636,146.2341622064403
2026-03-14 13:00:00,0.0,229.4950700236875,-25.06582846144303,204.42924156224447
2026-03-14 13:15:00,0.0,185.955682370102,-49.191189189026126,136.7644931810759
2026-03-14 13:30:00,0.0,165.6247225858849,100.5889776240979,266.2137002099828
2026-03-14 13:45:00,0.0,143.52942741239244,284.42105602039453,427.950483432787
2026-03-14 14:00:00,0.0,218.64814452534287,-3.9463881260766716,214.7017563992662
2026-03-14 14:15:00,0.0,184.94391790621972,-14.16581488891573,170.778103017304
2026-03-14 14:30:00,0.0,146.72226161305784,-28.719976267856886,118.00228534520096
2026-03-14 14:45:00,0.0,170.37116550889377,-8.124996054810182,162.2461694540836
2026-03-14 15:00:00,0.0,109.11333623157729,19.558020166153696,128.671356397731
2026-03-14 15:15:00,0.0,229.83102968760574,320.3618230051627,550.1928526927684
2026-03-14 15:30:00,0.0,105.53818786586866,361.7200345644885,467.2582224303572
2026-03-14 15:45:00,0.0,200.01494902236234,197.44884970948607,397.46379873184844
2026-03-14 16:00:00,0.0,82.08839775338907,433.39672080507086,515.4851185584599
2026-03-14 16:15:00,0.0,238.77622031005885,349.6840090259829,588.4602293360417
2026-03-14 16:30:00,0.0,286.9742708318202,352.9668588103293,639.9411296421495
2026-03-14 16:45:00,0.0,182.17710365339514,-57.536840099771695,124.64026355362344
2026-03-14 17:00:00,0.0,199.72260947974928,-58.95708700018845,140.76552247956084
2026-03-14 17:15:00,0.0,297.66305953163953,-98.09232103585352,199.57073849578603
2026-03-14 17:30:00,0.0,240.63890923176135,-140.5767013223132,100.06220790944815
2026-03-14 17:45:00,0.0,261.3947795464775,-129.7617164535728,131.63306309290468
2026-03-14 18:00:00,0.0,360.37914971025606,-140.3174928522547,220.06165685800136
2026-03-14 18:15:00,0.0,369.7050988415128,-240.54021847062054,129.16488037089223
2026-03-14 18:30:00,0.0,432.45862261225113,-52.97518780386639,379.48343480838474
2026-03-14 18:45:00,0.0,466.88858486110263,-85.59230211393492,381.2962827471677
2026-03-14 19:00:00,0.0,459.21096636597497,-143.4086437452647,315.80232262071024
2026-03-14 19:15:00,0.0,451.180791268562,-102.81871339312008,348.36207787544197
2026-03-14 19:30:00,0.0,413.8534503102487,-245.30145836512372,168.551991945125
2026-03-14 19:45:00,0.0,368.81598503926773,-331.90305419111303,36.9129308481547
2026-03-14 20:00:00,0.0,438.1372677115334,-309.0109620846089,129.12630562692453
2026-03-14 20:15:00,0.0,384.9944989367716,-351.39095233526115,33.60354660151046
2026-03-14 20:30:00,0.0,346.96157850338,-264.73289952432424,82.22867897905576
2026-03-14 20:45:00,0.0,307.42329344425235,-265.78836207434006,41.634931369912294
2026-03-14 21:00:00,0.0,-361.9476740645743,458.084727905133,96.13705384055868
2026-03-14 21:15:00,0.0,316.12478130110094,-376.99187871241463,-60.867097411313694
2026-03-14 21:30:00,0.0,351.24601524139536,-197.51590545228888,153.73010978910648
2026-03-14 21:45:00,0.0,331.06425273147363,-244.73771628986034,86.32653644161329
2026-03-14 22:00:00,0.0,-360.3758936740048,592.0531911624515,231.67729748844675
2026-03-14 22:15:00,0.0,326.6207727611612,-383.10866075384877,-56.48788799268755
2026-03-14 22:30:00,0.0,-349.6799473378304,463.5421613052428,113.8622139674124
2026-03-14 22:45:00,0.0,-321.4407696475955,639.8898394869422,318.44906983934663
2026-03-14 23:00:00,0.0,344.6900714675772,-177.55685397134764,167.13321749622955
2026-03-14 23:15:00,0.0,307.47526213801797,-277.0629111813925,30.41235095662546
2026-03-14 23:30:00,0.0,322.72604357116984,-250.97177948506882,71.75426408610102
2026-03-14 23:45:00,0.0,311.3417495615337,-47.958484815207164,263.3832647463265
2026-03-15 00:00:00,0.0,346.88894929405205,-416.0639868433835,-69.17503754933142
2026-03-15 00:15:00,0.0,350.9466890680696,-209.08975404694561,141.85693502112397
2026-03-15 00:30:00,0.0,-350.4555639369584,532.6749524711996,182.2193885342412
2026-03-15 00:45:00,0.0,308.7490252625681,-327.9500818645945,-19.20105660202637
2026-03-15 01:00:00,0.0,372.13607651856194,-198.8750486250713,173.26102789349065
2026-03-15 01:15:00,0.0,343.08589918893205,-307.31708218260553,35.768817006326515
2026-03-15 01:30:00,0.0,331.7482907098323,-137.65580241035588,194.09248829947643
2026-03-15 01:45:00,0.0,304.6052558240998,-273.24820917234354,31.357046651756264
2026-03-15 02:00:00,0.0,342.0108913370467,-229.4557460200862,112.5551453169605
2026-03-15 02:15:00,0.0,318.2187107696869,-145.59788832345504,172.62082244623184
2026-03-15 02:30:00,0.0,300.76313689905743,-183.7971453349559,116.96599156410153
2026-03-15 02:45:00,0.0,269.8730382146677,-224.967911591582,44.90512662308569
2026-03-15 03:00:00,0.0,276.08353581312565,-220.61174031716766,55.47179549595799
2026-03-15 03:15:00,0.0,243.28745995722375,-241.93337554037996,1.35408441684379
2026-03-15 03:30:00,0.0,235.25158504905272,-286.24993670546314,-50.99835165641042
2026-03-15 03:45:00,0.0,-270.29431346689677,539.0442551561972,268.74994168930044
2026-03-15 04:00:00,0.0,-238.9220202694975,300.70538782131285,61.78336755181536
2026-03-15 04:15:00,0.0,249.1328567029094,-189.09109911125444,60.04175759165497
2026-03-15 04:30:00,0.0,264.0554834717326,-208.23660103659654,55.81888243513606
2026-03-15 04:45:00,0.0,-266.05667758729123,312.47377815000607,46.417100562714836
2026-03-15 05:00:00,0.0,244.1277585457539,-208.56459735290164,35.56316119285225
2026-03-15 05:15:00,0.0,299.72925816289006,-241.48084448103563,58.24841368185443
2026-03-15 05:30:00,0.0,292.5900039060936,-122.60381146140607,169.98619244468756
2026-03-15 05:45:00,0.0,299.5494455019912,-119.67289509756128,179.87655040442993
2026-03-15 06:00:00,0.0,-244.29300385249906,295.74692292144266,51.453919068943605
2026-03-15 06:15:00,0.0,255.23377617925559,-231.36946689545923,23.86430928379636
2026-03-15 06:30:00,0.0,263.35864946030136,-231.27404930068005,32.08460015962132
2026-03-15 06:45:00,0.0,266.76651865436065,-153.0292098776398,113.73730877672085
2026-03-15 07:00:00,0.0,269.0074843983392,-227.62283403364262,41.3846503646966
2026-03-15 07:15:00,0.0,213.96332939529685,-257.72669888138745,-43.763369486090596
2026-03-15 07:30:00,0.0,249.4262122277467,-188.40378621602545,61.02242601172125
2026-03-15 07:45:00,0.0,-142.7336080579231,233.5250080194914,90.79139996156829
2026-03-15 08:00:00,0.0,284.76187244653465,-130.99747297847046,153.7643994680642
2026-03-15 08:15:00,0.0,-197.9239781068269,414.61360575902023,216.68962765219334
2026-03-15 08:30:00,0.0,-192.42088990587615,407.439422250305,215.01853234442882
2026-03-15 08:45:00,0.0,128.27602499918828,42.10136534456346,170.37739034375176
2026-03-15 09:00:00,0.0,-210.04631471721282,547.2485318207479,337.2022171035351
2026-03-15 09:15:00,0.0,123.88608132326783,917.9290521825583,1041.815133505826
2026-03-15 09:30:00,0.0,77.54842732918343,794.5833339048693,872.1317612340526
2026-03-15 09:45:00,0.0,16.33735357161943,1036.5976514968343,1052.9350050684536
2026-03-15 10:00:00,0.0,0.639597192643536,52.095973971617155,52.73557116426069
2026-03-15 10:15:00,0.0,15.181281080976014,-8.737203672887759,6.444077408088255
2026-03-15 10:30:00,0.0,46.35468982406884,-10.228971225575753,36.12571859849309
2026-03-15 10:45:00,0.0,1.819794639120337,-0.9899443971334109,0.8298502419869261
2026-03-15 11:00:00,0.0,51.66974024514032,-58.01989489171694,-6.35015464657662
2026-03-15 11:15:00,0.0,-0.2644186307134966,97.33711405656554,97.07269542585205
2026-03-15 11:30:00,0.0,8.919770910769117,94.18875911075082,103.10853002151994
2026-03-15 11:45:00,0.0,-3.0898161034255525,59.04872695225905,55.9589108488335
2026-03-15 12:00:00,0.0,38.3566437810437,-67.16332148365093,-28.80667770260723
2026-03-15 12:15:00,0.0,-12.799171594710774,41.16359874197497,28.3644271472642
2026-03-15 12:30:00,0.0,-17.036622598088595,83.24992995291147,66.21330735482287
2026-03-15 12:45:00,0.0,-33.232595148321984,54.075932941881625,20.84333779355964
2026-03-15 13:00:00,0.0,-14.245070023687624,53.93508259099264,39.69001256730502
2026-03-15 13:15:00,0.0,-11.630682370102043,100.90678378353923,89.27610141343717
2026-03-15 13:30:00,0.0,7.150277414115034,46.933691133617415,54.08396854773245
2026-03-15 13:45:00,0.0,-11.754427412392403,42.76804819466943,31.01362078227703
2026-03-15 14:00:00,0.0,6.501855474657155,19.349480667815115,25.85133614247227
2026-03-15 14:15:00,0.0,2.5060820937802903,47.39162977783147,49.89771187161176
2026-03-15 14:30:00,0.0,5.2777383869420715,50.01132480194767,55.28906318888974
2026-03-15 14:45:00,0.0,-12.19616550889376,81.95686957536398,69.76070406647023
2026-03-15 15:00:00,0.0,4.086663768422692,186.86532767876952,190.9519914471922
2026-03-15 15:15:00,0.0,-16.006029687605647,92.91887148218893,76.91284179458329
2026-03-15 15:30:00,0.0,0.1118121341313314,75.00065699216826,75.11246912629959
2026-03-15 15:45:00,0.0,5.785050977637622,225.11315245858054,230.89820343621815
2026-03-15 16:00:00,0.0,14.411602246610979,20.190819798732228,34.602422045343204
2026-03-15 16:15:00,0.0,-2.801220310058927,14.651762051181532,11.850541741122605
2026-03-15 16:30:00,0.0,-29.149270831820235,66.1909890812875,37.041718249467266
2026-03-15 16:45:00,0.0,-3.2771036533950597,60.68447017460048,57.40736652120542
2026-03-15 17:00:00,0.0,-56.5976094797493,12.998940727341257,-43.598668752408045
2026-03-15 17:15:00,0.0,-101.36305953163948,900.5872017264228,799.2241421947833
2026-03-15 17:30:00,0.0,-120.18890923176131,54.763029075166926,-65.42588015659439
2026-03-15 17:45:00,0.0,-104.09477954647762,584.488119488575,480.3933399420973
2026-03-15 18:00:00,0.0,-195.87914971025617,79.83492184557659,-116.04422786467958
2026-03-15 18:15:00,0.0,-160.50509884151265,62.07158327602474,-98.43351556548791
2026-03-15 18:30:00,0.0,-274.208622612251,294.4552308885762,20.246608276325162
2026-03-15 18:45:00,0.0,-300.06358486110264,868.1648647975444,568.1012799364418
2026-03-15 19:00:00,0.0,-311.6109663659747,1725.5932187263238,1413.982252360349
2026-03-15 19:15:00,0.0,-315.2057912685618,1706.9997071449598,1391.793915876398
2026-03-15 19:30:00,0.0,-310.95345031024857,1800.9613096146395,1490.0078593043909
2026-03-15 19:45:00,0.0,-247.21598503926788,65.50591451570912,-181.71007052355876
2026-03-15 20:00:00,0.0,-197.5622677115331,34.41317315494414,-163.14909455658898
2026-03-15 20:15:00,0.0,143.21949893677154,-171.5791886448311,-28.359689708059562
2026-03-15 20:30:00,0.0,211.13657850337995,-331.5504465271859,-120.41386802380595
2026-03-15 20:45:00,0.0,-88.94829344425234,1555.4135468082666,1466.4652533640142
2026-03-15 21:00:00,0.0,-159.94767406457424,1865.8457352386656,1705.8980611740913
2026-03-15 21:15:00,0.0,-109.39978130110097,1654.29113382247,1544.891352521369
2026-03-15 21:30:00,0.0,-132.72101524139543,475.3632240219446,342.64220878054914
2026-03-15 21:45:00,0.0,-78.88925273147353,131.67260814493014,52.783355413456604
2026-03-15 22:00:00,0.0,-136.35089367400496,382.6698996440835,246.31900597007854
2026-03-15 22:15:00,0.0,-81.64577276116121,152.68039343125108,71.03462067008986
2026-03-15 22:30:00,0.0,201.85494733783025,-318.4947384947156,-116.63979115688534
2026-03-15 22:45:00,0.0,-170.09076964759558,196.10106947974506,26.010299832149485
2026-03-15 23:00:00,0.0,-66.06507146757723,382.27790101797586,316.2128295503986
2026-03-15 23:15:00,0.0,-71.90026213801791,328.73792762864804,256.8376654906301
2026-03-15 23:30:00,0.0,-151.57604357116983,428.6313114798754,277.05526790870556
2026-03-15 23:45:00,0.0,-72.84174956153382,326.3924365470027,253.5506869854689
2026-03-16 00:00:00,0.0,129.91394929405206,-21.219481994930764,108.6944672991213
2026-03-16 00:15:00,0.0,-38.896689068069485,77.07849923373605,38.18181016566657
2026-03-16 00:30:00,0.0,20.080563936958463,104.92655758296975,125.0071215199282
2026-03-16 00:45:00,0.0,7.524025262568176,1385.3908027732539,1392.914828035822
2026-03-16 01:00:00,0.0,90.486076518562,-11.080326740921523,79.40574977764048
2026-03-16 01:15:00,0.0,-46.310899188932126,28.16592896833706,-18.144970220595066
2026-03-16 01:30:00,0.0,-33.87329070983228,7.761157881268546,-26.112132828563738
2026-03-16 01:45:00,0.0,-19.35525582409973,34.01866226488863,14.663406440788904
2026-03-16 02:00:00,0.0,42.63589133704666,-13.926849199426199,28.709042137620457
2026-03-16 02:15:00,0.0,28.443710769686778,87.64227411320222,116.085984882889
2026-03-16 02:30:00,0.0,-16.23813689905746,-2.0459056618540354,-18.284042560911494
2026-03-16 02:45:00,0.0,15.698038214667635,0.4485718318396046,16.14661004650724
2026-03-16 03:00:00,0.0,-12.008535813125832,42.371191073315245,30.362655260189413
2026-03-16 03:15:00,0.0,-5.662540042776135,1.9026037163499574,-3.7599363264261783
2026-03-16 03:30:00,0.0,8.101585049052662,86.65310126934182,94.75468631839448
2026-03-16 03:45:00,0.0,33.29431346689668,33.36411683716609,66.65843030406276
2026-03-16 04:00:00,0.0,-18.722020269497467,37.22079837159992,18.498778102102452
2026-03-16 04:15:00,0.0,-1.457856702909348,20.27683185209063,18.818975149181284
2026-03-16 04:30:00,0.0,10.930483471732549,-10.469713730958354,0.46076974077419486
2026-03-16 04:45:00,0.0,1.956677587291231,-13.904722687507672,-11.94804510021644
2026-03-16 05:00:00,0.0,-42.57775854575399,97.64267179923814,55.06491325348416
2026-03-16 05:15:00,0.0,103.45425816289026,36.18926107909376,139.64351924198402
2026-03-16 05:30:00,0.0,134.7150039060937,95.22243853859396,229.93744244468766
2026-03-16 05:45:00,0.0,93.62444550199113,142.8994429214079,236.52388842339906
2026-03-16 06:00:00,0.0,112.69300385249913,-61.714379264619986,50.978624587879146
2026-03-16 06:15:00,0.0,191.15877617925574,-79.30953353352689,111.84924264572885
2026-03-16 06:30:00,0.0,230.3336494603013,-138.6763631065757,91.6572863537256
2026-03-16 06:45:00,0.0,-231.06651865436064,438.8958832804064,207.82936462604576
2026-03-16 07:00:00,0.0,-248.90748439833942,414.75777731096576,165.85029291262634
2026-03-16 07:15:00,0.0,-242.38832939529692,422.9170822975811,180.52875290228417
2026-03-16 07:30:00,0.0,-260.8512122277467,530.9921624463561,270.1409502186094
2026-03-16 07:45:00,0.0,-238.9836080579231,1507.1692431069093,1268.1856350489861
2026-03-16 08:00:00,0.0,-285.7368724465347,434.0031130361065,148.26624058957185
2026-03-16 08:15:00,0.0,248.27397810682683,-355.8564725204708,-107.58249441364396
2026-03-16 08:30:00,0.0,-223.92088990587624,232.71717501579656,8.79628510992032
2026-03-16 08:45:00,0.0,-189.60102499918818,334.9410062629859,145.33998126379774
2026-03-16 09:00:00,0.0,254.17131471721277,-248.9972863650182,5.1740283521945685
2026-03-16 09:15:00,0.0,-203.5610813232679,269.1068423859011,65.54576106263318
2026-03-16 09:30:00,0.0,-153.0234273291834,149.8866664380521,-3.1367608911313027
2026-03-16 09:45:00,0.0,-93.76235357161946,185.9077178144786,92.14536424285913
2026-03-16 10:00:00,0.0,-151.06459719264342,236.78237342554456,85.71777623290114
2026-03-16 10:15:00,0.0,124.10628108097603,21.66977783466875,145.7760589156448
2026-03-16 10:30:00,0.0,92.47968982406883,777.28183241041,869.7615222344788
2026-03-16 10:45:00,0.0,46.855205360879665,1036.7999073285557,1083.6551126894353
2026-03-16 11:00:00,0.0,59.21974024514032,188.448432010015,247.66817225515533
2026-03-16 11:15:00,0.0,-32.71441863071349,-35.590839630222305,-68.3052582609358
2026-03-16 11:30:00,0.0,18.805229089230888,3.673942346969305,22.479171436200193
2026-03-16 11:45:00,0.0,37.989816103425554,-5.978981561807238,32.010834541618316
2026-03-16 12:00:00,0.0,46.156643781043705,-11.202021772657103,34.9546220083866
2026-03-16 12:15:00,0.0,33.97417159471078,13.785201677366702,47.75937327207748
2026-03-16 12:30:00,0.0,45.861622598088594,12.690094563569543,58.55171716165814
2026-03-16 12:45:00,0.0,38.23259514832199,1.7582896065503626,39.990884754872354
2026-03-16 13:00:00,0.0,-30.295070023687618,159.13760323874078,128.84253321505315
2026-03-16 13:15:00,0.0,-10.380682370102043,342.1057263509947,331.7250439808927
2026-03-16 13:30:00,0.0,7.150277414115034,121.05927394418862,128.20955135830366
2026-03-16 13:45:00,0.0,-19.279427412392405,85.3812433752025,66.1018159628101
2026-03-16 14:00:00,0.0,7.3018554746571525,-1.0176298330462226,6.28422564161093
2026-03-16 14:15:00,0.0,-10.618917906219716,705.7826207223497,695.16370281613
2026-03-16 14:30:00,0.0,-35.14726161305792,822.8362773376614,787.6890157246035
2026-03-16 14:45:00,0.0,-70.54616550889375,215.44530633564096,144.8991408267472
2026-03-16 15:00:00,0.0,11.63666376842269,200.24704972307714,211.88371349149983
2026-03-16 15:15:00,0.0,61.306029687605644,26.74855912700054,88.05458881460618
2026-03-16 15:30:00,0.0,71.13818786586867,13.138817414097096,84.27700527996576
2026-03-16 15:45:00,0.0,-92.33994902236236,256.46190245858054,164.12195343621818
2026-03-16 16:00:00,0.0,-26.638397753389018,11.160819798732234,-15.477577954656784
2026-03-16 16:15:00,0.0,-112.77622031005887,105.52852410236306,-7.24769620769581
2026-03-16 16:30:00,0.0,122.12427083182021,-140.42651295173667,-18.302242119916457
2026-03-16 16:45:00,0.0,-108.77710365339509,96.01578679969562,-12.76131685369947
2026-03-16 17:00:00,0.0,211.99760947974923,-206.67765918221224,5.319950297536991
2026-03-16 17:15:00,0.0,171.6130595316395,-176.69360086321126,-5.080541331571766
2026-03-16 17:30:00,0.0,205.33890923176125,-212.73908722550075,-7.400177993739504
2026-03-16 17:45:00,0.0,-224.8197795464776,780.2312438761941,555.4114643297164
2026-03-16 18:00:00,0.0,375.879149710256,-288.70880671118766,87.17034299906834
2026-03-16 18:15:00,0.0,394.23009884151264,-227.18711446155257,167.04298437996007
2026-03-16 18:30:00,0.0,-436.9586226122508,918.2411914502628,481.282568838012
2026-03-16 18:45:00,0.0,-471.26358486110263,1547.1884169114799,1075.9248320503773
2026-03-16 19:00:00,0.0,450.1359663659748,-214.17279608605511,235.9631702799197
2026-03-16 19:15:00,0.0,455.330791268562,-249.47988285798442,205.85090841057757
2026-03-16 19:30:00,0.0,450.0784503102488,-323.13711317244326,126.94133713780553
2026-03-16 19:45:00,0.0,438.4159850392678,-288.7479870942546,149.6679979450132
2026-03-16 20:00:00,0.0,452.3122677115332,-225.79692349303537,226.51534421849783
2026-03-16 20:15:00,0.0,403.04449893677156,-128.62135801284543,274.4231409239261
2026-03-16 20:30:00,0.0,357.5115785033799,-378.006614272178,-20.495035768798118
2026-03-16 20:45:00,0.0,311.34829344425236,-235.13445813806,76.21383530619235
2026-03-16 21:00:00,0.0,-369.92267406457427,744.2961617147996,374.37348765022534
2026-03-16 21:15:00,0.0,303.52478130110103,-151.75407713134692,151.7707041697541
2026-03-16 21:30:00,0.0,-301.59601524139526,754.7680425916005,453.17202735020527
2026-03-16 21:45:00,0.0,-270.53925273147354,783.1615917552449,512.6223390237714
2026-03-16 22:00:00,0.0,338.2758936740049,-375.7069537069413,-37.43106003293639
2026-03-16 22:15:00,0.0,305.3207727611613,-162.96664343125113,142.3541293299102
2026-03-16 22:30:00,0.0,310.4049473378304,-302.76912097893205,7.635826358898328
2026-03-16 22:45:00,0.0,-273.5407696475954,678.6960894869426,405.15531983934716
2026-03-16 23:00:00,0.0,274.8400714675773,-208.07298268820134,66.76708877937594
2026-03-16 23:15:00,0.0,231.65026213801784,-201.17542762864798,30.474834509369856
2026-03-16 23:30:00,0.0,241.85104357116987,-128.5397474902623,113.31129608090757
2026-03-16 23:45:00,0.0,225.34174956153382,-88.278585681105,137.06316388042882
2026-03-17 00:00:00,0.0,314.088949294052,-41.949911753239874,272.1390375408121
2026-03-17 00:15:00,0.0,270.8716890680695,-174.06960150865063,96.80208755941885
2026-03-17 00:30:00,0.0,269.15556393695863,-232.72671069733826,36.428853239620366
2026-03-17 00:45:00,0.0,210.0240252625682,-115.98211615578624,94.04190910678194
2026-03-17 01:00:00,0.0,279.26107651856194,-57.74533130489894,221.515745213663
2026-03-17 01:15:00,0.0,252.1108991889321,-107.79092896833701,144.3199702205951
2026-03-17 01:30:00,0.0,261.99829070983225,-120.01933561672483,141.9789550931074
2026-03-17 01:45:00,0.0,188.43025582409973,-93.1770899925022,95.25316583159753
2026-03-17 02:00:00,0.0,273.9358913370467,-58.71295237876616,215.22293895828057
2026-03-17 02:15:00,0.0,264.6187107696868,-101.74837563342697,162.87033513625983
2026-03-17 02:30:00,0.0,214.83813689905745,-83.22286044660791,131.61527645244954
2026-03-17 02:45:00,0.0,202.77303821466768,-104.9043455675562,97.86869264711147
2026-03-17 03:00:00,0.0,237.6585358131258,-29.48305134635704,208.17548446676878
2026-03-17 03:15:00,0.0,168.43745995722387,-114.25864628365007,54.1788136735738
2026-03-17 03:30:00,0.0,196.75158504905258,-161.61493670546304,35.13664834358954
2026-03-17 03:45:00,0.0,235.3943134668967,-153.0521855681433,82.3421278987534
2026-03-17 04:00:00,0.0,261.22202026949753,-124.44474666209157,136.77727360740596
2026-03-17 04:15:00,0.0,208.33285670290934,-88.88573274083627,119.44712396207306
2026-03-17 04:30:00,0.0,213.48048347173258,-149.56004378278814,63.92043968894444
2026-03-17 04:45:00,0.0,241.28167758729134,-151.71007436875485,89.5716032185365
2026-03-17 05:00:00,0.0,202.70275854575402,-88.14408017297778,114.55867837277624
2026-03-17 05:15:00,0.0,177.25425816289018,-96.82451531093865,80.42974285195153
2026-03-17 05:30:00,0.0,238.79000390609372,-88.23881146140606,150.55119244468767
2026-03-17 05:45:00,0.0,345.22444550199117,-214.9677202601634,130.25672524182778
2026-03-17 06:00:00,0.0,145.81800385249915,-7.821678038986609,137.99632581351253
2026-03-17 06:15:00,0.0,-234.7337761792557,437.56577815909895,202.83200197984326
2026-03-17 06:30:00,0.0,305.8086494603016,-111.929853824943,193.87879563535859
2026-03-17 06:45:00,0.0,396.1165186543607,-101.54696717261429,294.5695514817464
2026-03-17 07:00:00,0.0,421.00748439833933,-89.88979411765784,331.1176902806815
2026-03-17 07:15:00,0.0,343.7133293952968,-152.41386534090373,191.29946405439307
2026-03-17 07:30:00,0.0,438.7762122277467,-125.5193087196016,313.2569035081451
2026-03-17 07:45:00,0.0,326.1086080579232,-168.2932769418188,157.81533111610443
2026-03-17 08:00:00,0.0,467.4118724465347,-93.03077825902665,374.38109418750804
2026-03-17 08:15:00,0.0,397.14897810682703,-153.88558928192174,243.2633888249053
2026-03-17 08:30:00,0.0,350.345889905876,-137.44469307047453,212.90119683540146
2026-03-17 08:45:00,0.0,216.72602499918824,-154.47338048011258,62.25264451907566
2026-03-17 09:00:00,0.0,379.946314717213,-33.359027272858874,346.5872874443541
2026-03-17 09:15:00,0.0,-219.2860813232678,371.1495793402615,151.86349801699367
2026-03-17 09:30:00,0.0,44.52342732918336,-40.14499969994349,4.378427629239873
2026-03-17 09:45:00,0.0,-18.812646428380578,164.0748996106797,145.2622531822991
2026-03-17 10:00:00,0.0,83.33959719264354,270.94649671157305,354.2860939042166
2026-03-17 10:15:00,0.0,-4.093718919023981,541.582629703114,537.48891078409
2026-03-17 10:30:00,0.0,3.8046898240688516,84.27636648208198,88.08105630615083
2026-03-17 10:45:00,0.0,-3.094794639120333,1667.6999073285556,1664.6051126894351
2026-03-17 11:00:00,0.0,3.2447402451403287,1820.2288717379515,1823.4736119830918
2026-03-17 11:15:00,0.0,-6.335581369286506,875.8460711962831,869.5104898269966
2026-03-17 11:30:00,0.0,-17.119770910769116,469.5470879738089,452.4273170630398
2026-03-17 11:45:00,0.0,-4.43518389657445,147.7523320905798,143.31714819400537
2026-03-17 12:00:00,0.0,6.956643781043712,38.663411464340825,45.620055245384535
2026-03-17 12:15:00,0.0,3.2741715947107766,57.8907510483542,61.164922643064976
2026-03-17 12:30:00,0.0,9.7366225980886,66.90007004708852,76.63669264517712
2026-03-17 12:45:00,0.0,-4.267404851678015,63.39453758071995,59.12713272904193
2026-03-17 13:00:00,0.0,-5.670070023687622,685.8701651819854,680.2000951582978
2026-03-17 13:15:00,0.0,0.1806823701020439,33.59266554077496,33.773347910877
2026-03-17 13:30:00,0.0,-7.175277414115034,93.51936616447865,86.34408875036362
2026-03-17 13:45:00,0.0,11.754427412392403,74.59473252746278,86.34915993985518
2026-03-17 14:00:00,0.0,7.3268554746571475,627.2237016695376,634.5505571441947
2026-03-17 14:15:00,0.0,2.5310820937802925,544.2733475834641,546.8044296772443
2026-03-17 14:30:00,0.0,-5.302738386942068,63.866321196429304,58.56358280948724
2026-03-17 14:45:00,0.0,-12.17116550889376,582.5624901370256,570.3913246281319
2026-03-17 15:00:00,0.0,-11.63666376842269,98.1684223212305,86.5317585528078
2026-03-17 15:15:00,0.0,16.006029687605647,81.38802091378426,97.3940506013899
2026-03-17 15:30:00,0.0,-0.08681213413133229,130.7240145117476,130.6372023776163
2026-03-17 15:45:00,0.0,5.660050977637625,-15.40884970948605,-9.748798731848424
2026-03-17 16:00:00,0.0,14.411602246610979,-35.475143078644805,-21.063540832033826
2026-03-17 16:15:00,0.0,2.801220310058927,22.772902102755086,25.574122412814013
2026-03-17 16:30:00,0.0,10.49927083182024,70.69996965368252,81.19924048550276
2026-03-17 16:45:00,0.0,71.90210365339507,34.130529825399535,106.03263347879461
2026-03-17 17:00:00,0.0,28.34760947974928,32.13195936310522,60.4795688428545
2026-03-17 17:15:00,0.0,108.51305953163951,34.77209870518309,143.2851582368226
2026-03-17 17:30:00,0.0,138.93890923176127,43.054019602519865,181.99292883428114
2026-03-17 17:45:00,0.0,-277.44477954647755,1006.9312438761943,729.4864643297168
2026-03-17 18:00:00,0.0,184.72914971025614,-101.213586543408,83.51556316684814
2026-03-17 18:15:00,0.0,190.20509884151272,-103.5519790950309,86.65311974648182
2026-03-17 18:30:00,0.0,303.85862261225105,-179.54956584253037,124.30905676972068
2026-03-17 18:45:00,0.0,445.6135848611029,-91.02980211393493,354.58378274716796
2026-03-17 19:00:00,0.0,450.6859663659748,-95.86398280894853,354.8219835570263
2026-03-17 19:15:00,0.0,455.5057912685617,0.0,455.5057912685617
2026-03-17 19:30:00,0.0,-372.32845031024897,930.3113096146387,557.9828593043898
2026-03-17 19:45:00,0.0,350.415985039268,-246.71838967540393,103.69759536386405
2026-03-17 20:00:00,0.0,361.08726771153334,-114.1520194648324,246.93524824670095
2026-03-17 20:15:00,0.0,344.2444989367715,-153.48397261914033,190.76052631763116
2026-03-17 20:30:00,0.0,297.06157850337996,-57.33788777360878,239.7236907297712
2026-03-17 20:45:00,0.0,266.47329344425236,-131.63008005309996,134.8432133911524
2026-03-17 21:00:00,0.0,280.3476740645742,-65.87286761933305,214.47480644524117
2026-03-17 21:15:00,0.0,218.14978130110094,17.827314596461864,235.9770958975628
2026-03-17 21:30:00,0.0,-180.3460152413953,229.01648466984477,48.67046942844948
2026-03-17 21:45:00,0.0,102.06425273147353,-38.65157443479056,63.41267829668297
2026-03-17 22:00:00,0.0,231.5508936740051,-111.59326642938908,119.95762724461602
2026-03-17 22:15:00,0.0,159.14577276116123,-27.82716518846221,131.31860757269902
2026-03-17 22:30:00,0.0,183.65494733783032,-60.851543789459086,122.80340354837124
2026-03-17 22:45:00,0.0,131.09076964759564,685.9473263006367,817.0380959482324
2026-03-17 23:00:00,0.0,170.66507146757726,54.216009878091306,224.88108134566858
2026-03-17 23:15:00,0.0,100.42526213801786,418.5993421097721,519.02460424779
2026-03-17 23:30:00,0.0,109.45104357116975,-2.789513487665568,106.66153008350418
2026-03-17 23:45:00,0.0,107.01674956153389,1193.653535797238,1300.670285358772
2026-03-18 00:00:00,0.0,112.73894929405196,-26.72672546535306,86.01222382869891
2026-03-18 00:15:00,0.0,99.97168906806954,-70.81248151342602,29.159207554643515
2026-03-18 00:30:00,0.0,81.65556393695846,14.89605118486197,96.55161512182043
2026-03-18 00:45:00,0.0,52.524025262568166,812.8408027732539,865.3648280358221
2026-03-18 01:00:00,0.0,90.08607651856197,57.31117706239298,147.39725358095495
2026-03-18 01:15:00,0.0,64.73589918893217,85.65681714276506,150.39271633169722
2026-03-18 01:30:00,0.0,71.89829070983231,-11.104641928284773,60.79364878154754
2026-03-18 01:45:00,0.0,-51.10525582409973,57.27104899175241,6.16579316765268
2026-03-18 02:00:00,0.0,98.46089133704668,-32.600904757532334,65.85998657951434
2026-03-18 02:15:00,0.0,-75.04371076968675,86.79740101348315,11.753690243796399
2026-03-18 02:30:00,0.0,94.41313689905743,-12.894415271154786,81.51872162790265
2026-03-18 02:45:00,0.0,77.32303821466765,-16.700191981975703,60.62284623269194
2026-03-18 03:00:00,0.0,72.43353581312587,128.61130892668479,201.04484473981066
2026-03-18 03:15:00,0.0,54.08745995722387,158.8688370556736,212.95629701289747
2026-03-18 03:30:00,0.0,68.17658504905265,643.6715189921955,711.8481040412481
2026-03-18 03:45:00,0.0,90.16931346689675,404.9973728504396,495.16668631733637
2026-03-18 04:00:00,0.0,79.42202026949751,13.769741452458065,93.19176172195557
2026-03-18 04:15:00,0.0,60.03285670290934,-5.229659466752628,54.80319723615671
2026-03-18 04:30:00,0.0,68.48048347173258,-0.2661761661710702,68.21430730556152
2026-03-18 04:45:00,0.0,62.0566775872912,2.400018068742581,64.45669565603377
2026-03-18 05:00:00,0.0,54.32775854575397,-16.57981299305399,37.74794555269998
2026-03-18 05:15:00,0.0,77.95425816289023,-14.550527800647298,63.403730362242925
2026-03-18 05:30:00,0.0,82.29000390609363,-9.78815855160543,72.5018453544882
2026-03-18 05:45:00,0.0,84.22444550199111,-21.35061535772479,62.87383014426632
2026-03-18 06:00:00,0.0,-88.59300385249912,148.33146828411336,59.73846443161423
2026-03-18 06:15:00,0.0,-116.83377617925571,84.97861134943678,-31.855164829818932
2026-03-18 06:30:00,0.0,133.8586494603014,-42.31269953378664,91.54594992651475
2026-03-18 06:45:00,0.0,164.7165186543606,-56.191434345228636,108.52508430913198
2026-03-18 07:00:00,0.0,163.18248439833934,-44.661044117657816,118.52144028068153
2026-03-18 07:15:00,0.0,160.6133293952969,-90.38361596235511,70.22971343294178
2026-03-18 07:30:00,0.0,176.72621222774666,-63.76962623033043,112.95658599741623
2026-03-18 07:45:00,0.0,154.70860805792307,-73.96000400974577,80.7486040481773
2026-03-18 08:00:00,0.0,-135.7618724465347,171.7908353958285,36.0289629492938
2026-03-18 08:15:00,0.0,128.34897810682688,-95.30647252047095,33.04250558635593
2026-03-18 08:30:00,0.0,100.47088990587612,-54.173406961118566,46.297482944757554
2026-03-18 08:45:00,0.0,55.701024999188185,-39.27537995819714,16.425645040991043
2026-03-18 09:00:00,0.0,52.396314717212825,-36.461454546441466,15.934860170771358
2026-03-18 09:15:00,0.0,7.036081323267846,96.92597870040707,103.96206002367492
2026-03-18 09:30:00,0.0,21.6234273291834,242.70125047151748,264.3246778007009
2026-03-18 09:45:00,0.0,-9.36264642838057,174.23859089810065,164.87594446972008
2026-03-18 10:00:00,0.0,-3.8854028073564573,93.62786684869081,89.74246404133436
2026-03-18 10:15:00,0.0,-4.118718919023985,319.1463519324474,315.0276330134234
2026-03-18 10:30:00,0.0,3.7046898240688577,1062.73183241041,1066.436522234479
2026-03-18 10:45:00,0.0,-3.3447946391203387,832.9499073285557,829.6051126894354
2026-03-18 11:00:00,0.0,-3.494740245140326,313.09310005549713,309.5983598103568
2026-03-18 11:15:00,0.0,6.335581369286506,417.58938249050493,423.92496385979143
2026-03-18 11:30:00,0.0,17.219770910769117,530.3520145772011,547.5717854879703
2026-03-18 11:45:00,0.0,4.685183896574452,503.197453904518,507.88263780109247
2026-03-18 12:00:00,0.0,6.706643781043702,126.6025899806898,133.3092337617335
2026-03-18 12:15:00,0.0,2.8991715947107832,159.2265357096029,162.1257073043137
2026-03-18 12:30:00,0.0,8.686622598088597,154.6151190800505,163.3017416781391
2026-03-18 12:45:00,0.0,-6.492404851678017,151.0351656194656,144.5427607677876
2026-03-18 13:00:00,0.0,-4.670070023687628,42.77359085009193,38.1035208264043
2026-03-18 13:15:00,0.0,0.19431762989795223,115.97458108079576,116.16889871069371
2026-03-18 13:30:00,0.0,7.425277414115036,33.928885403807826,41.35416281792286
2026-03-18 13:45:00,0.0,-11.504427412392413,1164.8860963893387,1153.3816689769462
2026-03-18 14:00:00,0.0,7.551855474657145,222.34567404432238,229.89752951897952
2026-03-18 14:15:00,0.0,-2.5560820937802915,89.91621730545154,87.36013521167125
2026-03-18 14:30:00,0.0,-5.302738386942068,73.21029199675394,67.90755360981187
2026-03-18 14:45:00,0.0,12.17116550889376,69.16531817121037,81.33648368010414
2026-03-18 15:00:00,0.0,-11.686663768422687,59.47170027692283,47.78503650850014
2026-03-18 15:15:00,0.0,15.98102968760565,69.31215285286528,85.29318254047094
2026-03-18 15:30:00,0.0,-0.13681213413133744,85.94648166213916,85.80966952800783
2026-03-18 15:45:00,0.0,-5.685050977637632,25.37556430492412,19.69051332728649
2026-03-18 16:00:00,0.0,14.636602246610979,-12.072950503169412,2.563651743441566
2026-03-18 16:15:00,0.0,-2.576220310058922,427.6016957944898,425.02547548443084
2026-03-18 16:30:00,0.0,-10.474270831820238,222.87790858425154,212.4036377524313
2026-03-18 16:45:00,0.0,-3.777103653395061,204.25953362433413,200.48242997093905
2026-03-18 17:00:00,0.0,21.4476094797493,348.41059272658725,369.85820220633656
2026-03-18 17:15:00,0.0,-5.611940468360491,298.6062283167379,292.9942878483774
2026-03-18 17:30:00,0.0,15.438909231761297,9.380912774499198,24.819822006260495
2026-03-18 17:45:00,0.0,-7.894779546477616,3.3324975504776653,-4.5622819959999505
2026-03-18 18:00:00,0.0,60.37914971025606,-21.25101553672985,39.128134173526206
2026-03-18 18:15:00,0.0,-80.58009884151264,222.424354009068,141.84425516755536
2026-03-18 18:30:00,0.0,-124.40862261225105,585.2686699079081,460.86004729565707
2026-03-18 18:45:00,0.0,-163.2385848611027,1006.0389960659055,842.8004112048028
2026-03-18 19:00:00,0.0,-134.01096636597472,702.837816385533,568.8268500195583
2026-03-18 19:15:00,0.0,-153.55579126856182,662.6247364304646,509.0689451619028
2026-03-18 19:30:00,0.0,-170.27845031024873,288.02093754768555,117.74248723743682
2026-03-18 19:45:00,0.0,-179.11598503926794,235.48379225655285,56.367807217284906
2026-03-18 20:00:00,0.0,-175.3122677115332,253.19682752123833,77.88455980970514
2026-03-18 20:15:00,0.0,-147.51949893677158,348.4454320513816,200.92593311461002
2026-03-18 20:30:00,0.0,-103.78657850337994,66.1376175071542,-37.64896099622574
2026-03-18 20:45:00,0.0,-47.998293444252354,90.69883005309998,42.70053660884763
2026-03-18 21:00:00,0.0,-107.64767406457429,161.85315804803284,54.20548398345855
2026-03-18 21:15:00,0.0,84.79978130110095,335.7384228686529,420.53820416975384
2026-03-18 21:30:00,0.0,144.1210152413953,486.81884156488854,630.9398568062838
2026-03-18 21:45:00,0.0,17.189252731473545,98.98956742027926,116.1788201517528
2026-03-18 22:00:00,0.0,143.85089367400496,-84.06868727755229,59.78220639645268
2026-03-18 22:15:00,0.0,-106.74577276116116,440.7688476995224,334.0230749383612
2026-03-18 22:30:00,0.0,-117.40494733783032,483.1766060104992,365.7716586726689
2026-03-18 22:45:00,0.0,99.89076964759568,652.6473263006371,752.5380959482328
2026-03-18 23:00:00,0.0,-84.46507146757726,417.26225498932337,332.7971835217461
2026-03-18 23:15:00,0.0,-48.9252621380179,445.40065789022805,396.47539575221015
2026-03-18 23:30:00,0.0,67.3510435711698,-42.91359598441967,24.437447586750125
2026-03-18 23:45:00,0.0,67.74174956153385,77.00247505806625,144.74422461960012
2026-03-19 00:00:00,0.0,69.763949294052,502.8630474856299,572.6269967796819
2026-03-19 00:15:00,0.0,74.87168906806951,1187.4925236829154,1262.364212750985
2026-03-19 00:30:00,0.0,63.75556393695844,1942.3333942676927,2006.0889582046511
2026-03-19 00:45:00,0.0,45.02402526256816,158.42428097063882,203.44830623320698
2026-03-19 01:00:00,0.0,98.98607651856196,163.62934423616827,262.6154207547302
2026-03-19 01:15:00,0.0,62.73589918893212,9.735255357114092,72.47115454604622
2026-03-19 01:30:00,0.0,59.3982907098323,33.289734697216886,92.6880254070492
2026-03-19 01:45:00,0.0,42.60525582409974,6.499599548521831,49.10485537262157
2026-03-19 02:00:00,0.0,66.98589133704668,23.81190080057381,90.79779213762049
2026-03-19 02:15:00,0.0,49.29371076968679,28.810293148244376,78.10400391793117
2026-03-19 02:30:00,0.0,50.13813689905745,39.4328546650441,89.57099156410155
2026-03-19 02:45:00,0.0,47.098038214667646,27.995535915919806,75.09357413058746
2026-03-19 03:00:00,0.0,48.30853581312582,22.162114902322312,70.47065071544813
2026-03-19 03:15:00,0.0,19.637459957223857,15.455531490134186,35.092991447358045
2026-03-19 03:30:00,0.0,30.901585049052652,78.27398734492714,109.17557239397979
2026-03-19 03:45:00,0.0,50.86931346689668,24.145535222565123,75.0148486894618
2026-03-19 04:00:00,0.0,47.2470202694975,34.37403565635123,81.62105592584874
2026-03-19 04:15:00,0.0,24.532856702909356,12.670681066494744,37.2035377694041
2026-03-19 04:30:00,0.0,29.20548347173255,14.904248704254368,44.10973217598692
2026-03-19 04:45:00,0.0,35.606677587291216,11.673110924996932,47.27978851228815
2026-03-19 05:00:00,0.0,40.87775854575397,15.09284538068567,55.97060392643964
2026-03-19 05:15:00,0.0,65.20425816289024,18.699472199352684,83.90373036224292
2026-03-19 05:30:00,0.0,67.51500390609364,28.816623811794358,96.331627717888
2026-03-19 05:45:00,0.0,74.72444550199116,15.809663181571295,90.53410868356245
2026-03-19 06:00:00,0.0,38.26800385249912,-7.464422921442639,30.80358093105648
2026-03-19 06:15:00,0.0,79.35877617925573,17.902177558518158,97.26095373777389
2026-03-19 06:30:00,0.0,87.85864946030136,26.29416879637215,114.15281825667351
2026-03-19 06:45:00,0.0,90.16651865436053,-12.762702582665145,77.40381607169539
2026-03-19 07:00:00,0.0,149.23248439833924,3.088210084015197,152.32069448235444
2026-03-19 07:15:00,0.0,150.61332939529683,14.504700745741664,165.1180301410385
2026-03-19 07:30:00,0.0,205.20121222774674,9.290691280398383,214.49190350814513
2026-03-19 07:45:00,0.0,135.45860805792316,3.1514352135266868,138.61004327144985
2026-03-19 08:00:00,0.0,107.31187244653468,6.887109323615289,114.19898177014997
2026-03-19 08:15:00,0.0,74.69897810682687,11.573821436156432,86.27279954298331
2026-03-19 08:30:00,0.0,50.54588990587614,5.967897202915329,56.51378710879147
2026-03-19 08:45:00,0.0,83.12602499918823,-28.195131002028134,54.9308939971601
2026-03-19 09:00:00,0.0,53.87131471721282,-37.98916363715318,15.882151080059636
2026-03-19 09:15:00,0.0,-7.736081323267844,80.93466347220918,73.19858214894134
2026-03-19 09:30:00,0.0,2.7734273291834,510.6333339048699,513.4067612340533
2026-03-19 09:45:00,0.0,18.187646428380575,59.70533523963687,77.89298166801744
2026-03-19 10:00:00,0.0,4.260402807356459,175.87898383689773,180.1393866442542
2026-03-19 10:15:00,0.0,4.093718919023981,94.4185925262198,98.51231144524378
2026-03-19 10:30:00,0.0,-3.829689824068854,50.209083794795006,46.379393970726156
2026-03-19 10:45:00,0.0,3.119794639120333,115.13006718679712,118.24986182591745
2026-03-19 11:00:00,0.0,-3.194740245140328,208.45007184894604,205.2553316038057
2026-03-19 11:15:00,0.0,-6.335581369286506,613.9678520717575,607.632270702471
2026-03-19 11:30:00,0.0,-17.09477091076912,1480.1479854227991,1463.05321451203
2026-03-19 11:45:00,0.0,-4.43518389657445,1282.1525460954822,1277.7173621989077
2026-03-19 12:00:00,0.0,6.956643781043712,3.0994223506693985,10.056066131713111
2026-03-19 12:15:00,0.0,3.2741715947107766,25.485717435459726,28.759889030170502
2026-03-19 12:30:00,0.0,9.7366225980886,9.29252451648099,19.02914711456959
2026-03-19 12:45:00,0.0,-4.267404851678015,586.8240711097794,582.5566662581014
2026-03-19 13:00:00,0.0,5.670070023687622,186.3564091499081,192.02647917359573
2026-03-19 13:15:00,0.0,0.1806823701020439,1346.022027027435,1346.2027093975369
2026-03-19 13:30:00,0.0,-7.175277414115034,21.013834378857652,13.838556964742619
2026-03-19 13:45:00,0.0,11.754427412392403,76.3037566247975,88.0581840371899
2026-03-19 14:00:00,0.0,-7.3268554746571475,45.883417124354,38.556561649696846
2026-03-19 14:15:00,0.0,-2.5310820937802925,53.85523138885532,51.32414929507503
2026-03-19 14:30:00,0.0,-5.2777383869420715,67.52320986526003,62.24547147831796
2026-03-19 14:45:00,0.0,12.19616550889376,74.76219070546672,86.95835621436048
2026-03-19 15:00:00,0.0,-11.63666376842269,546.2990123766147,534.662348608192
2026-03-19 15:15:00,0.0,16.006029687605647,543.1222570356219,559.1282867232276
2026-03-19 15:30:00,0.0,-0.08681213413133229,634.7986860156633,634.7118738815319
2026-03-19 15:45:00,0.0,-5.660050977637625,580.3740599687909,574.7140089911533
2026-03-19 16:00:00,0.0,-14.38660224661098,40.37178267610931,25.98518042949833
2026-03-19 16:15:00,0.0,2.801220310058927,32.95859035905479,35.75981066911372
2026-03-19 16:30:00,0.0,10.724270831820249,404.67709141574846,415.4013622475687
2026-03-19 16:45:00,0.0,6.427103653395061,651.2615196757419,657.6886233291369
2026-03-19 17:00:00,0.0,28.672609479749287,3.3540889089881096,32.026698388737394
2026-03-19 17:15:00,0.0,163.93805953163957,22.256399136788716,186.1944586684283
2026-03-19 17:30:00,0.0,35.088909231761306,0.4539418496661338,35.54285108142744
2026-03-19 17:45:00,0.0,58.31977954647762,-12.578590841192218,45.7411887052854
2026-03-19 18:00:00,0.0,151.30414971025604,-11.098082348915684,140.20606736134036
2026-03-19 18:15:00,0.0,169.00509884151262,-7.837645647080343,161.16745319443228
2026-03-19 18:30:00,0.0,215.90862261225112,-7.775939019332006,208.1326835929191
2026-03-19 18:45:00,0.0,217.21358486110285,-6.733262536721927,210.48032232438092
2026-03-19 19:00:00,0.0,229.93596636597476,-19.996609363161753,209.939357002813
2026-03-19 19:15:00,0.0,270.53079126856187,-7.34985357248024,263.1809376960816
2026-03-19 19:30:00,0.0,284.1784503102489,-13.566622066953643,270.61182824329524
2026-03-19 19:45:00,0.0,215.39098503926795,-34.69379225655288,180.69719278271506
2026-03-19 20:00:00,0.0,209.86226771153315,-48.25826980292364,161.6039979086095
2026-03-19 20:15:00,0.0,216.19449893677165,-20.964594322415564,195.2299046143561
2026-03-19 20:30:00,0.0,193.7615785033799,-22.900188011446673,170.8613904919332
2026-03-19 20:45:00,0.0,156.27329344425237,-26.153386702066648,130.11990674218572
2026-03-19 21:00:00,0.0,189.3976740645743,-51.20350733353313,138.19416673104115
2026-03-19 21:15:00,0.0,151.57478130110098,-36.5725618011794,115.00221949992158
2026-03-19 21:30:00,0.0,167.49601524139536,519.0188415648886,686.5148568062839
2026-03-19 21:45:00,0.0,115.3392527314735,756.2384082447543,871.5776609762278
2026-03-19 22:00:00,0.0,154.65089367400506,106.0617837485691,260.7126774225742
2026-03-19 22:15:00,0.0,137.72077276116121,1267.714174057689,1405.4349468188502
2026-03-19 22:30:00,0.0,180.90494733783027,-34.68554032631071,146.21940701151956
2026-03-19 22:45:00,0.0,-143.14076964759562,251.87470580197433,108.73393615437871
2026-03-19 23:00:00,0.0,-158.11507146757725,358.70959409325616,200.5945226256789
2026-03-19 23:15:00,0.0,-103.32526213801792,223.93169407590386,120.60643193788594
2026-03-19 23:30:00,0.0,238.17604357116988,-80.33009849415737,157.84594507701252
2026-03-19 23:45:00,0.0,-156.24174956153385,521.8464642027623,365.6047146412284
2026-03-20 00:00:00,0.0,-210.68894929405212,314.3870750901437,103.69812579609157
2026-03-20 00:15:00,0.0,-162.37168906806957,419.9906908764646,257.61900180839507
2026-03-20 00:30:00,0.0,129.4805639369584,-186.83505012410754,-57.35448618714915
2026-03-20 00:45:00,0.0,101.22402526256818,-19.21916798939097,82.00485727317721
2026-03-20 01:00:00,0.0,169.51107651856194,-98.31555090706009,71.19552561150185
2026-03-20 01:15:00,0.0,139.43589918893215,-47.269319047695745,92.16658014123641
2026-03-20 01:30:00,0.0,165.8982907098323,-30.9380769900323,134.9602137198
2026-03-20 01:45:00,0.0,159.78025582409975,-38.05330090295635,121.7269549211434
2026-03-20 02:00:00,0.0,183.58589133704666,-56.81748808321392,126.76840325383274
2026-03-20 02:15:00,0.0,142.01871076968686,-48.74454441509831,93.27416635458854
2026-03-20 02:30:00,0.0,137.83813689905747,-51.473880382806755,86.36425651625072
2026-03-20 02:45:00,0.0,105.92303821466766,-26.148461321317125,79.77457689335053
2026-03-20 03:00:00,0.0,121.48353581312577,-68.21595748793274,53.26757832519303
2026-03-20 03:15:00,0.0,-81.96245995722381,70.80907405743427,-11.15338589978954
2026-03-20 03:30:00,0.0,107.52658504905268,-27.289224680267964,80.23736036878472
2026-03-20 03:45:00,0.0,124.46931346689665,-51.443162372125464,73.0261510947712
2026-03-20 04:00:00,0.0,109.74702026949745,-36.1053878213129,73.64163244818455
2026-03-20 04:15:00,0.0,85.68285670290933,-48.74575857800701,36.93709812490232
2026-03-20 04:30:00,0.0,84.85548347173253,-61.23261399010748,23.622869481625045
2026-03-20 04:45:00,0.0,122.70667758729124,-43.60059285625435,79.10608473103689
2026-03-20 05:00:00,0.0,143.10275854575391,-64.44541607259688,78.65734247315703
2026-03-20 05:15:00,0.0,172.47925816289026,-42.81315975080912,129.66609841208114
2026-03-20 05:30:00,0.0,174.46500390609359,-88.87489964440711,85.59010426168648
2026-03-20 05:45:00,0.0,-147.14944550199115,373.56334204607185,226.4138965440807
2026-03-20 06:00:00,0.0,153.01800385249908,-153.27305048021452,-0.2550466277154442
2026-03-20 06:15:00,0.0,-225.3587761792557,318.2501891653467,92.89141298609098
2026-03-20 06:30:00,0.0,231.90864946030143,-255.69404930068,-23.785399840378574
2026-03-20 06:45:00,0.0,-226.66651865436054,408.5234197552795,181.85690110091898
2026-03-20 07:00:00,0.0,-338.3824843983392,1445.7059663866157,1107.3234819882764
2026-03-20 07:15:00,0.0,-315.4133293952969,1427.9673316761296,1112.5540022808327
2026-03-20 07:30:00,0.0,-372.25121222774675,450.759513712449,78.50830148470226
2026-03-20 07:45:00,0.0,-263.03360805792306,784.5753944855279,521.5417864276048
2026-03-20 08:00:00,0.0,-329.83687244653476,390.8956400576363,61.05876761110153
2026-03-20 08:15:00,0.0,-157.32397810682696,667.935884607216,510.61190650038907
2026-03-20 08:30:00,0.0,-148.19588990587616,420.22463890644053,272.0287490005644
2026-03-20 08:45:00,0.0,-98.70102499918823,427.44713048011266,328.7461054809244
2026-03-20 09:00:00,0.0,-130.57131471721283,671.9877000021712,541.4163852849583
2026-03-20 09:15:00,0.0,-109.73608132326781,141.72305804066858,31.986976717400765
2026-03-20 09:30:00,0.0,-70.07342732918342,260.7604163094564,190.686988980273
2026-03-20 09:45:00,0.0,30.31235357161944,611.2976514968342,641.6100050684536
2026-03-20 10:00:00,0.0,-80.38959719264356,264.55402602838296,184.1644288357394
2026-03-20 10:15:00,0.0,-55.906281080976036,164.02853698488704,108.122255903911
2026-03-20 10:30:00,0.0,-42.504689824068855,297.5745340716721,255.0698442476032
2026-03-20 10:45:00,0.0,8.580205360879663,112.90491659570009,121.48512195657975
2026-03-20 11:00:00,0.0,15.66974024514032,41.847851249322204,57.51759149446252
2026-03-20 11:15:00,0.0,3.1144186307134945,70.96110506795965,74.07552369867315
2026-03-20 11:30:00,0.0,-7.644770910769121,621.9017857872288,614.2570148764597
2026-03-20 11:45:00,0.0,3.9398161034255548,161.85165496206324,165.7914710654888
2026-03-20 12:00:00,0.0,18.606643781043704,4.708844701338794,23.3154884823825
2026-03-20 12:15:00,0.0,12.749171594710784,66.63078466124864,79.37995625595943
2026-03-20 12:30:00,0.0,19.2116225980886,9.950035023544267,29.161657621632866
2026-03-20 12:45:00,0.0,5.207595148321985,807.4279786259233,812.6355737742452
2026-03-20 13:00:00,0.0,10.645070023687623,6443.179834818013,6453.8249048417
2026-03-20 13:15:00,0.0,2.7056823701020476,9.088810810973882,11.79449318107593
2026-03-20 13:30:00,0.0,-3.4002774141150334,32.339197406763354,28.93891999264832
2026-03-20 13:45:00,0.0,14.279427412392405,47.46188493719623,61.74131234958864
2026-03-20 14:00:00,0.0,2.4518554746571515,-40.922686456538884,-38.47083098188173
2026-03-20 14:15:00,0.0,2.4939179062197057,11.5112776666264,14.005195572846105
2026-03-20 14:30:00,0.0,-0.42773838694207267,21.16776826461083,20.74002987766876
2026-03-20 14:45:00,0.0,19.896165508893763,70.9712569040822,90.86742241297596
2026-03-20 15:00:00,0.0,-3.9366637684226955,47.32306828799973,43.386404519577034
2026-03-20 15:15:00,0.0,23.381029687605658,57.38585076148686,80.76688044909251
2026-03-20 15:30:00,0.0,-8.138187865868666,207.0760840370777,198.93789617120902
2026-03-20 15:45:00,0.0,-3.7899490223623715,311.146725435771,307.3567764134086
2026-03-20 16:00:00,0.0,1.636602246610981,44.36360692135517,46.000209167966155
2026-03-20 16:15:00,0.0,17.251220310058926,-20.199933743308307,-2.948713433249381
2026-03-20 16:30:00,0.0,44.399270831820246,-9.130815135479144,35.2684556963411
2026-03-20 16:45:00,0.0,52.427103653395044,-30.266640224486274,22.16046342890877
2026-03-20 17:00:00,0.0,80.19760947974927,-19.104438818541627,61.09317066120765
2026-03-20 17:15:00,0.0,153.48805953163952,-25.182960949532422,128.3050985821071
2026-03-20 17:30:00,0.0,122.66390923176132,-33.06908722550081,89.59482200626051
2026-03-20 17:45:00,0.0,170.24477954647762,-79.77265181024084,90.47212773623677
2026-03-20 18:00:00,0.0,-141.35414971025602,100.9552840267126,-40.39886568354342
2026-03-20 18:15:00,0.0,251.5300988415127,-133.159354009068,118.3707448324447
2026-03-20 18:30:00,0.0,364.2086226122508,-107.72327275782054,256.48534985443024
2026-03-20 18:45:00,0.0,323.6385848611029,-101.52690634180476,222.11167851929815
2026-03-20 19:00:00,0.0,-274.16096636597456,760.7858882581654,486.62492189219086
2026-03-20 19:15:00,0.0,-317.33079126856194,671.1497071449608,353.8189158763988
2026-03-20 19:30:00,0.0,423.178450310249,-162.18065480731963,260.99779550292936
2026-03-20 19:45:00,0.0,307.2909850392679,-161.26510935341113,146.0258756858568
2026-03-20 20:00:00,0.0,-248.2122677115332,943.4423087325886,695.2300410210554
2026-03-20 20:15:00,0.0,238.5194989367716,970.0208113551687,1208.5403102919404
2026-03-20 20:30:00,0.0,225.41157850337996,503.94952997138324,729.3611084747632
2026-03-20 20:45:00,0.0,213.74829344425234,-27.32224138289331,186.42605206135903
2026-03-20 21:00:00,0.0,229.8976740645743,-81.42526100029967,148.47241306427463
2026-03-20 21:15:00,0.0,187.2747813011009,853.1588661775295,1040.4336474786303
2026-03-20 21:30:00,0.0,205.24601524139527,333.7688415648882,539.0148568062834
2026-03-20 21:45:00,0.0,-152.21425273147347,171.29811422867166,19.0838614971982
2026-03-20 22:00:00,0.0,-206.92589367400498,367.02861201061506,160.10271833661008
2026-03-20 22:15:00,0.0,-181.64577276116123,390.15009769952235,208.50432493836112
2026-03-20 22:30:00,0.0,214.77994733783024,-100.32084908420252,114.45909825362772
2026-03-20 22:45:00,0.0,187.39076964759548,-80.58227264445836,106.80849700313712
2026-03-20 23:00:00,0.0,-208.16507146757726,483.4911262724697,275.32605480489246
2026-03-20 23:15:00,0.0,170.42526213801793,-151.6277960506026,18.79746608741533
2026-03-20 23:30:00,0.0,-210.15104357116982,511.8053939766295,301.6543504054597
2026-03-20 23:45:00,0.0,167.76674956153383,-66.6656312354834,101.10111832605043
2026-03-21 00:00:00,0.0,-178.113949294052,264.30327117239693,86.18932187834494
2026-03-21 00:15:00,0.0,-159.87168906806954,253.7532045498291,93.88151548175955
2026-03-21 00:30:00,0.0,-119.15556393695843,187.53530652221508,68.37974258525665
2026-03-21 00:45:00,0.0,-97.32402526256817,271.22079425285,173.89676899028183
2026-03-21 01:00:00,0.0,141.18607651856198,-210.67276594524375,-69.48668942668178
2026-03-21 01:15:00,0.0,-124.73589918893208,277.6699158334273,152.93401664449522
2026-03-21 01:30:00,0.0,134.39829070983228,-166.40114925457593,-32.002858544743646
2026-03-21 01:45:00,0.0,117.43025582409969,-70.67476963131969,46.75548619278
2026-03-21 02:00:00,0.0,140.01089133704664,-121.60377776757548,18.407113569471164
2026-03-21 02:15:00,0.0,123.54371076968674,-58.22805076011237,65.31566000957437
2026-03-21 02:30:00,0.0,109.31313689905744,-31.1443654306576,78.16877146839984
2026-03-21 02:45:00,0.0,106.69803821466765,-30.176950270264893,76.52108794440275
2026-03-21 03:00:00,0.0,100.00853581312583,-79.46186868306025,20.546667130065586
2026-03-21 03:15:00,0.0,-82.63745995722383,65.74809813283956,-16.889361824384267
2026-03-21 03:30:00,0.0,98.80158504905265,-26.546724680267978,72.25486036878468
2026-03-21 03:45:00,0.0,123.39431346689668,-41.26196477743488,82.1323486894618
2026-03-21 04:00:00,0.0,110.97202026949748,-36.22538782131291,74.74663244818457
2026-03-21 04:15:00,0.0,91.83285670290937,-44.93111202983978,46.90174467306959
2026-03-21 04:30:00,0.0,98.83048347173258,-42.950326425320185,55.88015704641239
2026-03-21 04:45:00,0.0,92.35667758729122,-31.530592856254344,60.82608473103687
2026-03-21 05:00:00,0.0,109.80275854575396,-63.54465461931435,46.25810392643961
2026-03-21 05:15:00,0.0,126.9542581628902,-47.520580580712036,79.43367758217816
2026-03-21 05:30:00,0.0,122.51500390609367,-56.000496734606465,66.5145071714872
2026-03-21 05:45:00,0.0,119.5244455019911,-40.963290195122624,78.56115530686847
2026-03-21 06:00:00,0.0,129.24300385249907,-77.49371487241731,51.74928898008176
2026-03-21 06:15:00,0.0,144.88377617925565,-82.4952558034143,62.38852037584135
2026-03-21 06:30:00,0.0,139.83364946030136,-87.06752667936479,52.76612278093657
2026-03-21 06:45:00,0.0,-135.71651865436056,195.70091975527941,59.98440110091886
2026-03-21 07:00:00,0.0,-154.68248439833928,375.37947478996205,220.69699039162276
2026-03-21 07:15:00,0.0,-130.88832939529686,848.0339650923232,717.1456356970264
2026-03-21 07:30:00,0.0,-148.60121222774671,329.30596870529655,180.70475647754984
2026-03-21 07:45:00,0.0,-129.70860805792307,450.7644323301824,321.0558242722593
2026-03-21 08:00:00,0.0,-115.66187244653472,292.0522235972189,176.3903511506842
2026-03-21 08:15:00,0.0,-115.47397810682689,272.6220604337259,157.148082326899
2026-03-21 08:30:00,0.0,-104.54588990587617,238.3309069611186,133.7850170552424
2026-03-21 08:45:00,0.0,-97.17602499918824,204.41862943628163,107.24260443709339
2026-03-21 09:00:00,0.0,-104.77131471721286,269.74832727430623,164.97701255709336
2026-03-21 09:15:00,0.0,-69.56108132326787,90.52201064979644,20.96092932652857
2026-03-21 09:30:00,0.0,-42.673427329183376,180.25833304756534,137.58490571838198
2026-03-21 09:45:00,0.0,-12.537353571619423,127.7821306886871,115.24477711706768
2026-03-21 10:00:00,0.0,-21.114597192643544,426.6053961655008,405.49079897285725
2026-03-21 10:15:00,0.0,-26.531281080976015,314.8764999359976,288.3452188550216
2026-03-21 10:30:00,0.0,-20.404689824068857,223.45908379479494,203.05439397072607
2026-03-21 10:45:00,0.0,-6.580205360879664,433.4963264539415,426.9161210930618
2026-03-21 11:00:00,0.0,-8.419740245140325,49.977253858960886,41.55751361382056
2026-03-21 11:15:00,0.0,0.4605813692865045,57.9277993094141,58.3883806787006
2026-03-21 11:30:00,0.0,10.294770910769122,49.90440473759044,60.199175648359564
2026-03-21 11:45:00,0.0,-8.189816103425557,26.74936347612952,18.559547372703964
2026-03-21 12:00:00,0.0,-28.63164378104372,27.451155298661195,-1.1804884823825255
2026-03-21 12:15:00,0.0,-23.299171594710767,116.86233193552775,93.56316034081698
2026-03-21 12:30:00,0.0,-27.261622598088596,78.17245096703803,50.91082836894944
2026-03-21 12:45:00,0.0,-7.95759514832198,156.87077542573763,148.91318027741565
2026-03-21 13:00:00,0.0,-8.970070023687624,316.99062801603867,308.02055799235103
2026-03-21 13:15:00,0.0,-0.9806823701020464,140.5111891890261,139.53050681892407
2026-03-21 13:30:00,0.0,7.150277414115034,95.1950255124751,102.34530292659014
2026-03-21 13:45:00,0.0,-23.8544274123924,209.0171457849359,185.1627183725435
2026-03-21 14:00:00,0.0,5.026855474657154,231.73422100172257,236.76107647637974
2026-03-21 14:15:00,0.0,2.5310820937802925,518.786167000121,521.3172490939013
2026-03-21 14:30:00,0.0,5.002738386942067,406.07720800324597,411.079946390188
2026-03-21 14:45:00,0.0,-18.296165508893758,185.9456205616614,167.64945505276765
2026-03-21 15:00:00,0.0,0.961663768422699,287.7871677341541,288.74883150257676
2026-03-21 15:15:00,0.0,-26.606029687605645,383.83697908621565,357.23094939861
2026-03-21 15:30:00,0.0,-12.413187865868673,178.20065699216823,165.78746912629956
2026-03-21 15:45:00,0.0,-10.214949022362376,250.60115029051389,240.38620126815152
2026-03-21 16:00:00,0.0,1.886602246610981,231.4954717704043,233.38207401701527
2026-03-21 16:15:00,0.0,-6.5762203100589245,11.801409640945225,5.225189330886301
2026-03-21 16:30:00,0.0,-30.124270831820237,59.09956513547914,28.975294303658902
2026-03-21 16:45:00,0.0,28.302103653395054,594.860533000761,623.1626366541561
2026-03-21 17:00:00,0.0,50.84760947974928,-15.317881454682519,35.52972802506676
2026-03-21 17:15:00,0.0,42.663059531639476,1010.662798273577,1053.3258578052164
2026-03-21 17:30:00,0.0,75.41390923176132,1031.1348546241654,1106.5487638559268
2026-03-21 17:45:00,0.0,72.54477954647761,537.0187561238059,609.5635356702835
2026-03-21 18:00:00,0.0,-112.67914971025604,264.4764558722892,151.79730616203315
2026-03-21 18:15:00,0.0,134.03009884151265,-157.80198937558967,-23.771890534077016
2026-03-21 18:30:00,0.0,199.43362261225107,-110.73218901933205,88.70143359291902
2026-03-21 18:45:00,0.0,230.81358486110278,-66.72768338229592,164.08590147880687
2026-03-21 19:00:00,0.0,-193.01096636597475,347.6494054492169,154.63843908324213
2026-03-21 19:15:00,0.0,233.8307912685619,-107.63742678624013,126.19336448232178
2026-03-21 19:30:00,0.0,250.07845031024874,-160.0803720669536,89.99807824329514
2026-03-21 19:45:00,0.0,248.0909850392678,-175.65372515969463,72.43725987957316
2026-03-21 20:00:00,0.0,212.98726771153315,-189.6875966479796,23.299671063553546
2026-03-21 20:15:00,0.0,210.26949893677167,-152.43959432241564,57.829904614356025
2026-03-21 20:30:00,0.0,200.56157850337996,-130.48272326359293,70.07885523978703
2026-03-21 20:45:00,0.0,-179.37329344425237,235.70732143599332,56.33402799174095
2026-03-21 21:00:00,0.0,218.92267406457432,-132.7165881909329,86.20608587364143
2026-03-21 21:15:00,0.0,180.64978130110094,-154.94556691123518,25.70421438986577
2026-03-21 21:30:00,0.0,-191.42101524139522,311.3483688263336,119.9273535849384
2026-03-21 21:45:00,0.0,-121.31425273147352,110.96483567150374,-10.349417059969781
2026-03-21 22:00:00,0.0,206.5508936740051,-102.68905794775723,103.86183572624786
2026-03-21 22:15:00,0.0,162.54577276116117,-132.02043251106,30.52534025010118
2026-03-21 22:30:00,0.0,197.65494733783038,-101.57975346314844,96.07519387468194
2026-03-21 22:45:00,0.0,-169.29076964759565,185.4792379045859,16.188468256990234
2026-03-21 23:00:00,0.0,178.81507146757724,-112.6514505089879,66.16362095858933
2026-03-21 23:15:00,0.0,133.92526213801798,-99.6303947341367,34.294867403881284
2026-03-21 23:30:00,0.0,159.77604357116977,-65.29316499350821,94.48287857766155
2026-03-21 23:45:00,0.0,142.3417495615338,-63.55332049631217,78.78842906522162
2026-03-22 00:00:00,0.0,219.73894929405205,16.50708181464352,236.24603110869558
2026-03-22 00:15:00,0.0,192.8466890680694,-82.5072093630385,110.3394797050309
2026-03-22 00:30:00,0.0,176.9305639369585,-43.280393206938264,133.65017073002022
2026-03-22 00:45:00,0.0,118.42402526256814,-78.94826248857665,39.47576277399149
2026-03-22 01:00:00,0.0,204.686076518562,-89.12815804582046,115.55791847274155
2026-03-22 01:15:00,0.0,147.56089918893213,-74.46190416673379,73.09899502219834
2026-03-22 01:30:00,0.0,126.87329070983226,-37.86653320636888,89.00675750346338
2026-03-22 01:45:00,0.0,100.60525582409977,-58.912089992502175,41.6931658315976
2026-03-22 02:00:00,0.0,147.36089133704664,-51.30934919942618,96.05154213762046
2026-03-22 02:15:00,0.0,111.04371076968677,-88.9133296938062,22.130381075880564
2026-03-22 02:30:00,0.0,105.46313689905746,-78.0929413477161,27.370195551341354
2026-03-22 02:45:00,0.0,102.29803821466763,-47.582953033027955,54.71508518163967
2026-03-22 03:00:00,0.0,-108.13353581312583,126.85699704895278,18.723461235826946
2026-03-22 03:15:00,0.0,82.13745995722388,-52.506420359055284,29.6310395981686
2026-03-22 03:30:00,0.0,99.27658504905264,-26.539240503902192,72.73734454515045
2026-03-22 03:45:00,0.0,121.09431346689668,-59.47533677079809,61.61897669609859
2026-03-22 04:00:00,0.0,119.5970202694975,-44.43200958946862,75.16501068002889
2026-03-22 04:15:00,0.0,90.40785670290936,-58.585617197273905,31.82223950563545
2026-03-22 04:30:00,0.0,96.5304834717326,-36.227638601383795,60.3028448703488
2026-03-22 04:45:00,0.0,92.00667758729122,-15.4622689062564,76.54440868103482
2026-03-22 05:00:00,0.0,89.102758545754,-46.73609162626033,42.36666691949367
2026-03-22 05:15:00,0.0,112.35425816289018,-33.14536946045311,79.20888870243706
2026-03-22 05:30:00,0.0,107.9150039060936,-65.34587618820565,42.56912771788795
2026-03-22 05:45:00,0.0,98.22444550199111,-34.24562178590828,63.978823716082836
2026-03-22 06:00:00,0.0,100.3430038524991,-28.48221146072132,71.86079239177778
2026-03-22 06:15:00,0.0,115.30877617925569,-40.483022355684604,74.82575382357109
2026-03-22 06:30:00,0.0,112.85864946030136,-34.77867691247148,78.07997254782988
2026-03-22 06:45:00,0.0,106.11651865436056,1299.2301458994918,1405.3466645538524
2026-03-22 07:00:00,0.0,145.58248439833926,235.27492857137636,380.8574129697156
2026-03-22 07:15:00,0.0,105.46332939529684,0.8247007457416624,106.2880301410385
2026-03-22 07:30:00,0.0,130.52621222774673,-8.930968705296497,121.59524352245023
2026-03-22 07:45:00,0.0,103.20860805792306,-17.836064786473298,85.37254327144976
2026-03-22 08:00:00,0.0,126.01187244653467,-5.1017788777752076,120.91009356875946
2026-03-22 08:15:00,0.0,86.94897810682693,12.62867445784272,99.57765256466965
2026-03-22 08:30:00,0.0,66.37088990587617,0.20036109355939297,66.57125099943556
2026-03-22 08:45:00,0.0,27.476024999188205,-12.047756784901368,15.428268214286836
2026-03-22 09:00:00,0.0,54.82131471721281,-20.160409092882936,34.66090562432987
2026-03-22 09:15:00,0.0,13.661081323267847,4.552312832354767,18.213394155622616
2026-03-22 09:30:00,0.0,2.926572670816604,475.1879161379957,478.1144888088123
2026-03-22 09:45:00,0.0,18.812646428380578,355.5915852396368,374.40423166801736
2026-03-22 10:00:00,0.0,4.310402807356461,399.15039616550064,403.4607989728571
2026-03-22 10:15:00,0.0,4.118718919023985,424.02696288710854,428.14568180613253
2026-03-22 10:30:00,0.0,-2.6046898240688527,415.0724882614119,412.46779843734305
2026-03-22 10:45:00,0.0,5.019794639120336,470.1375810875137,475.15737572663403
2026-03-22 11:00:00,0.0,-0.5802597548596717,105.12704097725886,104.54678122239919
2026-03-22 11:15:00,0.0,-11.585581369286508,151.81061750949513,140.22503614020863
2026-03-22 11:30:00,0.0,-25.619770910769105,96.42308615165871,70.8033152408896
2026-03-22 11:45:00,0.0,-14.410183896574448,83.6983505287726,69.28816663219814
2026-03-22 12:00:00,0.0,-3.181643781043703,133.78889913298153,130.60725535193782
2026-03-22 12:15:00,0.0,0.450828405289225,7.014932774211099,7.465761179500324
2026-03-22 12:30:00,0.0,-7.236622598088601,252.57112041288613,245.33449781479754
2026-03-22 12:45:00,0.0,7.992404851678014,44.97296444511044,52.96536929678845
2026-03-22 13:00:00,0.0,4.054929976312377,40.11381194324451,44.168741919556886
2026-03-22 13:15:00,0.0,9.544317629897957,475.7865743239369,485.33089195383485
2026-03-22 13:30:00,0.0,15.400277414115024,113.3486067547598,128.74888416887484
2026-03-22 13:45:00,0.0,4.229427412392408,93.05112288852888,97.28055030092129
2026-03-22 14:00:00,0.0,12.55185547465716,233.9427762521534,246.49463172681055
2026-03-22 14:15:00,0.0,5.481082093780292,264.69680583343404,270.17788792721433
2026-03-22 14:30:00,0.0,5.252738386942076,36.87132480194764,42.124063188889714
2026-03-22 14:45:00,0.0,-19.54616550889375,17.554059294533268,-1.9921062143604829
2026-03-22 15:00:00,0.0,11.686663768422687,2.8909658560001312,14.577629624422817
2026-03-22 15:15:00,0.0,16.006029687605647,-45.16904505575631,-29.16301536815066
2026-03-22 15:30:00,0.0,-14.563187865868677,274.4448997362944,259.88171187042576
2026-03-22 15:45:00,0.0,5.660050977637625,83.28022109963779,88.94027207727541
2026-03-22 16:00:00,0.0,14.26160224661098,52.82704949683059,67.08865174344157
2026-03-22 16:15:00,0.0,25.27622031005894,-44.80046235866276,-19.524242048603824
2026-03-22 16:30:00,0.0,27.79927083182024,-20.555582530059976,7.243688301760265
2026-03-22 16:45:00,0.0,-3.2521036533950594,62.89473349961948,59.642629846224416
2026-03-22 17:00:00,0.0,120.72260947974934,-36.83364436404757,83.88896511570177
2026-03-22 17:15:00,0.0,60.86305953163951,-62.968861165335205,-2.105801633695698
2026-03-22 17:30:00,0.0,-72.31390923176133,149.01908722550084,76.70517799373951
2026-03-22 17:45:00,0.0,117.01977954647765,-144.89452742262137,-27.874747876143715
2026-03-22 18:00:00,0.0,150.20414971025602,-262.8066050333907,-112.6024553231347
2026-03-22 18:15:00,0.0,-148.6550988415127,285.89455191857104,137.23945307705833
2026-03-22 18:30:00,0.0,-207.3336226122511,579.9633158425303,372.62969323027914
2026-03-22 18:45:00,0.0,-298.43858486110287,983.9587064886929,685.52012162759
2026-03-22 19:00:00,0.0,-279.8609663659748,221.05762655421324,-58.80333981176153
2026-03-22 19:15:00,0.0,318.6057912685619,-394.09480964422437,-75.48901837566245
2026-03-22 19:30:00,0.0,-361.22845031024866,1191.7113096146393,830.4828593043906
2026-03-22 19:45:00,0.0,299.81598503926807,-300.8552187068219,-1.0392336675538445
2026-03-22 20:00:00,0.0,-260.23726771153315,248.62173121135004,-11.615536500183111
2026-03-22 20:15:00,0.0,-192.8944989367717,335.00761460629457,142.11311566952287
2026-03-22 20:30:00,0.0,-195.41157850337993,486.15654376788547,290.74496526450554
2026-03-22 20:45:00,0.0,-177.19829344425236,807.5821921274402,630.3838986831878
2026-03-22 21:00:00,0.0,-211.92267406457427,667.2343014289992,455.3116273644249
2026-03-22 21:15:00,0.0,-166.54978130110092,287.8220385656734,121.27225726457246
2026-03-22 21:30:00,0.0,-192.9960152413953,290.3348002566779,97.33878501528261
2026-03-22 21:45:00,0.0,-127.38925273147356,201.28905711433575,73.89980438286219
2026-03-22 22:00:00,0.0,-214.05089367400507,267.65450388489944,53.603610210894374
2026-03-22 22:15:00,0.0,-192.09577276116121,419.0848912139444,226.98911845278317
2026-03-22 22:30:00,0.0,-249.3049473378302,284.8352165999862,35.530269262156
2026-03-22 22:45:00,0.0,-183.16576964759562,489.56450527452216,306.3987356269265
2026-03-22 23:00:00,0.0,-196.99007146757722,116.97338615056108,-80.01668531701614
2026-03-22 23:15:00,0.0,-130.8752621380179,499.04304275943804,368.16778062142015
2026-03-22 23:30:00,0.0,-234.52604357116974,221.4149629857181,-13.111080585451646
2026-03-22 23:45:00,0.0,-151.91674956153383,239.68243654700282,87.76568698546899
2026-03-23 00:00:00,0.0,-254.66394929405212,1317.81732014423,1063.153370850178
2026-03-23 00:15:00,0.0,-186.12168906806957,19.472803544062025,-166.64888552400754
2026-03-23 00:30:00,0.0,-127.55556393695848,0.0,-127.55556393695848
2026-03-23 00:45:00,0.0,-77.77402526256817,0.0,-77.77402526256817
2026-03-23 01:00:00,0.0,-146.23607651856193,1796.2110942074914,1649.9750176889295
2026-03-23 01:15:00,0.0,-150.36089918893202,1444.5909104763134,1294.2300112873813
2026-03-23 01:30:00,0.0,-306.4982907098324,2519.673209641424,2213.1749189315915
2026-03-23 01:45:00,0.0,-270.1802558240997,829.8308790820482,559.6506232579486
2026-03-23 02:00:00,0.0,-319.1358913370466,218.04889682066005,-101.08699451638654
2026-03-23 02:15:00,0.0,-218.3437107696868,266.39878172507014,48.05507095538334
2026-03-23 02:30:00,0.0,-238.91313689905746,318.86541028710496,79.9522733880475
2026-03-23 02:45:00,0.0,-173.19803821466763,571.567911591582,398.3698733769143
2026-03-23 03:00:00,0.0,-220.8335358131259,51.53796717076504,-169.29556864236088
2026-03-23 03:15:00,0.0,-153.61245995722382,105.4183555475685,-48.194104409655324
2026-03-23 03:30:00,0.0,-148.4015850490526,89.9053322771462,-58.49625277190641
2026-03-23 03:45:00,0.0,-150.7943134668966,295.810336770798,145.01602330390142
2026-03-23 04:00:00,0.0,-142.0470202694974,79.89391159221368,-62.153108677283726
2026-03-23 04:15:00,0.0,-103.70785670290934,35.311616370418136,-68.3962403324912
2026-03-23 04:30:00,0.0,-142.98048347173255,274.119689119682,131.13920564794944
2026-03-23 04:45:00,0.0,-122.38167758729128,124.79662983125337,2.414952243962091
2026-03-23 05:00:00,0.0,-145.60275854575391,498.3466947058033,352.74393616004943
2026-03-23 05:15:00,0.0,-152.30425816289022,190.8755278006473,38.57126963775707
2026-03-23 05:30:00,0.0,222.36500390609362,-117.85577019080795,104.50923371528567
2026-03-23 05:45:00,0.0,230.24944550199106,-311.1115803902453,-80.86213488825425
2026-03-23 06:00:00,0.0,-197.04300385249917,861.6314682841133,664.5884644316142
2026-03-23 06:15:00,0.0,-304.8837761792556,289.53137790170723,-15.352398277548389
2026-03-23 06:30:00,0.0,-396.4086494603014,589.4222540580495,193.0136045977481
2026-03-23 06:45:00,0.0,-447.81651865436055,1789.1198541005076,1341.303335446147
2026-03-23 07:00:00,0.0,-475.73248439833924,426.18973739498085,-49.542747003358386
2026-03-23 07:15:00,0.0,-465.6383293952967,249.95433291903248,-215.6839964762642
2026-03-23 07:30:00,0.0,-460.4512122277466,264.67639873390675,-195.77481349383987
2026-03-23 07:45:00,0.0,-360.80860805792315,682.5366404757824,321.72803241785925
2026-03-23 08:00:00,0.0,-485.7368724465348,10786.554447194445,10300.81757474791
2026-03-23 08:15:00,0.0,-402.69897810682676,9559.594120867449,9156.895142760623
2026-03-23 08:30:00,0.0,-322.89588990587606,727.7709069611186,404.87501705524255
2026-03-23 08:45:00,0.0,-251.5260249991883,1569.5865093944792,1318.0604843952908
2026-03-23 09:00:00,0.0,-246.04631471721277,831.2485363650176,585.2022216478048
2026-03-23 09:15:00,0.0,-200.9360813232679,935.8925686904648,734.9564873671969
2026-03-23 09:30:00,0.0,-268.82342732918335,1021.9274996142132,753.1040722850298
2026-03-23 09:45:00,0.0,-156.8873535716194,530.2508806886868,373.3635271170674
2026-03-23 10:00:00,0.0,-168.53959719264355,1343.7553961655003,1175.2157989728566
2026-03-23 10:15:00,0.0,84.90628108097603,930.9662963911146,1015.8725774720906
2026-03-23 10:30:00,0.0,48.92968982406886,636.9318324104097,685.8615222344786
2026-03-23 10:45:00,0.0,3.0697946391203375,221.15009267144433,224.21988731056467
2026-03-23 11:00:00,0.0,-10.719740245140326,182.27112826204836,171.55138801690805
2026-03-23 11:15:00,0.0,49.4644186307135,297.75243225664644,347.21685088735995
2026-03-23 11:30:00,0.0,40.38022908923085,2263.797985422799,2304.1782145120296
2026-03-23 11:45:00,0.0,-4.185183896574444,2088.8025460954823,2084.617362198908
2026-03-23 12:00:00,0.0,12.03164378104371,1181.3942235066938,1193.4258672877374
2026-03-23 12:15:00,0.0,54.49917159471084,463.5402689031557,518.0394404978665
2026-03-23 12:30:00,0.0,85.93662259808859,19.100070047088543,105.03669264517714
2026-03-23 12:45:00,0.0,-33.257595148321975,280.9510864063648,247.69349125804285
2026-03-23 13:00:00,0.0,-5.795070023687626,620.9484110524359,615.1533410287483
2026-03-23 13:15:00,0.0,-2.730682370102049,224.89678378353915,222.1661014134371
2026-03-23 13:30:00,0.0,7.150277414115034,65.2394427019039,72.38972011601894
2026-03-23 13:45:00,0.0,-11.779427412392405,370.4649198822707,358.6854924698783
2026-03-23 14:00:00,0.0,-52.498144525342845,497.45330387736857,444.9551593520257
2026-03-23 14:15:00,0.0,-20.993917906219707,373.4003521112051,352.40643420498543
2026-03-23 14:30:00,0.0,-47.49726161305793,414.477208003246,366.97994639018805
2026-03-23 14:45:00,0.0,-12.221165508893758,199.45624506851274,187.23507955961898
2026-03-23 15:00:00,0.0,-20.138336231577306,481.4057516012313,461.26741536965403
2026-03-23 15:15:00,0.0,46.231029687605655,135.4931771879195,181.72420687552517
2026-03-23 15:30:00,0.0,40.438187865868656,-23.561051187469264,16.877136678399392
2026-03-23 15:45:00,0.0,-13.08994902236237,39.14743352700929,26.057484504646922
2026-03-23 16:00:00,0.0,-4.738397753389019,14.218627223256824,9.480229469867805
2026-03-23 16:15:00,0.0,83.95122031005894,-116.79993374330829,-32.848713433249344
2026-03-23 16:30:00,0.0,-88.52427083182023,172.84956513547917,84.32529430365894
2026-03-23 16:45:00,0.0,139.15210365339507,15.68842640060883,154.8405300540039
2026-03-23 17:00:00,0.0,139.2976094797492,-75.68561472771817,63.61199475203104
2026-03-23 17:15:00,0.0,-182.31305953163945,240.81668112217466,58.503621590535204
2026-03-23 17:30:00,0.0,-205.38890923176132,982.9151453758346,777.5262361440733
2026-03-23 17:45:00,0.0,219.91977954647757,-175.42405974428735,44.49571980219022
2026-03-23 18:00:00,0.0,207.92914971025607,-174.37101553672983,33.55813417352624
2026-03-23 18:15:00,0.0,273.6800988415127,-67.60067683260817,206.07942200890452
2026-03-23 18:30:00,0.0,341.68362261225104,-123.94456584253045,217.7390567697206
2026-03-23 18:45:00,0.0,608.3135848611026,-438.0942084557396,170.21937640536305
2026-03-23 19:00:00,0.0,-459.96096636597457,1867.743218726324,1407.7822523603493
2026-03-23 19:15:00,0.0,-566.4557912685618,998.1873169655998,431.731525697038
2026-03-23 19:30:00,0.0,-582.5034503102486,1100.092916730247,517.5894664199984
2026-03-23 19:45:00,0.0,-532.290985039268,1199.0391699973964,666.7481849581284
2026-03-23 20:00:00,0.0,-546.2122677115331,1009.9650006761822,463.7527329646491
2026-03-23 20:15:00,0.0,-386.51949893677164,674.7656348901736,288.24613595340196
2026-03-23 20:30:00,0.0,-353.5865785033799,1455.210423025755,1101.6238445223753
2026-03-23 20:45:00,0.0,-318.62329344425257,1014.0616440955799,695.4383506513274
2026-03-23 21:00:00,0.0,-356.9476740645743,569.5831874764333,212.635513411859
2026-03-23 21:15:00,0.0,-307.69978130110104,716.6749019479207,408.9751206468197
2026-03-23 21:30:00,0.0,-290.79601524139525,670.3021371393113,379.50612189791605
2026-03-23 21:45:00,0.0,-239.8142527314735,785.2015744347898,545.3873217033163
2026-03-23 22:00:00,0.0,307.3508936740049,-312.0590077697989,-4.708114095793974
2026-03-23 22:15:00,0.0,249.89577276116114,-237.29563899663776,12.600133764523378
2026-03-23 22:30:00,0.0,380.12994733783034,-190.3860034631484,189.74394387468195
2026-03-23 22:45:00,0.0,369.14076964759556,-105.91540105490444,263.2253685926911
2026-03-23 23:00:00,0.0,377.9650714675772,-107.04947525449393,270.9155962130833
2026-03-23 23:15:00,0.0,233.32526213801788,1242.0493421097726,1475.3746042477906
2026-03-23 23:30:00,0.0,310.2760435711699,-23.903263487665566,286.3727800835043
2026-03-23 23:45:00,0.0,244.86674956153382,-36.831704445621554,208.03504511591228
2026-03-24 00:00:00,0.0,335.7139492940519,-292.8315848845102,42.88236440954165
2026-03-24 00:15:00,0.0,-210.64668906806946,660.5969630268522,449.95027395878276
2026-03-24 00:30:00,0.0,159.25556393695845,-276.58728824190734,-117.33172430494889
2026-03-24 00:45:00,0.0,-140.4240252625681,74.28657522348894,-66.13745003907917
2026-03-24 01:00:00,0.0,-230.3360765185619,261.3718806906332,31.035804172071295
2026-03-24 01:15:00,0.0,-176.4358991889321,295.70762400801647,119.27172481908437
2026-03-24 01:30:00,0.0,-186.4482907098323,232.8404443386407,46.392153628808416
2026-03-24 01:45:00,0.0,-132.80525582409976,360.8780958992073,228.07284007510756
2026-03-24 02:00:00,0.0,-167.7608913370467,155.84787301004314,-11.913018327003556
2026-03-24 02:15:00,0.0,-158.09371076968668,258.927953298118,100.8342425284313
2026-03-24 02:30:00,0.0,-144.56313689905744,94.72194019140336,-49.84119670765408
2026-03-24 02:45:00,0.0,145.29803821466766,-44.51689501500366,100.781143199664
2026-03-24 03:00:00,0.0,-146.1085358131258,275.1978850976777,129.08934928455193
2026-03-24 03:15:00,0.0,-128.13745995722388,334.45838886892113,206.32092891169725
2026-03-24 03:30:00,0.0,-141.90158504905267,131.23139240312176,-10.67019264593091
2026-03-24 03:45:00,0.0,-166.49431346689676,167.88033677079807,1.386023303901311
2026-03-24 04:00:00,0.0,-152.17202026949744,183.7128231844274,31.54080291492997
2026-03-24 04:15:00,0.0,-134.23285670290932,242.80808185209077,108.57522514918145
2026-03-24 04:30:00,0.0,-141.93048347173254,221.31261399010748,79.38213051837494
2026-03-24 04:45:00,0.0,136.0566775872912,-78.39092646875898,57.66575111853223
2026-03-24 05:00:00,0.0,143.2027585457539,-149.66020043244453,-6.457441886690617
2026-03-24 05:15:00,0.0,170.2292581628903,-167.77808058071207,2.451177582178218
2026-03-24 05:30:00,0.0,176.16500390609363,-169.34283491760758,6.822168988486055
2026-03-24 05:45:00,0.0,-189.72444550199126,428.29760370189825,238.573158199907
2026-03-24 06:00:00,0.0,-180.11800385249913,160.09562926461996,-20.02237458787917
2026-03-24 06:15:00,0.0,-224.33377617925575,1409.815778159099,1185.4820019798433
2026-03-24 06:30:00,0.0,-232.80864946030138,299.42439500952344,66.61574554922205
2026-03-24 06:45:00,0.0,-263.11651865436045,421.76389787035555,158.6473792159951
2026-03-24 07:00:00,0.0,328.23248439833924,-181.35193907565025,146.880545322689
2026-03-24 07:15:00,0.0,-291.5133293952968,326.3203990056777,34.80706961038089
2026-03-24 07:30:00,0.0,-272.9762122277466,507.69611743920314,234.71990521145653
2026-03-24 07:45:00,0.0,-232.38360805792323,202.82365939810947,-29.559948659813756
2026-03-24 08:00:00,0.0,321.0618724465348,-232.65608477707997,88.40578766945481
2026-03-24 08:15:00,0.0,256.2239781068268,-229.0910315855298,27.132946521296986
2026-03-24 08:30:00,0.0,225.19588990587621,-162.99590696111858,62.199982944757636
2026-03-24 08:45:00,0.0,158.45102499918815,-183.9258804801127,-25.47485548092456
2026-03-24 09:00:00,0.0,232.77131471721273,-133.16819091001204,99.60312380720069
2026-03-24 09:15:00,0.0,188.9110813232678,-94.93576064979648,93.97532067347133
2026-03-24 09:30:00,0.0,156.6734273291834,-69.88666635232178,86.78676097686161
2026-03-24 09:45:00,0.0,79.01235357161943,1145.5476514968348,1224.5600050684543
2026-03-24 10:00:00,0.0,-90.11459719264354,266.1152338368977,176.00063664425414
2026-03-24 10:15:00,0.0,-53.83128108097602,130.22527770666403,76.393996625688
2026-03-24 10:30:00,0.0,28.42968982406887,1423.6818324104102,1452.111522234479
2026-03-24 10:45:00,0.0,-3.0697946391203375,395.90991659570017,392.8401219565798
2026-03-24 11:00:00,0.0,5.6947402451403315,-0.0,5.6947402451403315
2026-03-24 11:15:00,0.0,-5.5855813692865075,18.01579631321213,12.430214943925623
2026-03-24 11:30:00,0.0,-17.119770910769116,604.4087912536793,587.2890203429101
2026-03-24 11:45:00,0.0,-4.43518389657445,989.0420368763859,984.6068529798114
2026-03-24 12:00:00,0.0,6.981643781043704,890.948312042353,897.9299558233967
2026-03-24 12:15:00,0.0,3.299171594710778,849.0321018870371,852.3312734817479
2026-03-24 12:30:00,0.0,9.761622598088598,809.9000910612152,819.6617136593038
2026-03-24 12:45:00,0.0,-4.267404851678015,503.46828555488963,499.2008807032116
2026-03-24 13:00:00,0.0,5.695070023687623,584.4304215385572,590.1254915622449
2026-03-24 13:15:00,0.0,0.2056823701020451,724.1075168921468,724.3131992622489
2026-03-24 13:30:00,0.0,-7.175277414115034,908.0568661644785,900.8815887503634
2026-03-24 13:45:00,0.0,11.754427412392403,966.3311228885286,978.085550300921
2026-03-24 14:00:00,0.0,-7.351855474657149,703.8151215400159,696.4632660653588
2026-03-24 14:15:00,0.0,-2.5310820937802925,562.1961896388251,559.6651075450449
2026-03-24 14:30:00,0.0,-5.2777383869420715,705.518233597403,700.240495210461
2026-03-24 14:45:00,0.0,-12.246165508893753,1071.4124901370255,1059.1663246281319
2026-03-24 15:00:00,0.0,-11.63666376842269,1109.1541303876922,1097.5174666192695
2026-03-24 15:15:00,0.0,16.006029687605647,1339.5206771879189,1355.5267068755245
2026-03-24 15:30:00,0.0,0.08681213413133229,1532.1513139843366,1532.238126118468
2026-03-24 15:45:00,0.0,5.660050977637625,654.6185838175232,660.2786347951609
2026-03-24 16:00:00,0.0,14.38660224661098,-8.17241782706012,6.214184419550861
2026-03-24 16:15:00,0.0,2.801220310058927,-1.3624171791353712,1.4388031309235556
2026-03-24 16:30:00,0.0,-10.999270831820247,-0.3467435241316812,-11.34601435595193
2026-03-24 16:45:00,0.0,-26.627103653395068,1883.4394669992384,1856.8123633458433
2026-03-24 17:00:00,0.0,-26.747609479749297,296.7025110005654,269.95490152081607
2026-03-24 17:15:00,0.0,-19.413059531639508,165.44918112217465,146.03612159053515
2026-03-24 17:30:00,0.0,-63.18890923176124,144.04620859110491,80.85729935934367
2026-03-24 17:45:00,0.0,87.31977954647763,23.056880511425252,110.37666005790288
2026-03-24 18:00:00,0.0,97.87914971025607,673.1911932888123,771.0703429990684
2026-03-24 18:15:00,0.0,143.38009884151265,-111.54698937558966,31.833109465922988
2026-03-24 18:30:00,0.0,167.88362261225106,-88.93004308470984,78.95357952754122
2026-03-24 18:45:00,0.0,277.01358486110286,-57.1376833822959,219.87590147880695
2026-03-24 19:00:00,0.0,-272.3859663659748,694.9932187263237,422.60725236034887
2026-03-24 19:15:00,0.0,326.8057912685618,-104.6097583945924,222.1960328739694
2026-03-24 19:30:00,0.0,349.87845031024875,-115.52461317244338,234.35383713780539
2026-03-24 19:45:00,0.0,322.81598503926784,-93.70430419111307,229.11168084815478
2026-03-24 20:00:00,0.0,-329.26226771153324,1433.7423087325883,1104.480041021055
2026-03-24 20:15:00,0.0,247.0694989367715,-39.650939148362326,207.4185597884092
2026-03-24 20:30:00,0.0,-206.68657850337985,517.5792082779013,310.8926297745215
2026-03-24 20:45:00,0.0,-106.97329344425236,108.15711207433995,1.1838186300875861
2026-03-24 21:00:00,0.0,199.89767406457423,-108.969727905133,90.92794615944123
2026-03-24 21:15:00,0.0,100.47478130110096,-68.8131287124146,31.661652588686366
2026-03-24 21:30:00,0.0,-68.27101524139533,90.88869506106693,22.617679819671594
2026-03-24 21:45:00,0.0,-52.364252731473556,28.804346908216967,-23.55990582325659
2026-03-24 22:00:00,0.0,-163.85089367400494,186.0623745551044,22.211480881099476
2026-03-24 22:15:00,0.0,82.82077276116115,-1.7304520509644281,81.09032071019672
2026-03-24 22:30:00,0.0,180.85494733783025,-61.9136578420943,118.94128949573596
2026-03-24 22:45:00,0.0,-98.4407696475956,83.00278737713361,-15.437982270461987
2026-03-24 23:00:00,0.0,128.19007146757724,-69.6539505089879,58.536120958589336
2026-03-24 23:15:00,0.0,43.125262138017895,-52.17532894511395,-9.050066807096051
2026-03-24 23:30:00,0.0,-66.0760435711698,154.3308619818229,88.25481841065309
2026-03-24 23:45:00,0.0,61.74174956153382,-62.47858568110499,-0.7368361195711657
2026-03-25 00:00:00,0.0,4.011050705947992,29.046437871550705,33.057488577498695
2026-03-25 00:15:00,0.0,0.9783109319305048,39.61205316093004,40.59036409286054
2026-03-25 00:30:00,0.0,-11.10556393695845,84.68895978332273,73.58339584636428
2026-03-25 00:45:00,0.0,4.8259747374318245,109.80459861337303,114.63057335080485
2026-03-25 01:00:00,0.0,16.886076518561964,-44.86531913429251,-27.97924261573055
2026-03-25 01:15:00,0.0,-1.4858991889321451,15.721562738116326,14.235663549184181
2026-03-25 01:30:00,0.0,3.0767092901677087,169.5619523151326,172.6386616053003
2026-03-25 01:45:00,0.0,11.894744175900273,1011.0128908954586,1022.9076350713589
2026-03-25 02:00:00,0.0,-5.260891337046655,580.0196825251074,574.7587911880607
2026-03-25 02:15:00,0.0,-1.4562892303132247,-34.189348728848316,-35.64563795916154
2026-03-25 02:30:00,0.0,-0.36313689905745417,16.02245015950281,15.659313260445355
2026-03-25 02:45:00,0.0,-3.1730382146676437,28.12945027026489,24.956412055597248
2026-03-25 03:00:00,0.0,0.516464186874177,150.22403913674881,150.740503323623
2026-03-25 03:15:00,0.0,17.887540042776138,463.39451849189464,481.2820585346708
2026-03-25 03:30:00,0.0,4.1234149509473355,25.877278478707083,30.00069342965442
2026-03-25 03:45:00,0.0,21.044313466896693,-16.78251116947071,4.261802297425984
2026-03-25 04:00:00,0.0,7.447020269497471,69.54326522335889,76.99028549285636
2026-03-25 04:15:00,0.0,-10.492143297090648,38.60565522932399,28.113511932233344
2026-03-25 04:30:00,0.0,-3.4945165282674573,18.534485750743396,15.03996922247594
2026-03-25 04:45:00,0.0,-10.568322412708767,35.75001806874257,25.181695656033803
2026-03-25 05:00:00,0.0,9.44724145424602,20.65930995151241,30.10655140575843
2026-03-25 05:15:00,0.0,-14.404258162890255,36.85555419067967,22.451296027789414
2026-03-25 05:30:00,0.0,-10.01500390609361,58.95326454900313,48.93826064290952
2026-03-25 05:45:00,0.0,0.22555449800886507,634.5795337669393,634.8050882649482
2026-03-25 06:00:00,0.0,6.031996147500869,423.42167803898656,429.45367418648743
2026-03-25 06:15:00,0.0,4.53377617925569,-9.393150257391714,-4.859374078136024
2026-03-25 06:30:00,0.0,12.358649460301383,-0.6061902521538951,11.752459208147487
2026-03-25 06:45:00,0.0,6.208481345639411,291.34786869045735,297.5563500360968
2026-03-25 07:00:00,0.0,-44.60748439833925,273.11182563029655,228.5043412319573
2026-03-25 07:15:00,0.0,35.438329395296854,-25.758665838064832,9.679663557232022
2026-03-25 07:30:00,0.0,30.576212227746712,-59.29169620172018,-28.715483973973466
2026-03-25 07:45:00,0.0,-15.033608057923125,167.48895125250988,152.45534319458676
2026-03-25 08:00:00,0.0,-42.2118724465347,105.53128011527227,63.31940766873757
2026-03-25 08:15:00,0.0,35.27397810682692,1044.7292623710982,1080.0032404779251
2026-03-25 08:30:00,0.0,23.670889905876145,1896.9007221871186,1920.5716120929947
2026-03-25 08:45:00,0.0,9.951024999188206,1669.2633648226474,1679.2143898218355
2026-03-25 09:00:00,0.0,10.321314717212829,7822.869454542825,7833.190769260038
2026-03-25 09:15:00,0.0,-1.4139186767321519,1204.7432417460468,1203.3293230693146
2026-03-25 09:30:00,0.0,-4.926572670816603,74.13583343335212,69.20926076253552
2026-03-25 09:45:00,0.0,-18.837646428380577,358.17181248488833,339.33416605650774
2026-03-25 10:00:00,0.0,4.310402807356461,504.18870137117733,508.4991041785338
2026-03-25 10:15:00,0.0,-4.093718919023981,192.1559445226695,188.06222560364552
2026-03-25 10:30:00,0.0,-3.8046898240688516,3.022717312713011,-0.7819725113558404
2026-03-25 10:45:00,0.0,3.094794639120333,192.59632645394157,195.6911210930619
2026-03-25 11:00:00,0.0,3.169740245140326,5.092076901731854,8.261817146872179
2026-03-25 11:15:00,0.0,-6.360581369286509,-2.9965831810908172,-9.357164550377327
2026-03-25 11:30:00,0.0,-17.119770910769116,-4.731108017460736,-21.850878928229854
2026-03-25 11:45:00,0.0,4.43518389657445,9.350654080775616,13.785837977350067
2026-03-25 12:00:00,0.0,6.956643781043712,-13.487071483650958,-6.530427702607246
2026-03-25 12:15:00,0.0,3.2741715947107766,0.3002689031556108,3.5744404978663873
2026-03-25 12:30:00,0.0,-9.7366225980886,2.2399439623291664,-7.496678635759434
2026-03-25 12:45:00,0.0,4.267404851678015,2.8528109806272073,7.120215832305222
2026-03-25 13:00:00,0.0,-5.695070023687623,892.020165181985,886.3250951582974
2026-03-25 13:15:00,0.0,-0.2056823701020451,564.7846249996228,564.5789426295207
2026-03-25 13:30:00,0.0,7.150277414115034,-0.03961145961921698,7.110665954495817
2026-03-25 13:45:00,0.0,-11.729427412392406,317.7211698822707,305.9917424698783
2026-03-25 14:00:00,0.0,7.3268554746571475,1535.6737016695379,1543.000557144195
2026-03-25 14:15:00,0.0,2.5310820937802925,4.9911343055723325,7.522216399352625
2026-03-25 14:30:00,0.0,5.2777383869420715,1302.6362773376609,1307.914015724603
2026-03-25 14:45:00,0.0,-12.19616550889376,17.88937352055382,5.693208011660062
2026-03-25 15:00:00,0.0,11.63666376842269,176.53150778953858,188.16817155796127
2026-03-25 15:15:00,0.0,-15.98102968760565,69.63315969540525,53.652130007799606
2026-03-25 15:30:00,0.0,0.1118121341313321,247.71957124021026,247.83138337434158
2026-03-25 15:45:00,0.0,5.660050977637625,329.9230086722663,335.58305964990393
2026-03-25 16:00:00,0.0,14.511602246610988,478.53368909429497,493.045291340906
2026-03-25 16:15:00,0.0,2.7512203100589243,1348.2429517952744,1350.9941721053333
2026-03-25 16:30:00,0.0,-10.49927083182024,115.39098908128743,104.89171824946719
2026-03-25 16:45:00,0.0,-3.4771036533950603,238.5326935245624,235.05558987116734
2026-03-25 17:00:00,0.0,-21.59760947974928,128.47576290936507,106.8781534296158
2026-03-25 17:15:00,0.0,-18.98805953163951,572.9316214674589,553.9435619358194
2026-03-25 17:30:00,0.0,-26.113909231761284,41.11890044077108,15.004991209009795
2026-03-25 17:45:00,0.0,-8.019779546477618,72.04077987214369,64.02100032566607
2026-03-25 18:00:00,0.0,-19.629149710256062,54.37632100667817,34.74717129642211
2026-03-25 18:15:00,0.0,-59.83009884151269,209.3885623710557,149.55846352954302
2026-03-25 18:30:00,0.0,-148.68362261225107,250.49433495395414,101.81071234170307
2026-03-25 18:45:00,0.0,-294.5885848611028,975.1101543747574,680.5215695136546
2026-03-25 19:00:00,0.0,-168.7359663659748,223.33580468158084,54.599838315606036
2026-03-25 19:15:00,0.0,-216.50579126856198,1402.7222217877122,1186.2164305191502
2026-03-25 19:30:00,0.0,-213.7284503102488,1544.3622768742732,1330.6338265640245
2026-03-25 19:45:00,0.0,-224.21598503926793,993.9990358036803,769.7830507644123
2026-03-25 20:00:00,0.0,-176.3372677115332,665.495192957868,489.1579252463348
2026-03-25 20:15:00,0.0,-138.7694989367716,706.1464726191404,567.3769736823688
2026-03-25 20:30:00,0.0,-127.08657850337988,442.7239732635929,315.637394760213
2026-03-25 20:45:00,0.0,-73.62329344425237,524.3502894147537,450.7269959705013
2026-03-25 21:00:00,0.0,-149.44767406457424,433.14786761933294,283.7001935547587
2026-03-25 21:15:00,0.0,-88.59978130110095,611.821072021291,523.22129072019
2026-03-25 21:30:00,0.0,-110.34601524139532,116.12028960877785,5.774274367382532
2026-03-25 21:45:00,0.0,-78.88925273147353,108.29818773269248,29.40893500121895
2026-03-25 22:00:00,0.0,-143.90089367400503,208.6595038848995,64.75861021089446
2026-03-25 22:15:00,0.0,-102.94577276116121,136.73914343125105,33.79337067008984
2026-03-25 22:30:00,0.0,-213.65494733783032,186.7675622210402,-26.887385116790114
2026-03-25 22:45:00,0.0,-145.24076964759558,299.75167106210165,154.51090141450607
2026-03-25 23:00:00,0.0,-166.54007146757723,327.92261883876245,161.3825473711852
2026-03-25 23:15:00,0.0,-100.17526213801787,226.1703453923697,125.99508325435184
2026-03-25 23:30:00,0.0,-189.50104357116982,366.5925614798755,177.09151790870567
2026-03-25 23:45:00,0.0,-131.7167495615338,254.5449365470028,122.82818698546902
2026-03-30 00:00:00,0.0,-43.263949294052026,13.827908390989922,-29.436040903062104
2026-03-30 00:15:00,0.0,29.721689068069498,-1.3973788553795428,28.324310212689955
2026-03-30 00:30:00,0.0,30.705563936958452,7.116355879046349,37.8219198160048
2026-03-30 00:45:00,0.0,13.924025262568174,531.3908027732537,545.3148280358218
2026-03-30 01:00:00,0.0,43.786076518561956,32.54553191916468,76.33160843772663
2026-03-30 01:15:00,0.0,19.985899188932137,153.87956178565102,173.86546097458316
2026-03-30 01:30:00,0.0,17.898290709832292,175.78406493825256,193.68235564808484
2026-03-30 01:45:00,0.0,1.6302558240997265,160.66262682465722,162.29288264875694
2026-03-30 02:00:00,0.0,20.760891337046658,295.8412222324245,316.60211356947116
2026-03-30 02:15:00,0.0,12.068710769686772,158.6824682749298,170.75117904461655
2026-03-30 02:30:00,0.0,12.388136899057454,284.0891295852926,296.47726648435
2026-03-30 02:45:00,0.0,10.898038214667643,375.67208840841806,386.5701266230857
2026-03-30 03:00:00,0.0,7.208535813125821,243.38245370719477,250.5909895203206
2026-03-30 03:15:00,0.0,-10.162540042776138,274.39315186716044,264.2306118243843
2026-03-30 03:30:00,0.0,3.601585049052663,417.54113924414673,421.1427242931994
2026-03-30 03:45:00,0.0,26.969313466896686,362.25569243849344,389.2250059053901
2026-03-30 04:00:00,0.0,12.472020269497468,253.3983944971298,265.8704147666273
2026-03-30 04:15:00,0.0,-5.092143297090645,242.41638797016023,237.3242446730696
2026-03-30 04:30:00,0.0,2.5804834717325456,243.62717357467966,246.2076570464122
2026-03-30 04:45:00,0.0,-2.8433224127087673,403.07433277499064,400.2310103622819
2026-03-30 05:00:00,0.0,1.697241454246021,314.3059618857269,316.0032033399729
2026-03-30 05:15:00,0.0,-21.954258162890255,210.6070680910032,188.65280992811296
2026-03-30 05:30:00,0.0,-23.540003906093606,131.72707036860436,108.18706646251076
2026-03-30 05:45:00,0.0,-13.249445501991124,154.20323191598996,140.95378641399884
2026-03-30 06:00:00,0.0,25.44300385249913,-7.103758529239963,18.33924532325917
2026-03-30 06:15:00,0.0,-86.03377617925574,302.75288370512146,216.71910752586572
2026-03-30 06:30:00,0.0,-52.758649460301406,231.94369025215403,179.18504079185263
2026-03-30 06:45:00,0.0,70.5165186543606,-28.34163692789379,42.17488172646681
2026-03-30 07:00:00,0.0,167.80748439833928,-25.7157815126388,142.0917028857005
2026-03-30 07:15:00,0.0,220.3133293952969,11.587768075289798,231.9010974705867
2026-03-30 07:30:00,0.0,279.05121222774676,-31.485707453508343,247.5655047742384
2026-03-30 07:45:00,0.0,250.03360805792312,-93.40154586414602,156.6320621937771
2026-03-30 08:00:00,0.0,309.4368724465349,-91.75111179860949,217.6857606479254
2026-03-30 08:15:00,0.0,302.92397810682684,-137.28544230360805,165.6385358032188
2026-03-30 08:30:00,0.0,299.09588990587605,-114.82463890644061,184.27125099943544
2026-03-30 08:45:00,0.0,272.07602499918823,-12.582133089690084,259.49389190949813
2026-03-30 09:00:00,0.0,313.5463147172128,-45.28354090928829,268.26277380792453
2026-03-30 09:15:00,0.0,251.88608132326792,-64.97564217261626,186.91043915065165
2026-03-30 09:30:00,0.0,235.92342732918337,-121.47499982853914,114.44842750064423
2026-03-30 09:45:00,0.0,-173.6873535716195,458.1023485031658,284.4149949315463
2026-03-30 10:00:00,0.0,210.66459719264347,-21.983220822706286,188.6813763699372
2026-03-30 10:15:00,0.0,174.756281080976,237.31140747378018,412.06768855475616
2026-03-30 10:30:00,0.0,218.20468982406885,121.8185287744242,340.02321859849303
2026-03-30 10:45:00,0.0,135.9802053608797,140.4199629314223,276.400168292302
2026-03-30 11:00:00,0.0,181.39474024514018,723.9127627707078,905.3075030158479
2026-03-30 11:15:00,0.0,119.4144186307135,1033.1691020717572,1152.5835207024707
2026-03-30 11:30:00,0.0,80.83022908923091,622.5231365160888,703.3533656053197
2026-03-30 11:45:00,0.0,53.68981610342555,358.06409130967614,411.7539074131017
2026-03-30 12:00:00,0.0,74.68164378104375,-0.0,74.68164378104375
2026-03-30 12:15:00,0.0,57.69917159471077,-0.0,57.69917159471077
2026-03-30 12:30:00,0.0,59.53662259808859,-0.0,59.53662259808859
2026-03-30 12:45:00,0.0,20.757595148321982,843.998915619465,864.7565107677871
2026-03-30 13:00:00,0.0,49.57007002368763,831.8518513362134,881.421921359901
2026-03-30 13:15:00,0.0,39.080682370102046,1313.522027027435,1352.602709397537
2026-03-30 13:30:00,0.0,17.62472258588496,1124.6422291923845,1142.2669517782695
2026-03-30 13:45:00,0.0,18.254427412392403,161.4491710831983,179.7035984955907
2026-03-30 14:00:00,0.0,16.19814452534285,346.1200566234927,362.31820114883556
2026-03-30 14:15:00,0.0,19.168917906219708,237.16255533325284,256.33147323947253
2026-03-30 14:30:00,0.0,13.697261613057936,93.49911679870159,107.19637841175953
2026-03-30 14:45:00,0.0,23.471165508893755,22.029688732871826,45.50085424176558
2026-03-30 15:00:00,0.0,11.81333623157731,-0.0,11.81333623157731
2026-03-30 15:15:00,0.0,43.006029687605654,109.67857642643264,152.6846061140383
2026-03-30 15:30:00,0.0,29.063187865868677,3.013717150391587,32.07690501626026
2026-03-30 15:45:00,0.0,29.514949022362366,1117.7814161824763,1147.2963652048386
2026-03-30 16:00:00,0.0,-3.036602246610982,1327.9459010063397,1324.9092987597287
2026-03-30 16:15:00,0.0,8.926220310058927,656.0936566157467,665.0198769258056
2026-03-30 16:30:00,0.0,23.52427083182025,292.93168486452095,316.4559556963412
2026-03-30 16:45:00,0.0,9.152103653395061,143.77894987528546,152.93105352868054
2026-03-30 17:00:00,0.0,21.697609479749303,408.47453345392864,430.17214293367795
2026-03-30 17:15:00,0.0,0.13805953163951035,68.2369793957521,68.37503892739161
2026-03-30 17:30:00,0.0,18.338909231761292,33.51742731208266,51.85633654384395
2026-03-30 17:45:00,0.0,-6.669779546477614,-25.30937806190292,-31.979157608380532
2026-03-30 18:00:00,0.0,-10.47914971025606,71.94484369115321,61.46569398089715
2026-03-30 18:15:00,0.0,-64.58009884151268,214.20698937558964,149.62689053407695
2026-03-30 18:30:00,0.0,-76.233622612251,275.8502739732862,199.61665136103522
2026-03-30 18:45:00,0.0,220.46358486110285,-88.79768338229592,131.66590147880692
2026-03-30 19:00:00,0.0,247.51096636597467,32.00110314630883,279.5120695122835
2026-03-30 19:15:00,0.0,303.0057912685618,1.575263569535576,304.5810548380974
2026-03-30 19:30:00,0.0,332.4284503102487,-25.650565480731967,306.7778848295167
2026-03-30 19:45:00,0.0,331.040985039268,-107.57189612827636,223.46908891099162
2026-03-30 20:00:00,0.0,335.46226771153323,-58.52644295786775,276.9358247536655
2026-03-30 20:15:00,0.0,331.7194989367716,-11.983350915864897,319.7361480209067
2026-03-30 20:30:00,0.0,333.61157850337986,-126.15028201716997,207.4612964862099
2026-03-30 20:45:00,0.0,311.12329344425257,-164.80541872330662,146.31787472094595
2026-03-30 21:00:00,0.0,371.8976740645742,-92.97600733353318,278.921666731041
2026-03-30 21:15:00,0.0,252.49978130110082,-83.44143540353815,169.05834589756267
2026-03-30 21:30:00,0.0,232.94601524139534,-118.73822402194469,114.20779121945066
2026-03-30 21:45:00,0.0,-117.8392527314735,483.5544723736018,365.7152196421283
2026-03-30 22:00:00,0.0,182.22589367400496,-74.60650776979901,107.61938590420596
2026-03-30 22:15:00,0.0,241.69577276116118,-116.05074778269332,125.64502497846786
2026-03-30 22:30:00,0.0,-240.72994733783025,704.427933199972,463.69798586214176
2026-03-30 22:45:00,0.0,232.6407696475954,-220.37752000719738,12.263249640398016
2026-03-30 23:00:00,0.0,-199.1150714675772,654.6329406308964,455.51786916331923
2026-03-30 23:15:00,0.0,-262.00026213801783,493.6805592066937,231.68029706867588
2026-03-30 23:30:00,0.0,280.5010435711698,-116.3413484941574,164.15969507701243
2026-03-30 23:45:00,0.0,282.69174956153387,64.32774024285908,347.01948980439295
2026-03-31 00:00:00,0.0,277.86394929405196,-82.01493787155074,195.84901142250123
2026-03-31 00:15:00,0.0,233.24668906806954,-163.5442448036585,69.70244426441104
2026-03-31 00:30:00,0.0,229.15556393695854,-66.60790600315376,162.54765793380477
2026-03-31 00:45:00,0.0,164.79902526256814,219.64080277325382,384.43982803582196
2026-03-31 01:00:00,0.0,256.76107651856194,-18.07532369826992,238.685752820292
2026-03-31 01:15:00,0.0,224.31089918893218,-31.66155202388814,192.64934716504405
2026-03-31 01:30:00,0.0,251.09829070983213,-47.482149254576,203.61614145525613
2026-03-31 01:45:00,0.0,200.4802558240997,468.2871091045415,668.7673649286412
2026-03-31 02:00:00,0.0,257.51089133704676,-33.49696825251077,224.01392308453597
2026-03-31 02:15:00,0.0,231.54371076968675,340.80324873314595,572.3469595028328
2026-03-31 02:30:00,0.0,199.1381368990574,-43.53994134771614,155.59819555134126
2026-03-31 02:45:00,0.0,186.6480382146676,-21.57439501500364,165.07364319966396
2026-03-31 03:00:00,0.0,202.0835358131258,-116.18309553665759,85.9004402764682
2026-03-31 03:15:00,0.0,-166.36245995722388,477.4828407181106,311.12038076088675
2026-03-31 03:30:00,0.0,-169.6515850490526,207.63602847870712,37.984443429654505
2026-03-31 03:45:00,0.0,-172.9193134668967,226.76848797345284,53.849174506556125
2026-03-31 04:00:00,0.0,-169.0470202694974,204.39596434364884,35.34894407415143
2026-03-31 04:15:00,0.0,-157.8078567029094,426.434344770676,268.62648806776656
2026-03-31 04:30:00,0.0,-193.83048347173255,245.18532642532028,51.354842953587735
2026-03-31 04:45:00,0.0,-174.08167758729124,492.7797226875075,318.6980451002163
2026-03-31 05:00:00,0.0,-184.102758545754,224.73313171274913,40.63037316699513
2026-03-31 05:15:00,0.0,-209.20425816289026,239.7468569707444,30.542598807854148
2026-03-31 05:30:00,0.0,-224.69000390609352,268.48957036860446,43.79956646251094
2026-03-31 05:45:00,0.0,287.774445501991,-269.4872086043369,18.28723689765411
2026-03-31 06:00:00,0.0,270.218003852499,1429.778321961013,1699.9963258135122
2026-03-31 06:15:00,0.0,328.4587761792557,-151.38880588921148,177.06997029004424
2026-03-31 06:30:00,0.0,386.4086494603014,-175.42225405804962,210.98639540225176
2026-03-31 06:45:00,0.0,395.34151865436047,-199.03492705025405,196.30659160410642
2026-03-31 07:00:00,0.0,382.2824843983392,-239.32947478996192,142.95300960837727
2026-03-31 07:15:00,0.0,-371.0383293952969,526.5791988813877,155.5408694860908
2026-03-31 07:30:00,0.0,-394.80121222774665,218.84212623033042,-175.95908599741622
2026-03-31 07:45:00,0.0,-375.533608057923,2352.6692431069096,1977.1356350489866
2026-03-31 08:00:00,0.0,-493.01187244653477,2349.5544471944386,1856.542574747904
2026-03-31 08:15:00,0.0,-453.62397810682705,1909.873017845765,1456.2490397389379
2026-03-31 08:30:00,0.0,-373.14588990587623,127.66492778128816,-245.48096212458807
2026-03-31 08:45:00,0.0,-316.40102499918817,272.44700208766193,-43.95402291152624
2026-03-31 09:00:00,0.0,-431.5213147172128,750.2987454557299,318.77743073851707
2026-03-31 09:15:00,0.0,-348.0110813232679,1904.9754241220048,1556.9643427987369
2026-03-31 09:30:00,0.0,-318.3234273291834,1756.0049994856179,1437.6815721564344
2026-03-31 09:45:00,0.0,-278.6873535716195,1455.4669375151113,1176.7795839434918
2026-03-31 10:00:00,0.0,-314.2895971926436,576.6354805484712,262.34588335582754
2026-03-31 10:15:00,0.0,-279.931281080976,458.84429626310975,178.91301518213373
2026-03-31 10:30:00,0.0,-265.95468982406874,931.2577173127133,665.3030274886446
2026-03-31 10:45:00,0.0,-229.35520536087975,530.66254170215,301.30733634127023
2026-03-31 11:00:00,0.0,-250.7697402451403,340.4884513048193,89.71871105967901
2026-03-31 11:15:00,0.0,-217.9394186307135,577.3230986188283,359.38367998811486
2026-03-31 11:30:00,0.0,-189.6302290892309,35.415100728860054,-154.21512836037084
2026-03-31 11:45:00,0.0,-175.01481610342555,293.6427952141942,118.62797911076868
2026-03-31 12:00:00,0.0,-228.90664378104373,304.4459161849899,75.5392724039462
2026-03-31 12:15:00,0.0,-209.14917159471077,415.08733193552763,205.93816034081686
2026-03-31 12:30:00,0.0,-215.56162259808858,395.437433455266,179.8758108571774
2026-03-31 12:45:00,0.0,-159.207595148322,226.0826534644832,66.87505831616119
2026-03-31 13:00:00,0.0,-205.5200700236876,471.8010908500919,266.2810208264043
2026-03-31 13:15:00,0.0,-155.55568237010203,506.677334459225,351.12165208912296
2026-03-31 13:30:00,0.0,-108.82472258588498,312.66310832304634,203.83838573716136
2026-03-31 13:45:00,0.0,-111.95442741239246,342.35284096546894,230.39841355307647
2026-03-31 14:00:00,0.0,-130.54814452534296,458.63053591824576,328.08239139290276
2026-03-31 14:15:00,0.0,-125.84391790621979,214.84476861114473,89.00085070492494
2026-03-31 14:30:00,0.0,-132.69726161305795,560.5226733360382,427.8254117229803
2026-03-31 14:45:00,0.0,-155.67116550889375,465.2878073219384,309.6166418130446
2026-03-31 15:00:00,0.0,-123.36333623157735,548.9071677341543,425.54383150257695
2026-03-31 15:15:00,0.0,-172.00602968760563,612.9557811775942,440.94975148998856
2026-03-31 15:30:00,0.0,-156.81318786586863,395.75309129295164,238.939903427083
2026-03-31 15:45:00,0.0,-176.96494902236236,728.8244024585806,551.8594534362182
2026-03-31 16:00:00,0.0,145.68839775338898,-165.80409899366117,-20.115701240272188
2026-03-31 16:15:00,0.0,-182.22622031005895,652.1599337433081,469.9337134332492
2026-03-31 16:30:00,0.0,-197.22427083182023,519.517849924641,322.2935790928208
2026-03-31 16:45:00,0.0,-214.55210365339508,703.7171002494296,489.1649965960345
2026-03-31 17:00:00,0.0,-171.99760947974923,375.07576290936515,203.07815342961592
2026-03-31 17:15:00,0.0,-177.51305953163947,720.2750813379778,542.7620218063383
2026-03-31 17:30:00,0.0,-215.3139092317614,427.5825726879173,212.26866345615593
2026-03-31 17:45:00,0.0,-345.29477954647757,871.8876505854795,526.5928710390019
2026-03-31 18:00:00,0.0,-261.479149710256,77.08860083889847,-184.39054887135757
2026-03-31 18:15:00,0.0,353.20509884151255,-349.65356237105556,3.5515364704569947
2026-03-31 18:30:00,0.0,393.18362261225093,-411.576856496309,-18.393233884058077
2026-03-31 18:45:00,0.0,458.8135848611026,-458.36477310639674,0.44881175470584367
2026-03-31 19:00:00,0.0,384.2109663659749,-367.1685577900074,17.0424085759675
2026-03-31 19:15:00,0.0,444.6057912685619,-52.29970714496047,392.30608412360147
2026-03-31 19:30:00,0.0,435.2034503102488,-351.05565480731957,84.14779550292923
2026-03-31 19:45:00,0.0,441.6909850392679,-432.62332257854547,9.067662460722431
2026-03-31 20:00:00,0.0,-449.0122677115334,897.4280778593292,448.41581014779575
2026-03-31 20:15:00,0.0,-425.3194989367719,478.7910537546569,53.47155481788502
2026-03-31 20:30:00,0.0,414.4865785033798,-478.3627585157392,-63.876180012359384
2026-03-31 20:45:00,0.0,-386.0482934442524,635.3181280849601,249.2698346407077
2026-03-31 21:00:00,0.0,-365.19767406457436,846.1288749528661,480.93120088829176
2026-03-31 21:15:00,0.0,-333.54978130110106,1080.3455487857857,746.7957674846846
2026-03-31 21:30:00,0.0,-311.87101524139524,1203.7653794742341,891.8943642328388
2026-03-31 21:45:00,0.0,-169.91425273147343,15.120579587762268,-154.79367314371115
2026-03-31 22:00:00,0.0,-373.15089367400515,1448.2831660734723,1075.1322723994672
2026-03-31 22:15:00,0.0,397.3457727611609,965.8141740576891,1363.1599468188501
2026-03-31 22:30:00,0.0,382.5299473378301,-342.0398156841887,40.49013165364141
2026-03-31 22:45:00,0.0,374.7157696475955,-273.26390369216546,101.45186595543004
2026-03-31 23:00:00,0.0,-334.66507146757704,690.8051584516832,356.1400869841061
2026-03-31 23:15:00,0.0,286.97526213801785,-199.66026315609113,87.31499898192672
2026-03-31 23:30:00,0.0,379.2510435711698,-228.06996298571812,151.1810805854517
2026-03-31 23:45:00,0.0,354.89174956153374,-84.45438123548342,270.4373683260503
2026-04-01 00:00:00,0.0,-311.63894929405194,200.6914885245084,-110.94746076954354
2026-04-01 00:15:00,0.0,-305.3716890680696,318.40467353928653,13.032984471216935
2026-04-01 00:30:00,0.0,-349.3055639369584,404.5130464680458,55.20748253108741
2026-04-01 00:45:00,0.0,327.99902526256807,-472.8380994070077,-144.83907414443962
2026-04-01 01:00:00,0.0,357.63607651856205,-515.4753191342925,-157.83924261573043
2026-04-01 01:15:00,0.0,-324.2858991889321,805.7123346032869,481.4264354143548
2026-04-01 01:30:00,0.0,-320.02329070983245,586.860666507961,266.83737579812856
2026-04-01 01:45:00,0.0,-271.68025582409985,505.9768068096615,234.29655098556168
2026-04-01 02:00:00,0.0,-319.46089133704663,435.7483253888094,116.28743405176277
2026-04-01 02:15:00,0.0,-256.7437107696868,392.1813593897612,135.4376486200744
2026-04-01 02:30:00,0.0,-261.3631368990574,321.00291028710524,59.63977338804784
2026-04-01 02:45:00,0.0,-299.27303821466745,236.86395579579107,-62.40908241887638
2026-04-01 03:00:00,0.0,-308.7085358131258,627.5891582440801,318.88062243095425
2026-04-01 03:15:00,0.0,-302.1374599572239,291.2375333213526,-10.899926635871282
2026-04-01 03:30:00,0.0,326.2015850490527,-337.68816455429214,-11.486579505239433
2026-04-01 03:45:00,0.0,355.86931346689664,-464.58958075752446,-108.72026729062782
2026-04-01 04:00:00,0.0,-328.1720202694975,630.1723759358626,302.0003556663651
2026-04-01 04:15:00,0.0,301.6078567029095,-469.3543447706758,-167.74648806776634
2026-04-01 04:30:00,0.0,-300.8054834717324,430.02593911968205,129.22045564794968
2026-04-01 04:45:00,0.0,295.60667758729124,-405.72325966250673,-110.11658207521549
2026-04-01 05:00:00,0.0,-251.57775854575416,310.14660880618413,58.56885026042997
2026-04-01 05:15:00,0.0,-337.80425816289033,654.3608444810357,316.5565863181453
2026-04-01 05:30:00,0.0,-220.01500390609363,455.585223278405,235.57021937231139
2026-04-01 05:45:00,0.0,-244.04944550199107,523.3264119810308,279.27696647903974
2026-04-01 06:00:00,0.0,-251.3930038524992,528.6162585292398,277.22325467674057
2026-04-01 06:15:00,0.0,313.6337761792556,-439.4388058892113,-125.8050297099557
2026-04-01 06:30:00,0.0,370.8086494603015,-280.73387644625814,90.07477301404339
2026-04-01 06:45:00,0.0,262.6915186543604,-294.3628686904573,-31.671350036096896
2026-04-01 07:00:00,0.0,379.75748439833933,-285.0470672269506,94.71041717138871
2026-04-01 07:15:00,0.0,-383.3133293952969,1497.5193983842264,1114.2060689889295
2026-04-01 07:30:00,0.0,-393.3262122277466,1256.3715836838385,863.0453714560919
2026-04-01 07:45:00,0.0,-463.48360805792345,1785.419243106909,1321.9356350489857
2026-04-01 08:00:00,0.0,583.5618724465348,-333.6951953381926,249.86667710834223
2026-04-01 08:15:00,0.0,533.7239781068268,-430.39500136866695,103.3289767381599
2026-04-01 08:30:00,0.0,-460.8208899058759,646.4470125236948,185.62612261781885
2026-04-01 08:45:00,0.0,402.60102499918816,-528.7480083506475,-126.14698335145937
2026-04-01 09:00:00,0.0,527.5713147172127,-511.6902000021709,15.881114715041747
2026-04-01 09:15:00,0.0,461.0110813232678,-379.58966347220917,81.4214178510586
2026-04-01 09:30:00,0.0,398.54842732918314,-415.9787495284826,-17.43032219929944
2026-04-01 09:45:00,0.0,305.9623535716194,-421.53330494026966,-115.57095136865024
2026-04-01 10:00:00,0.0,-408.0895971926436,1051.488701371178,643.3991041785343
2026-04-01 10:15:00,0.0,355.90628108097604,-415.37022216533114,-59.4639410843551
2026-04-01 10:30:00,0.0,-336.47968982406894,254.8063586563565,-81.67333116771243
2026-04-01 10:45:00,0.0,-311.45520536087946,412.7750463357221,101.31984097484263
2026-04-01 11:00:00,0.0,-360.6697402451405,694.456902609639,333.7871623644985
2026-04-01 11:15:00,0.0,-328.61441863071343,345.3757529962019,16.761334365488494
2026-04-01 11:30:00,0.0,-294.3552290892309,415.4860576530308,121.13082856379992
2026-04-01 11:45:00,0.0,-307.21481610342573,722.1579631236148,414.94314702018903
2026-04-01 12:00:00,0.0,-342.3316437810438,462.3606770713183,120.02903329027453
2026-04-01 12:15:00,0.0,-297.5741715947109,168.13679937098743,-129.43737222372346
2026-04-01 12:30:00,0.0,-294.93662259808855,441.2261694458481,146.28954684775954
2026-04-01 12:45:00,0.0,-263.0825951483221,274.957027451568,11.874432303245896
2026-04-01 13:00:00,0.0,-289.1950700236876,431.3600825909927,142.1650125673051
2026-04-01 13:15:00,0.0,-266.130682370102,796.0912770266808,529.9605946565788
2026-04-01 13:30:00,0.0,-237.12472258588502,566.9025510249504,329.7778284390654
2026-04-01 13:45:00,0.0,-235.40442741239244,661.7145722920046,426.31014487961215
2026-04-01 14:00:00,0.0,-235.32314452534283,243.12395304259985,7.800808517257025
2026-04-01 14:15:00,0.0,-232.51891790621968,407.0215140834038,174.50259617718413
2026-04-01 14:30:00,0.0,-227.5722616130579,502.3039233360382,274.73166172298033
2026-04-01 14:45:00,0.0,-245.12116550889374,227.25937154795875,-17.86179396093499
2026-04-01 15:00:00,0.0,-209.9133362315774,406.66252176738453,196.74918553580713
2026-04-01 15:15:00,0.0,-249.65602968760552,157.04609372586475,-92.60993596174077
2026-04-01 15:30:00,0.0,-256.63818786586864,282.0830912929516,25.444903427082977
2026-04-01 15:45:00,0.0,-266.5899490223625,395.6802210996376,129.09027207727513
2026-04-01 16:00:00,0.0,-197.96339775338902,225.36643464778132,27.4030368943923
2026-04-01 16:15:00,0.0,-248.3762203100589,144.17033584606332,-104.20588446399557
2026-04-01 16:30:00,0.0,-282.9742708318202,284.426686897545,1.4524160657247762
2026-04-01 16:45:00,0.0,339.6771036533951,-335.7724968246384,3.904606828756698
2026-04-01 17:00:00,0.0,-321.72260947974917,322.0957629093651,0.37315342961591114
2026-04-01 17:15:00,0.0,-294.51305953163956,317.53674077689016,23.0236812452506
2026-04-01 17:30:00,0.0,-328.7639092317611,356.06719405352146,27.30328482176037
2026-04-01 17:45:00,0.0,355.01977954647765,-438.86218413190676,-83.84240458542911
2026-04-01 18:00:00,0.0,-286.5041497102562,402.8664630200345,116.3623133097783
2026-04-01 18:15:00,0.0,-350.03009884151254,691.3657393755892,341.3356405340767
2026-04-01 18:30:00,0.0,-317.80862261225104,874.0004617771523,556.1918391649012
2026-04-01 18:45:00,0.0,501.98858486110277,-560.033050146888,-58.04446528578518
2026-04-01 19:00:00,0.0,-335.33596636597474,1172.2460577900074,836.9100914240327
2026-04-01 19:15:00,0.0,463.680791268562,-359.44970714496037,104.23108412360165
2026-04-01 19:30:00,0.0,467.4784503102487,-242.51130961463943,224.9671406956093
2026-04-01 19:45:00,0.0,-465.5159850392679,1002.4452187068222,536.9292336675543
2026-04-01 20:00:00,0.0,-431.73726771153326,590.8882698029237,159.1510020913904
2026-04-01 20:15:00,0.0,-400.7944989367715,670.5775131868987,269.7830142501272
2026-04-01 20:30:00,0.0,-447.03657850337976,529.0952467650237,82.05866826164396
2026-04-01 20:45:00,0.0,-378.2982934442523,972.5624261168201,594.2641326725678
2026-04-01 21:00:00,0.0,-458.64767406457423,598.2562977622331,139.60862369765886
2026-04-01 21:15:00,0.0,-396.8247813011009,482.6455669112352,85.8207856101343
2026-04-01 21:30:00,0.0,-409.7960152413953,408.5869923349223,-1.2090229064730238
2026-04-01 21:45:00,0.0,-371.58925273147355,330.1415571143359,-41.44769561713764
2026-04-01 22:00:00,0.0,-430.65089367400515,575.3065704922469,144.65567681824177
2026-04-01 22:15:00,0.0,-323.4707727611612,484.58826732259774,161.11749456143656
2026-04-01 22:30:00,0.0,-370.2799473378303,399.8413122210402,29.561364883209876
2026-04-01 22:45:00,0.0,-345.8907696475958,642.3967379045857,296.50596825698995
2026-04-01 23:00:00,0.0,-347.9150714675773,983.332094093256,635.4170226256788
2026-04-01 23:15:00,0.0,-277.77526213801787,832.6805263121827,554.9052641741648
2026-04-01 23:30:00,0.0,-330.80104357116994,492.7797289831213,161.97868541195135
2026-04-01 23:45:00,0.0,318.2917495615339,-227.76590889124313,90.52584067029076
2026-04-03 00:00:00,0.0,-264.11394929405196,86.81311762985985,-177.30083166419212
2026-04-03 00:15:00,0.0,-328.6716890680696,421.3670394875654,92.69535041949581
2026-04-03 00:30:00,0.0,-301.7055639369584,385.73380560819976,84.02824167124135
2026-04-03 00:45:00,0.0,-304.92402526256825,555.6307482667163,250.70672300414805
2026-04-03 01:00:00,0.0,-324.811076518562,397.4247978644087,72.61372134584667
2026-04-03 01:15:00,0.0,-311.48589918893214,683.2644707937477,371.77857160481557
2026-04-03 01:30:00,0.0,-307.9232907098325,299.85898942270546,-8.064301287127023
2026-04-03 01:45:00,0.0,-275.28025582409964,638.7390880812982,363.45883225719854
2026-04-03 02:00:00,0.0,-324.08589133704663,486.912423801435,162.82653246438838
2026-04-03 02:15:00,0.0,-298.5437107696868,631.0827258867974,332.53901511711064
2026-04-03 02:30:00,0.0,-282.5881368990575,616.2378604466079,333.6497235475504
2026-04-03 02:45:00,0.0,250.87303821466753,-302.5598894894776,-51.68685127481007
2026-04-03 03:00:00,0.0,297.70853581312605,-412.5028030245904,-114.79426721146433
2026-04-03 03:15:00,0.0,-275.03745995722386,846.1849296050025,571.1474696477786
2026-04-03 03:30:00,0.0,-238.55158504905262,194.5217563275364,-44.029828721516225
2026-04-03 03:45:00,0.0,-246.7943134668966,482.50088316283393,235.70656969593733
2026-04-03 04:00:00,0.0,-250.99702026949754,224.6721173883206,-26.32490288117694
2026-04-03 04:15:00,0.0,-221.08285670290934,51.649116370418106,-169.43374033249123
2026-04-03 04:30:00,0.0,-255.68048347173266,170.60598834223472,-85.07449512949793
2026-04-03 04:45:00,0.0,-248.23167758729113,284.2378336125046,36.00615602521344
2026-04-03 05:00:00,0.0,-207.67775854575393,307.8658473529016,100.18808880714766
2026-04-03 05:15:00,0.0,-218.70425816289026,397.5405805807121,178.83632241782186
2026-04-03 05:30:00,0.0,-183.24000390609365,350.2043527320043,166.96434882591063
2026-04-03 05:45:00,0.0,-194.12444550199115,451.1191969485104,256.9947514465193
2026-04-03 06:00:00,0.0,-186.0930038524991,395.1526309704679,209.0596271179688
2026-04-03 06:15:00,0.0,-230.70877617925566,380.60703353352704,149.89825735427138
2026-04-03 06:30:00,0.0,349.75864946030134,-428.02930858231286,-78.27065912201152
2026-04-03 06:45:00,0.0,-334.61651865436056,391.36341975527944,56.746901100918876
2026-04-03 07:00:00,0.0,344.8074843983393,-211.6517899159848,133.15569448235448
2026-04-03 07:15:00,0.0,-340.21332939529685,428.29039900567784,88.07706961038099
2026-04-03 07:30:00,0.0,-346.3262122277468,517.2116962017201,170.8854839739733
2026-04-03 07:45:00,0.0,-329.20860805792313,319.98115939810924,-9.227448659813888
2026-04-03 08:00:00,0.0,377.2118724465347,-493.74811303610653,-116.53624058957183
2026-04-03 08:15:00,0.0,336.2239781068268,-502.4352966939612,-166.21131858713443
2026-04-03 08:30:00,0.0,-320.82088990587613,434.1421027970846,113.32121289120846
2026-04-03 08:45:00,0.0,257.3760249991881,-435.01013361160557,-177.6341086124175
2026-04-03 09:00:00,0.0,-364.0963147172129,729.3252000021711,365.22888528495815
2026-04-03 09:15:00,0.0,-303.7360813232679,634.5157108630814,330.77962953981347
2026-04-03 09:30:00,0.0,-254.62342732918341,641.9749995713476,387.35157224216414
2026-04-03 09:45:00,0.0,192.6873535716194,-283.2023485031657,-90.51499493154628
2026-04-03 10:00:00,0.0,-312.6395971926436,587.0605584941032,274.42096130145967
2026-04-03 10:15:00,0.0,-239.55628108097596,806.5653332479969,567.009052167021
2026-04-03 10:30:00,0.0,-167.2296898240688,498.10090055375395,330.8712107296851
2026-04-03 10:45:00,0.0,-135.3552053608797,713.0400741371552,577.6848687762755
2026-04-03 11:00:00,0.0,-184.6447402451403,247.43989489171696,62.79515464657666
2026-04-03 11:15:00,0.0,-144.4894186307135,659.8884751169292,515.3990564862156
2026-04-03 11:30:00,0.0,106.5802290892309,-10.347811297331036,96.23241779189986
2026-04-03 11:45:00,0.0,73.23981610342555,-25.986163299872004,47.25365280355355
2026-04-03 12:00:00,0.0,129.55664378104368,1.64653410401639,131.20317788506006
2026-04-03 12:15:00,0.0,81.64917159471074,527.7753361289447,609.4245077236554
2026-04-03 12:30:00,0.0,60.93662259808859,40.312587558860685,101.24921015694927
2026-04-03 12:45:00,0.0,19.25759514832198,13.694067058118376,32.95166220644035
2026-04-03 13:00:00,0.0,55.17007002368764,-5.214820202343752,49.95524982134389
2026-04-03 13:15:00,0.0,-31.20568237010204,29.91398648628266,-1.2916958838193793
2026-04-03 13:30:00,0.0,14.024722585884966,11.257170326001772,25.281892911886736
2026-04-03 13:45:00,0.0,17.854427412392408,0.2820252982623598,18.13645271065477
2026-04-03 14:00:00,0.0,-5.223144525342849,-6.201964081754223,-11.425108607097073
2026-04-03 14:15:00,0.0,-4.4189179062197095,10.174421527861664,5.755503621641955
2026-04-03 14:30:00,0.0,0.42773838694207267,6.812452535713773,7.240190922655846
2026-04-03 14:45:00,0.0,19.046165508893754,23.716881410933457,42.76304691982721
2026-04-03 15:00:00,0.0,3.3116637684226973,4.391507789538657,7.703171557961355
2026-04-03 15:15:00,0.0,21.60602968760565,3.264114639648956,24.870144327254604
2026-04-03 15:30:00,0.0,13.413187865868668,21.388981662139162,34.80216952800783
2026-04-03 15:45:00,0.0,22.414949022362375,-19.96115029051395,2.4537987318484262
2026-04-03 16:00:00,0.0,6.2116022466109815,104.33786929556281,110.54947154217379
2026-04-03 16:15:00,0.0,-32.326220310058915,49.75067169212676,17.424451382067843
2026-04-03 16:30:00,0.0,-30.424270831820234,68.67558253005997,38.25131169823973
2026-04-03 16:45:00,0.0,-3.3021036533950623,85.14473349961946,81.8426298462244
2026-04-03 17:00:00,0.0,-26.547609479749287,108.05587954588289,81.5082700661336
2026-04-03 17:15:00,0.0,-49.88805953163953,80.96860086321128,31.08054133157175
2026-04-03 17:30:00,0.0,-71.63890923176129,91.08832995670905,19.449420724947757
2026-04-03 17:45:00,0.0,127.9197795464776,-82.78593290714562,45.13384663933198
2026-04-03 18:00:00,0.0,-83.57914971025608,44.954403355593854,-38.62474635466222
2026-04-03 18:15:00,0.0,152.15509884151265,-90.29014564708031,61.864953194432346
2026-04-03 18:30:00,0.0,188.13362261225095,-58.97004308470987,129.16357952754106
2026-04-03 18:45:00,0.0,226.76358486110271,-37.41297295950893,189.3506119015938
2026-04-03 19:00:00,0.0,115.53596636597469,-77.35052889500366,38.185437470971024
2026-04-03 19:15:00,0.0,189.18079126856185,-73.34985357248026,115.83093769608159
2026-04-03 19:30:00,0.0,205.7534503102487,-74.08162206695363,131.67182824329507
2026-04-03 19:45:00,0.0,189.51598503926778,-89.59352386912022,99.92246117014756
2026-04-03 20:00:00,0.0,195.5372677115332,-85.52644295786777,110.01082475366542
2026-04-03 20:15:00,0.0,242.04449893677165,-72.30782403853632,169.73667489823532
2026-04-03 20:30:00,0.0,259.6365785033799,-57.24152026645461,202.39505823692528
2026-04-03 20:45:00,0.0,176.12329344425234,-72.93575739351336,103.18753605073898
2026-04-03 21:00:00,0.0,257.3476740645742,-102.69829409546647,154.64937996910777
2026-04-03 21:15:00,0.0,194.79978130110095,-134.49762360235871,60.302157698742235
2026-04-03 21:30:00,0.0,197.89601524139533,-64.04293441316683,133.85308082822849
2026-04-03 21:45:00,0.0,185.1892527314736,-55.026085671503765,130.16316705996985
2026-04-03 22:00:00,0.0,258.25089367400506,-78.83160812571548,179.41928554828957
2026-04-03 22:15:00,0.0,221.19577276116118,-95.03149556538663,126.16427719577455
2026-04-03 22:30:00,0.0,223.60494733783028,-78.46123503156728,145.143712306263
2026-04-03 22:45:00,0.0,211.7157696475956,-34.58783421242035,177.12793543517526
2026-04-03 23:00:00,0.0,181.19007146757724,-79.72560397134762,101.46446749622962
2026-04-03 23:15:00,0.0,113.80026213801786,-59.670427628648106,54.12983450936975
2026-04-03 23:30:00,0.0,133.10104357116975,-50.36179799220982,82.73924557895992
2026-04-03 23:45:00,0.0,114.09174956153385,-0.2001133368646614,113.89163622466918
2026-04-04 00:00:00,0.0,66.66394929405203,679.4898694084458,746.1538187024978
2026-04-04 00:15:00,0.0,-55.19668906806949,47.456525814201065,-7.740163253868424
2026-04-04 00:30:00,0.0,51.08056393695844,-31.537300124107432,19.54326381285101
2026-04-04 00:45:00,0.0,34.59902526256816,1342.040802773254,1376.6398280358221
2026-04-04 01:00:00,0.0,84.36107651856196,-80.12465880648335,4.236417712078605
2026-04-04 01:15:00,0.0,-61.36089918893214,221.43633460328715,160.075435414355
2026-04-04 01:30:00,0.0,53.44829070983231,-26.52990723106789,26.918383478764415
2026-04-04 01:45:00,0.0,-32.00525582409974,44.810443536525305,12.805187712425564
2026-04-04 02:00:00,0.0,-81.18589133704663,208.19801983070312,127.01212849365649
2026-04-04 02:15:00,0.0,71.79371076968681,-41.062083247443816,30.731627522242995
2026-04-04 02:30:00,0.0,66.06313689905748,-36.506635366856464,29.55650153220102
2026-04-04 02:45:00,0.0,63.648038214667636,-23.077650822817503,40.57038739185013
2026-04-04 03:00:00,0.0,-65.58353581312583,93.69322390255014,28.10968808942431
2026-04-04 03:15:00,0.0,-51.11245995722384,63.21532405743427,12.102864100210432
2026-04-04 03:30:00,0.0,66.77658504905266,-30.016012655072863,36.76057239397979
2026-04-04 03:45:00,0.0,95.74431346689671,-36.55479037876223,59.189523088134486
2026-04-04 04:00:00,0.0,71.22202026949748,-39.152214343648794,32.069805925848684
2026-04-04 04:15:00,0.0,64.35785670290934,-37.37628875575612,26.981567947153223
2026-04-04 04:30:00,0.0,72.0554834717326,-44.00490155489477,28.050581916837828
2026-04-04 04:45:00,0.0,72.60667758729126,-30.96981512500511,41.636862462286146
2026-04-04 05:00:00,0.0,57.527758545753976,-58.688160345955616,-1.1604018002016403
2026-04-04 05:15:00,0.0,89.97925816289028,-39.6505278006473,50.32873036224297
2026-04-04 05:30:00,0.0,-86.99000390609362,209.40696437120658,122.41696046511296
2026-04-04 05:45:00,0.0,84.64944550199115,-27.57380185094914,57.075643651042014
2026-04-04 06:00:00,0.0,63.49300385249912,-44.1149648724173,19.37803898008182
2026-04-04 06:15:00,0.0,91.7587761792557,-39.1090724414818,52.649703737773905
2026-04-04 06:30:00,0.0,87.85864946030136,-40.20761310657574,47.65103635372562
2026-04-04 06:45:00,0.0,81.11651865436059,-38.61369528769053,42.50282336667006
2026-04-04 07:00:00,0.0,80.48248439833928,-23.986789915984808,56.49569448235447
2026-04-04 07:15:00,0.0,77.93832939529682,-25.23073254616157,52.70759684913525
2026-04-04 07:30:00,0.0,94.05121222774667,-33.43581997138976,60.61539225635691
2026-04-04 07:45:00,0.0,92.2336080579231,-44.871352631127834,47.36225542679527
2026-04-04 08:00:00,0.0,73.76187244653467,-52.9778906763847,20.783981770149964
2026-04-04 08:15:00,0.0,84.77397810682689,-31.456178563843572,53.317799542983316
2026-04-04 08:30:00,0.0,79.22088990587615,-39.68962085176263,39.531269054113515
2026-04-04 08:45:00,0.0,45.751024999188196,-70.96613204585913,-25.21510704667093
2026-04-04 09:00:00,0.0,117.57131471721287,-47.32215000072375,70.24916471648912
2026-04-04 09:15:00,0.0,-57.01108132326786,59.78224760415691,2.771166280889048
2026-04-04 09:30:00,0.0,-50.54842732918342,160.6704162237261,110.12198889454268
2026-04-04 09:45:00,0.0,-14.38735357161943,19.9036155390037,5.516261967384269
2026-04-04 10:00:00,0.0,-52.31459719264354,126.75096109694172,74.43636390429819
2026-04-04 10:15:00,0.0,-26.10628108097602,29.18144439466484,3.075163313688819
2026-04-04 10:30:00,0.0,24.57968982406886,-2.497717312712998,22.081972511355865
2026-04-04 10:45:00,0.0,-10.105205360879658,37.20255328608048,27.097347925200822
2026-04-04 11:00:00,0.0,15.044740245140328,-9.888205163780242,5.1565350813600865
2026-04-04 11:15:00,0.0,-3.689418630713493,14.644691245252465,10.955272614538973
2026-04-04 11:30:00,0.0,10.869770910769121,73.65421239062113,84.52398330139025
2026-04-04 11:45:00,0.0,2.3101838965744435,36.215399471227435,38.52558336780188
2026-04-04 12:00:00,0.0,14.581643781043699,917.9942235066942,932.5758672877379
2026-04-04 12:15:00,0.0,5.299171594710778,589.1628025160502,594.4619741107609
2026-04-04 12:30:00,0.0,10.111622598088601,393.7838515682784,403.895474166367
2026-04-04 12:45:00,0.0,-4.217404851678016,289.12469307103356,284.90728821935556
2026-04-04 13:00:00,0.0,5.695070023687623,90.69495870450368,96.3900287281913
2026-04-04 13:15:00,0.0,0.1806823701020439,62.31870608117281,62.499388451274854
2026-04-04 13:30:00,0.0,7.175277414115034,126.15777080761559,133.33304822173062
2026-04-04 13:45:00,0.0,11.729427412392406,668.5223060203946,680.251733432787
2026-04-04 14:00:00,0.0,-7.351855474657149,794.3199834139392,786.9681279392821
2026-04-04 14:15:00,0.0,-2.5310820937802925,88.23845824996982,85.70737615618953
2026-04-04 14:30:00,0.0,-5.302738386942068,180.05708213149384,174.75434374455176
2026-04-04 14:45:00,0.0,12.17116550889376,244.00063042463603,256.1717959335298
2026-04-04 15:00:00,0.0,-11.736663768422702,265.9550962436921,254.21843247526937
2026-04-04 15:15:00,0.0,15.856029687605645,350.32041673102754,366.1764464186332
2026-04-04 15:30:00,0.0,-0.36181213413132696,526.361383113314,525.9995709791826
2026-04-04 15:45:00,0.0,-5.935050977637626,288.2588497094861,282.3237987318485
2026-04-04 16:00:00,0.0,-21.911602246610983,246.84795050316947,224.9363482565585
2026-04-04 16:15:00,0.0,2.526220310058927,362.09614005157357,364.6223603616325
2026-04-04 16:30:00,0.0,8.574270831820247,216.59534789161668,225.16961872343694
2026-04-04 16:45:00,0.0,3.0271036533950606,193.57980647543758,196.60691012883265
2026-04-04 17:00:00,0.0,21.32260947974929,124.54423709063497,145.86684657038427
2026-04-04 17:15:00,0.0,-5.836940468360491,158.2420390504676,152.40509858210712
2026-04-04 17:30:00,0.0,8.163909231761291,196.64765550570738,204.81156473746867
2026-04-04 17:45:00,0.0,-25.155220453522386,115.98047257737865,90.82525212385626
2026-04-04 18:00:00,0.0,-10.104149710256065,2904.858806711187,2894.754657000931
2026-04-04 18:15:00,0.0,-1.369901158487333,-18.135541466086526,-19.50544262457386
2026-04-04 18:30:00,0.0,-1.058622612251015,2.1515024309312065,1.0928798186801916
2026-04-04 18:45:00,0.0,30.81358486110279,12.516554080982162,43.33013894208495
2026-04-04 19:00:00,0.0,16.160966365974744,9.188729700522071,25.349696066496815
2026-04-04 19:15:00,0.0,55.88079126856188,31.162719641279647,87.04351090984153
2026-04-04 19:30:00,0.0,86.3034503102488,25.978169567922624,112.28161987817143
2026-04-04 19:45:00,0.0,-83.86598503926784,3494.2473161256726,3410.3813310864048
2026-04-04 20:00:00,0.0,-84.7622677115332,4887.292308732587,4802.530041021054
2026-04-04 20:15:00,0.0,-84.5194989367716,429.3654320513819,344.8459331146103
2026-04-04 20:30:00,0.0,-107.16157850337993,140.75642626073125,33.59484775735132
2026-04-04 20:45:00,0.0,-102.94829344425237,141.8772413828933,38.92894793864092
2026-04-04 21:00:00,0.0,121.39767406457425,-154.79844847673274,-33.4007744121585
2026-04-04 21:15:00,0.0,-39.39978130110097,1073.7411338224704,1034.3413525213693
2026-04-04 21:30:00,0.0,-94.54601524139531,1564.8811584351122,1470.335143193717
2026-04-04 21:45:00,0.0,-1.585747268526465,343.0884082447548,341.50266097622836
2026-04-04 22:00:00,0.0,-111.77589367400509,1106.2831660734726,994.5072723994674
2026-04-04 22:15:00,0.0,-22.29577276116118,1521.4858259423113,1499.19005318115
2026-04-04 22:30:00,0.0,138.6049473378303,-41.116142873661644,97.48880446416867
2026-04-04 22:45:00,0.0,121.79076964759561,-43.13015369216545,78.66061595543016
2026-04-04 23:00:00,0.0,120.96507146757722,-48.54217576348182,72.4228957040954
2026-04-04 23:15:00,0.0,53.67526213801792,-18.84416118139241,34.83110095662551
2026-04-04 23:30:00,0.0,99.07604357116983,-32.28838048896392,66.78766308220591
2026-04-04 23:45:00,0.0,75.46674956153383,-10.943055311519348,64.52369425001449
2026-04-05 00:00:00,0.0,12.03605070594799,356.15487574310123,368.19092644904924
2026-04-05 00:15:00,0.0,-1.8466890680694958,13.3012097461705,11.454520678101003
2026-04-05 00:30:00,0.0,-9.805563936958459,1023.2166057323072,1013.4110417953488
2026-04-05 00:45:00,0.0,4.7759747374318255,17.579011694942086,22.354986432373913
2026-04-05 01:00:00,0.0,-30.611076518561955,348.69704634308255,318.0859698245206
2026-04-05 01:15:00,0.0,18.13589918893215,-104.45292750012082,-86.31702831118866
2026-04-05 01:30:00,0.0,0.5767092901677078,739.2329602916244,739.8096695817921
2026-04-05 01:45:00,0.0,11.844744175900273,852.7106330775496,864.5553772534498
2026-04-05 02:00:00,0.0,-5.810891337046652,632.1617301463415,626.3508388092948
2026-04-05 02:15:00,0.0,1.4812892303132332,35.40381421240168,36.88510344271491
2026-04-05 02:30:00,0.0,0.23813689905745522,147.59318440983958,147.83132130889703
2026-04-05 02:45:00,0.0,2.973038214667638,490.4401105105226,493.4131487251902
2026-04-05 03:00:00,0.0,0.46646418687417746,94.1682239025502,94.63468808942437
2026-04-05 03:15:00,0.0,17.86254004277614,156.23575183121847,174.0982918739946
2026-04-05 03:30:00,0.0,4.148414950947339,56.324778478707096,60.47319342965444
2026-04-05 03:45:00,0.0,-21.044313466896693,87.26870876416125,66.22439529726455
2026-04-05 04:00:00,0.0,7.4220202694974695,7.84643870102299,15.26845897052046
2026-04-05 04:15:00,0.0,10.467143297090649,31.657172385338008,42.12431568242866
2026-04-05 04:30:00,0.0,3.4945165282674573,16.307025907021945,19.801542435289402
2026-04-05 04:45:00,0.0,10.543322412708761,104.42873193125746,114.97205434396622
2026-04-05 05:00:00,0.0,9.54724145424602,59.89060307954287,69.43784453378889
2026-04-05 05:15:00,0.0,-14.30425816289025,62.618080580712025,48.313822417821775
2026-04-05 05:30:00,0.0,10.040003906093604,-10.690932007806884,-0.65092810171328
2026-04-05 05:45:00,0.0,0.050554498008861165,123.4636270135513,123.51418151156017
2026-04-05 06:00:00,0.0,-12.281996147500873,79.42961561783608,67.1476194703352
2026-04-05 06:15:00,0.0,4.308776179255702,26.5539552886308,30.8627314678865
2026-04-05 06:30:00,0.0,-0.6086494603013828,22.723849766893323,22.11520030659194
2026-04-05 06:45:00,0.0,6.533481345639412,61.04693069774137,67.58041204338078
2026-04-05 07:00:00,0.0,1.1675156016607222,111.66357983196959,112.83109543363031
2026-04-05 07:15:00,0.0,9.611670604703148,272.1879987570974,281.7996693618005
2026-04-05 07:30:00,0.0,-4.751212227746712,70.01785372675418,65.26664149900748
2026-04-05 07:45:00,0.0,-0.6336080579231225,144.00962155345505,143.37601349553194
2026-04-05 08:00:00,0.0,-14.738127553465299,57.86191398542295,43.123786431957654
2026-04-05 08:15:00,0.0,4.801021893173097,829.3552966939615,834.1563185871346
2026-04-05 08:30:00,0.0,3.654110094123852,848.6794222503053,852.3335323444292
2026-04-05 08:45:00,0.0,12.498975000811797,0.0,12.498975000811797
2026-04-05 09:00:00,0.0,1.3286852827871751,518.5262454557296,519.8549307385168
2026-04-05 09:15:00,0.0,17.41391867673216,1123.0453897767734,1140.4593084535056
2026-04-05 09:30:00,0.0,23.6265726708166,1954.916666095129,1978.5432387659455
2026-04-05 09:45:00,0.0,53.48764642838056,1334.961878802533,1388.4495252309134
2026-04-05 10:00:00,0.0,43.88540280735647,18447.288701371173,18491.174104178528
2026-04-05 10:15:00,0.0,54.64371891902397,1997.6616110186637,2052.305329937688
2026-04-05 10:30:00,0.0,-73.14531017593114,137.6775117385883,64.53220156265715
2026-04-05 10:45:00,0.0,105.01979463912035,-73.07495366427787,31.944840974842478
2026-04-05 11:00:00,0.0,-97.93025975485966,183.5184320100149,85.58817225515523
2026-04-05 11:15:00,0.0,126.5605813692865,-94.50398156606069,32.05659980322581
2026-04-05 11:30:00,0.0,140.86977091076912,-138.57614016038914,2.2936307503799753
2026-04-05 11:45:00,0.0,143.38518389657446,-136.37165496206322,7.013528934511243
2026-04-05 12:00:00,0.0,-117.96835621895625,163.82321734101436,45.85486112205811
2026-04-05 12:15:00,0.0,-136.85082840528926,213.7652016773667,76.91437327207743
2026-04-05 12:30:00,0.0,-134.46337740191143,145.09505954002523,10.631682138113803
2026-04-05 12:45:00,0.0,173.317404851678,-215.48188209040632,-42.164477238728324
2026-04-05 13:00:00,0.0,-166.52992997631236,347.1518926317096,180.62196265539723
2026-04-05 13:15:00,0.0,-182.54431762989788,227.77296283803145,45.22864520813357
2026-04-05 13:30:00,0.0,-208.250277414115,309.17822605581136,100.92794864169636
2026-04-05 13:45:00,0.0,-195.47057258760765,406.6047325274628,211.13415993985512
2026-04-05 14:00:00,0.0,-234.35185547465719,563.3078162895852,328.95596081492795
2026-04-05 14:15:00,0.0,-210.5810820937803,539.3646478887949,328.7835657950146
2026-04-05 14:30:00,0.0,-207.92773838694202,544.4124489301955,336.4847105432535
2026-04-05 14:45:00,0.0,-173.32883449110622,613.253445636954,439.92461114584773
2026-04-05 15:00:00,0.0,-190.66166376842273,254.4122422104613,63.750578442038574
2026-04-05 15:15:00,0.0,-150.39397031239443,174.38151045689213,23.9875401444977
2026-04-05 15:30:00,0.0,-146.86181213413138,348.9366787597897,202.0748666256583
2026-04-05 15:45:00,0.0,-124.38505097763773,315.55088511404796,191.16583413641024
2026-04-05 16:00:00,0.0,135.13660224661098,-192.7036059560219,-57.567003709410926
2026-04-05 16:15:00,0.0,-68.27377968994105,457.3365090259829,389.0627293360418
2026-04-05 16:30:00,0.0,-48.52572916817976,175.15627831329337,126.6305491451136
2026-04-05 16:45:00,0.0,-31.54789634660493,9.75552665003805,-21.79236969656688
2026-04-05 17:00:00,0.0,-11.02739052025071,837.0550630902582,826.0276725700074
2026-04-05 17:15:00,0.0,-20.536940468360495,827.1627982735776,806.625857805217
2026-04-05 17:30:00,0.0,0.6889092317613013,38.233941849666124,38.922851081427424
2026-04-05 17:45:00,0.0,19.03022045352238,223.6476505854797,242.6778710390021
2026-04-05 18:00:00,0.0,-6.004149710256058,38.38822436227201,32.384074652015954
2026-04-05 18:15:00,0.0,2.8800988415126705,-5.135343556583446,-2.2552447150707753
2026-04-05 18:30:00,0.0,-11.908622612251015,17.90150243093121,5.992879818680194
2026-04-05 18:45:00,0.0,-31.013584861102782,53.86294395197063,22.849359090867846
2026-04-05 19:00:00,0.0,30.18596636597475,-21.180189831319847,9.005776534654903
2026-04-05 19:15:00,0.0,82.43079126856193,-3.2823096442243056,79.14848162433762
2026-04-05 19:30:00,0.0,121.2034503102488,-26.94452384585569,94.25892646439311
2026-04-05 19:45:00,0.0,155.3909850392679,-34.46484096597839,120.92614407328949
2026-04-05 20:00:00,0.0,88.48726771153316,-39.65076980292365,48.836497908609516
2026-04-05 20:15:00,0.0,123.26949893677154,-17.989594322415556,105.27990461435598
2026-04-05 20:30:00,0.0,136.16157850337993,4.89474148426082,141.05631998764073
2026-04-05 20:45:00,0.0,172.37329344425234,-20.773596063719975,151.59969738053238
2026-04-05 21:00:00,0.0,205.74767406457426,-28.891297762233012,176.85637630234123
2026-04-05 21:15:00,0.0,179.82478130110096,-67.99445863904405,111.8303226620569
2026-04-05 21:30:00,0.0,190.29601524139534,-49.906702726144566,140.38931251525077
2026-04-05 21:45:00,0.0,156.21425273147355,-16.655795877622626,139.5584568538509
2026-04-05 22:00:00,0.0,208.75089367400494,50.733467141221865,259.4843608152268
2026-04-05 22:15:00,0.0,184.14577276116123,25.126861003362226,209.27263376452345
2026-04-05 22:30:00,0.0,-195.95494733783025,561.1155103894456,365.1605630516153
2026-04-05 22:45:00,0.0,-175.96576964759564,421.85004001439466,245.88427036679903
2026-04-05 23:00:00,0.0,176.46507146757722,-82.1300792258416,94.33499224173562
2026-04-05 23:15:00,0.0,128.200262138018,-67.27893091981267,60.921331218205324
2026-04-05 23:30:00,0.0,-133.35104357116978,308.8667609779278,175.51571740675803
2026-04-05 23:45:00,0.0,127.99174956153382,-54.45707049631214,73.53467906522168
2026-04-07 00:00:00,0.0,69.763949294052,-12.411003167327756,57.35294612672424
2026-04-07 00:15:00,0.0,74.89668906806946,-70.21055239466604,4.686136673403425
2026-04-07 00:30:00,0.0,-94.15556393695846,24.58864320693827,-69.56692073002019
2026-04-07 00:45:00,0.0,54.77402526256817,-60.76574573979814,-5.991720477229968
2026-04-07 01:00:00,0.0,-93.06107651856193,295.71820895288045,202.6571324343185
2026-04-07 01:15:00,0.0,-78.73589918893211,824.2321984128264,745.4962992238943
2026-04-07 01:30:00,0.0,-71.89829070983231,541.9802547254886,470.08196401565635
2026-04-07 01:45:00,0.0,47.83025582409972,-68.04945917234369,-20.219203348243965
2026-04-07 02:00:00,0.0,-65.01089133704666,110.80693173830709,45.79604040126043
2026-04-07 02:15:00,0.0,-57.64371076968676,66.43402538005617,8.790314610369407
2026-04-07 02:30:00,0.0,-58.93813689905744,64.1359202552045,5.197783356147056
2026-04-07 02:45:00,0.0,-61.32303821466764,43.091950270264896,-18.231087944402745
2026-04-07 03:00:00,0.0,-57.63353581312583,20.995794190300593,-36.63774162282524
2026-04-07 03:15:00,0.0,-39.93745995722388,39.46058147216317,-0.47687848506070907
2026-04-07 03:30:00,0.0,-48.126585049052665,29.844256327536435,-18.28232872151623
2026-04-07 03:45:00,0.0,-78.89431346689665,93.9701159800896,15.075802513192954
2026-04-07 04:00:00,0.0,-65.59702026949749,340.5317994135265,274.93477914402905
2026-04-07 04:15:00,0.0,-47.98285670290934,251.5677284002579,203.58487169734855
2026-04-07 04:30:00,0.0,-55.105483471732526,298.99838989712964,243.89290642539711
2026-04-07 04:45:00,0.0,-48.55667758729123,196.62050041875685,148.06382283146561
2026-04-07 05:00:00,0.0,-50.352758545753964,114.86212598610796,64.509367440354
2026-04-07 05:15:00,0.0,-88.62925816289027,130.8131861408415,42.18392797795124
2026-04-07 05:30:00,0.0,97.51500390609364,-25.54093200780688,71.97407189828675
2026-04-07 05:45:00,0.0,87.22444550199114,-29.534650325204368,57.689795176786774
2026-04-07 06:00:00,0.0,136.59300385249912,-29.669798774366647,106.92320507813247
2026-04-07 06:15:00,0.0,142.30877617925574,-84.34631126363952,57.96246491561622
2026-04-07 06:30:00,0.0,120.35864946030132,-52.45930858231269,67.89934087798864
2026-04-07 06:45:00,0.0,122.36651865436059,-96.41016610779218,25.95635254656841
2026-04-07 07:00:00,0.0,120.60748439833928,-77.5615273109658,43.04595708737348
2026-04-07 07:15:00,0.0,146.68832939529688,-64.10126558948427,82.5870638058126
2026-04-07 07:30:00,0.0,171.52621222774667,-105.20908368383881,66.31712854390786
2026-04-07 07:45:00,0.0,191.0086080579231,-172.45173508741854,18.55687297050457
2026-04-07 08:00:00,0.0,319.41187244653474,-136.4012229784705,183.01064946806423
2026-04-07 08:15:00,0.0,292.09897810682685,-138.56823626023552,153.53074184659133
2026-04-07 08:30:00,0.0,-230.19588990587624,350.76949446901693,120.57360456314069
2026-04-07 08:45:00,0.0,-179.9510249991883,231.4425052191548,51.49148021996652
2026-04-07 09:00:00,0.0,-162.64631471721276,281.39381363787686,118.7474989206641
2026-04-07 09:15:00,0.0,-84.61108132326787,12171.020947817444,12086.409866494176
2026-04-07 09:30:00,0.0,-82.57342732918345,335.3466662665915,252.77323893740805
2026-04-07 09:45:00,0.0,-11.137353571619437,174.8248655390037,163.68751196738427
2026-04-07 10:00:00,0.0,-22.714597192643538,197.44378575414748,174.72918856150395
2026-04-07 10:15:00,0.0,-10.43128108097602,153.7168518044427,143.2855707234667
2026-04-07 10:30:00,0.0,-11.529689824068852,147.69919636401423,136.1695065399454
2026-04-07 10:45:00,0.0,3.0697946391203375,206.66756023643876,209.7373548755591
2026-04-07 11:00:00,0.0,5.844740245140332,33.92165380346373,39.766394048604056
2026-04-07 11:15:00,0.0,-6.335581369286506,34.17902488307082,27.84344351378431
2026-04-07 11:30:00,0.0,17.31977091076913,5.200654737590435,22.520425648359563
2026-04-07 11:45:00,0.0,6.910183896574442,10.748408690323807,17.658592586898248
2026-04-07 12:00:00,0.0,6.4566437810437005,-6.817071483650961,-0.36042770260726087
2026-04-07 12:15:00,0.0,-1.675828405289225,116.35156932249724,114.67574091720802
2026-04-07 12:30:00,0.0,2.088377401911404,-4.0200560376708365,-1.9316786357594324
2026-04-07 12:45:00,0.0,17.017404851678027,2.1065589547968173,19.123963806474844
2026-04-07 13:00:00,0.0,9.079929976312375,81.88508259099264,90.96501256730501
2026-04-07 13:15:00,0.0,23.469317629897954,140.5291790537381,163.99849668363603
2026-04-07 13:30:00,0.0,41.000277414115025,24.100996863427053,65.10127427754207
2026-04-07 13:45:00,0.0,24.3705725876076,35.82395060440292,60.19452319201052
2026-04-07 14:00:00,0.0,43.40185547465714,43.40829558433824,86.81015105899539
2026-04-07 14:15:00,0.0,37.60608209378029,77.29631036117483,114.90239245495512
2026-04-07 14:30:00,0.0,29.552738386942075,104.96176640259684,134.5145047895389
2026-04-07 14:45:00,0.0,0.4038344911062433,42.56437154795893,42.96820603906517
2026-04-07 15:00:00,0.0,38.36166376842272,413.7680155790773,452.12967934750003
2026-04-07 15:15:00,0.0,-5.53102968760565,410.407742964378,404.8767132767723
2026-04-07 15:30:00,0.0,0.6868121341313347,186.4109197890357,187.09773192316703
2026-04-07 15:45:00,0.0,5.685050977637632,88.47772109963779,94.16277207727542
2026-04-07 16:00:00,0.0,17.161602246610975,70.45725444651364,87.61885669312463
2026-04-07 16:15:00,0.0,-2.776220310058926,47.21514307677231,44.43892276671338
2026-04-07 16:30:00,0.0,10.524270831820237,160.68662620491003,171.21089703673027
2026-04-07 16:45:00,0.0,-6.052103653395065,57.35072017460043,51.29861652120537
2026-04-07 17:00:00,0.0,-24.09760947974928,82.454968454871,58.35735897512171
2026-04-07 17:15:00,0.0,-1.613059531639508,6.120520604247905,4.507461072608397
2026-04-07 17:30:00,0.0,21.713909231761292,-5.665980397480137,16.047928834281155
2026-04-07 17:45:00,0.0,10.405220453522384,395.0501505854797,405.45537103900205
2026-04-07 18:00:00,0.0,31.304149710256056,6.922734463270165,38.22688417352622
2026-04-07 18:15:00,0.0,58.43009884151265,10.843073167391841,69.2731720089045
2026-04-07 18:30:00,0.0,88.60862261225101,6.385621961335985,94.994244573587
2026-04-07 18:45:00,0.0,-107.91358486110285,348.1985231063965,240.2849382452937
2026-04-07 19:00:00,0.0,-176.63596636597475,279.5605921721103,102.92462580613557
2026-04-07 19:15:00,0.0,144.68079126856196,20.62153553366354,165.3023268022255
2026-04-07 19:30:00,0.0,-127.72845031024886,536.4490476917115,408.72059738146265
2026-04-07 19:45:00,0.0,-181.39098503926786,378.2170725785456,196.82608753927772
2026-04-07 20:00:00,0.0,-191.03726771153322,232.25923121135014,41.22196349981692
2026-04-07 20:15:00,0.0,-219.54449893677165,197.3227160256909,-22.221782911080737
2026-04-07 20:30:00,0.0,-234.5365785033799,400.71028201717,166.17370351379012
2026-04-07 20:45:00,0.0,-246.32329344425244,404.14653941475325,157.8232459705008
2026-04-07 21:00:00,0.0,-317.34767406457433,594.2794080480331,276.9317339834588
2026-04-07 21:15:00,0.0,-319.7747813011011,621.1168787124145,301.34209741131343
2026-04-07 21:30:00,0.0,-301.24601524139524,719.1022636307225,417.8562483893273
2026-04-07 21:45:00,0.0,-228.88925273147362,392.52233567150364,163.63308294003002
2026-04-07 22:00:00,0.0,-244.0508936740051,457.08322879592043,213.03233512191534
2026-04-07 22:15:00,0.0,-216.52077276116125,182.60985213413556,-33.91092062702569
2026-04-07 22:30:00,0.0,-225.17994733783019,283.4338122210402,58.25386488321004
2026-04-07 22:45:00,0.0,-212.39076964759548,459.45423790458597,247.0634682569905
2026-04-07 23:00:00,0.0,-208.19007146757727,587.6334653764025,379.4433939088252
2026-04-07 23:15:00,0.0,-182.975262138018,351.2515953923696,168.2763332543516
2026-04-07 23:30:00,0.0,-202.75104357116987,555.154260977928,352.4032174067581
2026-04-07 23:45:00,0.0,206.64174956153377,-1.187524941933724,205.45422461960004
2026-04-08 00:00:00,0.0,192.01394929405197,-133.7554198664814,58.25852942757058
2026-04-08 00:15:00,0.0,176.6216890680695,-131.38520011975152,45.23648894831797
2026-04-08 00:30:00,0.0,162.83056393695847,-156.50328915592274,6.327274781035726
2026-04-08 00:45:00,0.0,-101.2990252625682,308.56978587846083,207.27076061589264
2026-04-08 01:00:00,0.0,165.986076518562,-168.87474163270812,-2.8886651141461357
2026-04-08 01:15:00,0.0,152.4608991889321,-89.73118432545115,62.72971486348095
2026-04-08 01:30:00,0.0,151.92329070983226,-123.700399254576,28.22289145525626
2026-04-08 01:45:00,0.0,136.3552558240997,-68.16386726863756,68.19138855546213
2026-04-08 02:00:00,0.0,168.1108913370467,-105.4040833256816,62.7068080113651
2026-04-08 02:15:00,0.0,154.3937107696868,-27.167888323455056,127.22582244623175
2026-04-08 02:30:00,0.0,149.11313689905745,-54.79163536685647,94.32150153220098
2026-04-08 02:45:00,0.0,142.77303821466762,-25.007966846843253,117.76507136782436
2026-04-08 03:00:00,0.0,139.63353581312586,-64.54322390255015,75.0903119105757
2026-04-08 03:15:00,0.0,114.06245995722384,-24.65890369837897,89.40355625884487
2026-04-08 03:30:00,0.0,105.47658504905266,-3.9742563275364313,101.50232872151622
2026-04-08 03:45:00,0.0,123.36931346689674,1362.0904192424753,1485.459732709372
2026-04-08 04:00:00,0.0,119.99702026949741,1198.3682652233583,1318.3652854928557
2026-04-08 04:15:00,0.0,100.98285670290934,1574.51136213299,1675.4942188358993
2026-04-08 04:30:00,0.0,115.15548347173257,1811.3891101028698,1926.5445935746025
2026-04-08 04:45:00,0.0,134.70667758729118,1918.6603697499902,2053.3670473372813
2026-04-08 05:00:00,0.0,137.552758545754,789.4558625606095,927.0086211063635
2026-04-08 05:15:00,0.0,143.3542581628903,-0.0,143.3542581628903
2026-04-08 05:30:00,0.0,164.41500390609363,270.91717072419726,435.33217463029087
2026-04-08 05:45:00,0.0,183.94944550199114,-0.0,183.94944550199114
2026-04-08 06:00:00,0.0,175.34300385249918,1500.9783219610135,1676.3213258135127
2026-04-08 06:15:00,0.0,209.53377617925577,1610.534221840901,1820.0679980201567
2026-04-08 06:30:00,0.0,221.60864946030136,542.4774733206351,764.0861227809364
2026-04-08 06:45:00,0.0,229.16651865436054,56.51404376984756,285.6805624242081
2026-04-08 07:00:00,0.0,241.75748439833927,38.3537142856882,280.1111986840275
2026-04-08 07:15:00,0.0,244.21332939529677,-28.893516210935662,215.3198131843611
2026-04-08 07:30:00,0.0,295.27621222774667,-28.223898733906754,267.0523134938399
2026-04-08 07:45:00,0.0,304.7086080579231,0.0,304.7086080579231
2026-04-08 08:00:00,0.0,357.0118724465344,-62.563611798609486,294.44826064792494
2026-04-08 08:15:00,0.0,326.0989781068269,-33.087869498784706,293.0111086080422
2026-04-08 08:30:00,0.0,291.2958899058763,-44.980979179830435,246.3149107260459
2026-04-08 08:45:00,0.0,246.55102499918803,-31.360503131492937,215.19052186769508
2026-04-08 09:00:00,0.0,253.84631471721292,575.8052181792524,829.6515328964654
2026-04-08 09:15:00,0.0,195.4360813232679,621.0790521825581,816.515133505826
2026-04-08 09:30:00,0.0,159.97342732918338,1194.1333339048701,1354.1067612340535
2026-04-08 09:45:00,0.0,81.18735357161938,-6.8258806886871275,74.36147288293226
2026-04-08 10:00:00,0.0,155.43959719264342,-13.313870137117712,142.12572705552572
2026-04-08 10:15:00,0.0,64.13128108097602,-20.644296263109887,43.48698481786614
2026-04-08 10:30:00,0.0,69.17968982406882,1.01989525650624,70.19958508057506
2026-04-08 10:45:00,0.0,3.0697946391203375,33.60629401893605,36.676088658056386
2026-04-08 11:00:00,0.0,-17.94474024514034,26.98700771792178,9.04226747278144
2026-04-08 11:15:00,0.0,6.360581369286509,16.29423755846459,22.6548189277511
2026-04-08 11:30:00,0.0,19.81977091076913,13.599908381890762,33.41967929265989
2026-04-08 11:45:00,0.0,16.91018389657445,64.50321773316269,81.41340162973714
2026-04-08 12:00:00,0.0,6.293356218956293,91.49918795764687,97.79254417660316
2026-04-08 12:15:00,0.0,38.27582840528921,52.5747983226333,90.8506267279225
2026-04-08 12:30:00,0.0,37.7883774019114,280.54113442230397,318.3295118242154
2026-04-08 12:45:00,0.0,68.592404851678,73.30311790959367,141.89552276127165
2026-04-08 13:00:00,0.0,-54.87992997631239,199.35110546576294,144.47117548945056
2026-04-08 13:15:00,0.0,-70.14431762989797,116.8859695948902,46.74165196499223
2026-04-08 13:30:00,0.0,-83.60027741411506,203.23233908371708,119.63206166960202
2026-04-08 13:45:00,0.0,-79.17057258760762,170.35181806906198,91.18124548145435
2026-04-08 14:00:00,0.0,84.70185547465717,-40.84012154001577,43.86173393464139
2026-04-08 14:15:00,0.0,77.5810820937803,-31.325578472138343,46.25550362164195
2026-04-08 14:30:00,0.0,73.45273838694206,-28.95686133116929,44.495877055772766
2026-04-08 14:45:00,0.0,-37.40383449110625,82.75000789037966,45.34617339927341
2026-04-08 15:00:00,0.0,62.78666376842271,88.43454972307715,151.22121349149987
2026-04-08 15:15:00,0.0,26.49397031239435,77.17453117759419,103.66850148998854
2026-04-08 15:30:00,0.0,24.46181213413133,40.635689841776696,65.09750197590802
2026-04-08 15:45:00,0.0,8.21005097763763,65.9760065041997,74.18605748183734
2026-04-08 16:00:00,0.0,31.311602246610978,76.96610692135518,108.27770916796615
2026-04-08 16:15:00,0.0,-2.7512203100589243,415.0141957944899,412.262975484431
2026-04-08 16:30:00,0.0,-13.89927083182024,-5.552441340389177,-19.45171217220942
2026-04-08 16:45:00,0.0,-16.82710365339506,72.57499682463845,55.74789317124339
2026-04-08 17:00:00,0.0,4.3976094797492955,54.34465009044647,58.74225957019577
2026-04-08 17:15:00,0.0,2.311940468360489,11.131740776890164,13.443681245250652
2026-04-08 17:30:00,0.0,-27.66390923176132,26.535944053521472,-1.1279651782398474
2026-04-08 17:45:00,0.0,40.6447795464776,-44.68593290714562,-4.0411533606680194
2026-04-08 18:00:00,0.0,-76.65414971025606,22.629403355593848,-54.02474635466221
2026-04-08 18:15:00,0.0,102.4800988415127,-34.747124742111275,67.73297409940142
2026-04-08 18:30:00,0.0,-135.30862261225096,560.6858373848853,425.3772147726344
2026-04-08 18:45:00,0.0,173.7385848611028,-55.85364380508286,117.88494105601993
2026-04-08 19:00:00,0.0,148.66096636597476,-89.53372732184926,59.1272390441255
2026-04-08 19:15:00,0.0,210.5307912685618,-105.2660523228483,105.26473894571352
2026-04-08 19:30:00,0.0,253.8784503102487,-105.45848221097945,148.41996809926923
2026-04-08 19:45:00,0.0,291.04098503926787,-168.10406064398558,122.93692439528229
2026-04-08 20:00:00,0.0,-259.7372677115331,514.2338469860706,254.4965792745375
2026-04-08 20:15:00,0.0,331.5694989367717,-199.2669863095702,132.3025126272015
2026-04-08 20:30:00,0.0,350.08657850338,-293.2540672693162,56.832511234063816
2026-04-08 20:45:00,0.0,-325.9482934442524,480.8108374466134,154.862544002361
2026-04-08 21:00:00,0.0,396.4726740645742,-217.27736395256636,179.19531011200786
2026-04-08 21:15:00,0.0,336.5247813011008,-395.63062871241453,-59.10584741131373
2026-04-08 21:30:00,0.0,337.2960152413953,-194.67246337404467,142.62355186735064
2026-04-08 21:45:00,0.0,278.9642527314735,-274.2940744347907,4.6701782966828205
2026-04-08 22:00:00,0.0,321.9008936740051,-244.86658303673624,77.03431063726885
2026-04-08 22:15:00,0.0,264.09577276116113,-344.10078686250216,-80.00501410134103
2026-04-08 22:30:00,0.0,-304.40494733783027,357.33185254735093,52.92690520952067
2026-04-08 22:45:00,0.0,-257.4407696475954,367.3402873771336,109.89951772953822
2026-04-08 23:00:00,0.0,-253.21507146757708,690.6345940932563,437.4195226256792
2026-04-08 23:15:00,0.0,-232.92526213801793,661.320542759438,428.39528062142006
2026-04-08 23:30:00,0.0,-250.62604357116993,721.6692609779276,471.04321740675766
2026-04-08 23:45:00,0.0,-230.11674956153385,525.8735097571407,295.75676019560683
2026-04-09 00:00:00,0.0,-246.48894929405196,349.9015848845101,103.41263559045814
2026-04-09 00:15:00,0.0,-234.12168906806951,215.43487442530204,-18.686814642767473
2026-04-09 00:30:00,0.0,-233.53056393695863,351.3422052132459,117.81164127628728
2026-04-09 00:45:00,0.0,208.22402526256815,-209.64736615578622,-1.423340893218068
2026-04-09 01:00:00,0.0,253.986076518562,-234.92487840864436,19.061198109917626
2026-04-09 01:15:00,0.0,228.11089918893208,-214.73281369058165,13.37808549835043
2026-04-09 01:30:00,0.0,221.92329070983223,-159.346203615534,62.577087094298236
2026-04-09 01:45:00,0.0,203.6052558240997,-168.53612317534277,35.06913264875692
2026-04-09 02:00:00,0.0,220.2608913370467,-138.21658332568154,82.04430801136516
2026-04-09 02:15:00,0.0,203.54371076968678,-231.13772588679768,-27.5940151171109
2026-04-09 02:30:00,0.0,202.23813689905745,-145.55242523925423,56.68571165980322
2026-04-09 02:45:00,0.0,187.22303821466764,-136.70793921921268,50.51509899545496
2026-04-09 03:00:00,0.0,-169.45853581312582,185.05402987818763,15.595494065061814
2026-04-09 03:15:00,0.0,169.63745995722388,-145.496711095137,24.140748862086895
2026-04-09 03:30:00,0.0,159.42658504905265,-125.4981645542924,33.928420494760246
2026-04-09 03:45:00,0.0,167.9943134668967,-176.28816237212547,-8.29384890522877
2026-04-09 04:00:00,0.0,157.3970202694975,-149.88795245819836,7.509067811299133
2026-04-09 04:15:00,0.0,127.83285670290938,-74.3688145929269,53.464042109982486
2026-04-09 04:30:00,0.0,-158.70548347173258,318.6152772027675,159.90979373103494
2026-04-09 04:45:00,0.0,166.38167758729122,-175.4424819312574,-9.060804343966169
2026-04-09 05:00:00,0.0,-164.82775854575397,126.68834735290162,-38.13941119285235
2026-04-09 05:15:00,0.0,195.02925816289024,-144.45052780064736,50.57873036224288
2026-04-09 05:30:00,0.0,211.89000390609363,-242.56712618820563,-30.67712228211201
2026-04-09 05:45:00,0.0,-204.72444550199126,365.2803886693779,160.55594316738663
2026-04-09 06:00:00,0.0,-195.7680038524991,236.95192292144264,41.18391906894354
2026-04-09 06:15:00,0.0,-231.20877617925572,493.8126225272792,262.60384634802347
2026-04-09 06:30:00,0.0,243.3586494603014,-247.56934315319717,-4.210693692895774
2026-04-09 06:45:00,0.0,-250.19151865436044,327.1001661077922,76.90864745343174
2026-04-09 07:00:00,0.0,-301.1074843983392,507.35932563029655,206.25184123195737
2026-04-09 07:15:00,0.0,308.3383293952969,-171.42519950283884,136.91312989245807
2026-04-09 07:30:00,0.0,355.12621222774663,-172.85686497854223,182.2693472492044
2026-04-09 07:45:00,0.0,327.03360805792323,-252.02039047578225,75.01321758214098
2026-04-09 08:00:00,0.0,382.6368724465344,-203.8753906763847,178.76148177014971
2026-04-09 08:15:00,0.0,336.74897810682705,-228.3952966939613,108.35368141286574
2026-04-09 08:30:00,0.0,290.8708899058763,-179.0631903049829,111.80769960089341
2026-04-09 08:45:00,0.0,212.97602499918824,-182.63400417532392,30.342020823864317
2026-04-09 09:00:00,0.0,247.0213147172129,-199.43124545572985,47.59006926148305
2026-04-09 09:15:00,0.0,199.8110813232679,-160.60837912697673,39.20270219629117
2026-04-09 09:30:00,0.0,-164.2734273291834,301.49999961421304,137.22657228502965
2026-04-09 09:45:00,0.0,106.23735357161942,-142.20699622769084,-35.969642656071414
2026-04-09 10:00:00,0.0,-132.43959719264356,305.43430849410356,172.99471130146
2026-04-09 10:15:00,0.0,-80.65628108097597,274.3702221653312,193.7139410843552
2026-04-09 10:30:00,0.0,-33.02968982406887,123.25056284609619,90.22087302202732
2026-04-09 10:45:00,0.0,-3.180205360879663,164.87878938536377,161.69858402448412
2026-04-09 11:00:00,0.0,-8.419740245140325,102.52239489171693,94.10265464657661
2026-04-09 11:15:00,0.0,6.310581369286505,225.98067580751518,232.29125717680168
2026-04-09 11:30:00,0.0,17.119770910769116,10.840100728860063,27.959871639629178
2026-04-09 11:45:00,0.0,4.460183896574445,327.22309042838856,331.683274324963
2026-04-09 12:00:00,0.0,-6.931643781043699,11372.605776493307,11365.674132712264
2026-04-09 12:15:00,0.0,-3.0491715947107716,249.40479832263333,246.35562672792256
2026-04-09 12:30:00,0.0,-7.211622598088599,299.6324054364305,292.4207828383419
2026-04-09 12:45:00,0.0,11.417404851678022,87.0506219612544,98.46802681293241
2026-04-09 13:00:00,0.0,1.604929976312376,68.74179542504595,70.34672540135833
2026-04-09 13:15:00,0.0,12.31931762989795,232.69678378353922,245.01610141343716
2026-04-09 13:30:00,0.0,30.575277414115032,15.615777080761564,46.191054494876596
2026-04-09 13:45:00,0.0,19.570572587607586,104.48853614600206,124.05910873360965
2026-04-09 14:00:00,0.0,31.551855474657135,554.900146419107,586.4520018937642
2026-04-09 14:15:00,0.0,26.331082093780292,331.4863983889761,357.8174804827564
2026-04-09 14:30:00,0.0,22.252738386942067,310.6932372029214,332.94597558986345
2026-04-09 14:45:00,0.0,0.02883449110624685,29.994373520553815,30.02320801166006
2026-04-09 15:00:00,0.0,18.336663768422696,122.53811182276944,140.87477559119213
2026-04-09 15:15:00,0.0,-13.50602968760565,145.8122395431079,132.30620985550223
2026-04-09 15:30:00,0.0,2.1368121341313295,260.5320712402105,262.6688833743418
2026-04-09 15:45:00,0.0,7.085050977637631,815.8685838175235,822.9536347951611
2026-04-09 16:00:00,0.0,14.661602246610975,501.3537915691369,516.0153938157479
2026-04-09 16:15:00,0.0,-2.5512203100589237,174.9588765125995,172.40765620254055
2026-04-09 16:30:00,0.0,-10.449270831820245,16.61482605419167,6.165555222371426
2026-04-09 16:45:00,0.0,3.3021036533950623,-1.777626899467269,1.5244767539277932
2026-04-09 17:00:00,0.0,21.572609479749293,-15.743379545882894,5.829229933866399
2026-04-09 17:15:00,0.0,5.611940468360491,14.5555206042479,20.16746107260839
2026-04-09 17:30:00,0.0,-8.188909231761293,14.498936784729727,6.3100275529684335
2026-04-09 17:45:00,0.0,18.455220453522394,40.60546645357279,59.06068690709518
2026-04-09 18:00:00,0.0,12.479149710256067,-43.729843691153214,-31.250693980897147
2026-04-09 18:15:00,0.0,-26.85509884151266,91.1382393755896,64.28314053407695
2026-04-09 18:30:00,0.0,75.38362261225102,-20.3888146270648,54.99480798518621
2026-04-09 18:45:00,0.0,126.61358486110274,-7.147181415248686,119.46640344585406
2026-04-09 19:00:00,0.0,84.28596636597473,-38.093833576584544,46.192132789390186
2026-04-09 19:15:00,0.0,132.95579126856188,-39.72479500147234,93.23099626708955
2026-04-09 19:30:00,0.0,166.4284503102488,-66.17735124951551,100.25109906073328
2026-04-09 19:45:00,0.0,190.6659850392678,-51.3960238691202,139.2699611701476
2026-04-09 20:00:00,0.0,169.8122677115332,-84.49884664797948,85.31342106355372
2026-04-09 20:15:00,0.0,194.51949893677156,-118.60043205138173,75.91906688538982
2026-04-09 20:30:00,0.0,-198.91157850337993,366.05288777360875,167.14130927022882
2026-04-09 20:45:00,0.0,191.5982934442523,-154.0470073935133,37.55128605073901
2026-04-09 21:00:00,0.0,224.0976740645742,-148.31236395256644,75.78531011200775
2026-04-09 21:15:00,0.0,-177.94978130110096,498.5470204402233,320.5972391391224
2026-04-09 21:30:00,0.0,-142.72101524139546,359.6614846698449,216.94046942844946
2026-04-09 21:45:00,0.0,-61.139252731473526,256.74416525926597,195.60491252779244
2026-04-09 22:00:00,0.0,-165.70089367400504,502.0498494661256,336.34895579212053
2026-04-09 22:15:00,0.0,79.24577276116119,246.8641740576889,326.10994681885006
2026-04-09 22:30:00,0.0,-169.35494733783028,664.0530875789182,494.6981402410879
2026-04-09 22:45:00,0.0,166.8407696475956,298.24732630063727,465.0880959482329
2026-04-09 23:00:00,0.0,163.9900714675772,-55.64935397134764,108.34071749622956
2026-04-09 23:15:00,0.0,148.9752621380179,13.375773029584812,162.35103516760273
2026-04-09 23:30:00,0.0,160.47604357116978,-24.490430990911474,135.9856125802583
2026-04-09 23:45:00,0.0,154.96674956153382,-37.06376247096684,117.90298709056697
2026-04-10 00:00:00,0.0,70.81394929405204,-72.15016986648142,-1.336220572429383
2026-04-10 00:15:00,0.0,99.87168906806954,-64.65368239944152,35.21800666862802
2026-04-10 00:30:00,0.0,24.180563936958457,-67.31212675466121,-43.13156281770275
2026-04-10 00:45:00,0.0,5.025974737431826,54.30742051630918,59.333395253741
2026-04-10 01:00:00,0.0,56.411076518561956,-50.90732369826993,5.5037528202920285
2026-04-10 01:15:00,0.0,18.485899188932148,-42.83883218260554,-24.352932993673395
2026-04-10 01:30:00,0.0,60.4482907098323,-25.951246748996706,34.4970439608356
2026-04-10 01:45:00,0.0,-12.855255824099725,33.88305680966156,21.027800985561836
2026-04-10 02:00:00,0.0,85.66089133704665,-43.78180951506467,41.87908182198198
2026-04-10 02:15:00,0.0,-33.29371076968678,297.67215735849715,264.37844658881033
2026-04-10 02:30:00,0.0,-34.86313689905749,32.24617523925422,-2.616961659803266
2026-04-10 02:45:00,0.0,-23.37303821466765,17.00618093092346,-6.366857283744189
2026-04-10 03:00:00,0.0,27.93353581312582,-28.401868683060215,-0.4683328699343967
2026-04-10 03:15:00,0.0,-13.887459957223871,24.589933687596357,10.702473730372486
2026-04-10 03:30:00,0.0,35.67658504905268,21.547025319732036,57.22361036878472
2026-04-10 03:45:00,0.0,49.74431346689667,-13.380662372125432,36.36365109477124
2026-04-10 04:00:00,0.0,34.97202026949746,5.447753337908481,40.41977360740594
2026-04-10 04:15:00,0.0,-18.682856702909344,16.930392207588884,-1.75246449532046
2026-04-10 04:30:00,0.0,-21.830483471732542,11.13367616617107,-10.696807305561473
2026-04-10 04:45:00,0.0,-18.60667758729123,9.773778150006141,-8.83289943728509
2026-04-10 05:00:00,0.0,-14.127758545753986,18.3715801729778,4.243821627223815
2026-04-10 05:15:00,0.0,69.32925816289027,-7.7280805807120325,61.60117758217824
2026-04-10 05:30:00,0.0,44.3900039060936,24.833035628793315,69.22303953488691
2026-04-10 05:45:00,0.0,80.44944550199114,-1.0963018509491376,79.353143651042
2026-04-10 06:00:00,0.0,36.368003852499115,-28.494755117543967,7.873248734955148
2026-04-10 06:15:00,0.0,116.38377617925573,619.1342218409012,735.5179980201569
2026-04-10 06:30:00,0.0,162.20864946030136,-54.23653596099755,107.97211349930382
2026-04-10 06:45:00,0.0,168.61651865436056,-68.14794164020326,100.4685770141573
2026-04-10 07:00:00,0.0,172.98248439833927,-42.105689075650176,130.87679532268908
2026-04-10 07:15:00,0.0,201.61332939529686,-68.70029925425833,132.91303014103852
2026-04-10 07:30:00,0.0,235.52621222774667,-66.63581997138981,168.89039225635685
2026-04-10 07:45:00,0.0,242.2086080579231,-102.76356478647332,139.44504327144978
2026-04-10 08:00:00,0.0,232.5118724465348,-132.06197421596752,100.44989823056727
2026-04-10 08:15:00,0.0,224.74897810682688,-158.0111785638436,66.73779954298328
2026-04-10 08:30:00,0.0,-211.6458899058762,332.1944764143389,120.5485865084627
2026-04-10 08:45:00,0.0,-172.0760249991882,217.57175574107043,45.49573074188223
2026-04-10 09:00:00,0.0,-257.5463147172128,561.2890181843186,303.7427034671058
2026-04-10 09:15:00,0.0,-181.48608132326783,499.78885303569774,318.30277171242994
2026-04-10 09:30:00,0.0,-133.34842732918344,54.994999828539136,-78.3534275006443
2026-04-10 09:45:00,0.0,-55.33735357161942,31.57046970063313,-23.766883870986288
2026-04-10 10:00:00,0.0,-107.11459719264352,745.2387013711773,638.1241041785338
2026-04-10 10:15:00,0.0,-64.23128108097602,224.37359252621974,160.1423114452437
2026-04-10 10:30:00,0.0,153.02968982406892,-58.1572592101105,94.87243061395841
2026-04-10 10:45:00,0.0,-7.930205360879665,6.81876158393054,-1.111443776949125
2026-04-10 11:00:00,0.0,-51.6947402451403,649.2211282620485,597.5263880169082
2026-04-10 11:15:00,0.0,-42.9144186307135,170.5388949320403,127.62447630132681
2026-04-10 11:30:00,0.0,-17.380229089230873,43.33560437316039,25.95537528392952
2026-04-10 11:45:00,0.0,-31.68981610342556,56.26779521419429,24.577979110768727
2026-04-10 12:00:00,0.0,-60.33164378104367,287.02226560697744,226.69062182593376
2026-04-10 12:15:00,0.0,-52.5491715947108,137.21106512908057,84.66189353436977
2026-04-10 12:30:00,0.0,-57.7366225980886,206.11115543643044,148.37453283834185
2026-04-10 12:45:00,0.0,-30.13259514832198,334.0992103934496,303.9666152451276
2026-04-10 13:00:00,0.0,-5.720070023687626,10.649578461443022,4.929508437755397
2026-04-10 13:15:00,0.0,0.2056823701020451,1078.7720270274344,1078.9777093975365
2026-04-10 13:30:00,0.0,-7.150277414115034,1287.9422291923845,1280.7919517782695
2026-04-10 13:45:00,0.0,11.779427412392405,654.413903610661,666.1933310230534
2026-04-10 14:00:00,0.0,7.3018554746571525,1.8783687938917781,9.18022426854893
2026-04-10 14:15:00,0.0,14.24391790621971,10.262323944397467,24.50624185061718
2026-04-10 14:30:00,0.0,5.2777383869420715,-18.900047464286235,-13.622309077344163
2026-04-10 14:45:00,0.0,12.19616550889376,40.742193664359085,52.93835917325285
2026-04-10 15:00:00,0.0,11.536663768422695,-3.2646241993844356,8.27203956903826
2026-04-10 15:15:00,0.0,16.031029687605653,32.6124827005679,48.643512388173555
2026-04-10 15:30:00,0.0,0.08681213413133229,156.69861688668604,156.78542902081736
2026-04-10 15:45:00,0.0,-5.635050977637626,5.332135114047967,-0.30291586358965894
2026-04-10 16:00:00,0.0,14.38660224661098,-3.370552978010943,11.016049268600037
2026-04-10 16:15:00,0.0,-2.801220310058927,19.59549548700861,16.794275176949682
2026-04-10 16:30:00,0.0,10.524270831820237,41.57348704826336,52.0977578800836
2026-04-10 16:45:00,0.0,5.402103653395062,-42.56368019954335,-37.16157654614829
2026-04-10 17:00:00,0.0,26.59760947974928,28.495825999623058,55.09343547937234
2026-04-10 17:15:00,0.0,-10.188059531639515,91.4186008632113,81.23054133157179
2026-04-10 17:30:00,0.0,-21.713909231761292,159.30908722550078,137.59517799373947
2026-04-10 17:45:00,0.0,-26.19477954647762,49.164842065953394,22.970062519475775
2026-04-10 18:00:00,0.0,-43.00414971025606,166.44300419449232,123.43885448423626
2026-04-10 18:15:00,0.0,-70.80509884151267,258.90014564708036,188.09504680556768
2026-04-10 18:30:00,0.0,-104.58362261225105,104.52273088857628,-0.06089172367477147
2026-04-10 18:45:00,0.0,167.7635848611028,-125.0541022608226,42.7094826002802
2026-04-10 19:00:00,0.0,-120.51096636597478,187.46377029947794,66.95280393350316
2026-04-10 19:15:00,0.0,-169.03079126856193,148.0061255366082,-21.024665731953718
2026-04-10 19:30:00,0.0,-200.07845031024883,278.9677530284177,78.88930271816886
2026-04-10 19:45:00,0.0,-226.29098503926787,123.53682903141825,-102.75415600784962
2026-04-10 20:00:00,0.0,-226.21226771153312,820.840193295959,594.6279255844258
2026-04-10 20:15:00,0.0,-253.59449893677163,1029.629188644831,776.0346897080593
2026-04-10 20:30:00,0.0,-272.5365785033798,1208.7004700286166,936.1638915252367
2026-04-10 20:45:00,0.0,-271.02329344425226,1273.6635468082663,1002.6402533640141
2026-04-10 21:00:00,0.0,287.44767406457413,-274.492227905133,12.955446159441124
2026-04-10 21:15:00,0.0,257.7747813011011,-255.05423698460578,2.7205443164953067
2026-04-10 21:30:00,0.0,255.37101524139533,-83.73231856965562,171.6386966717397
2026-04-10 21:45:00,0.0,221.78925273147343,122.31072659580377,344.0999793272772
2026-04-10 22:00:00,0.0,259.0508936740051,526.5168339265274,785.5677276005325
2026-04-10 22:15:00,0.0,219.92077276116117,358.6141740576892,578.5349468188504
2026-04-10 22:30:00,0.0,234.4049473378303,-23.28530875789183,211.11963857993845
2026-04-10 22:45:00,0.0,224.91576964759565,235.54732630063722,460.4630959482329
2026-04-10 23:00:00,0.0,220.66507146757726,-38.04612871685369,182.6189427507236
2026-04-10 23:15:00,0.0,-197.92526213801793,509.4006578902281,311.47539575221015
2026-04-10 23:30:00,0.0,215.55104357116988,-44.304864491560636,171.24617907960925
2026-04-10 23:45:00,0.0,215.74174956153388,-50.95045444562155,164.79129511591233
2026-04-11 00:00:00,0.0,212.23894929405196,-44.53266007211489,167.70628922193708
2026-04-11 00:15:00,0.0,197.37168906806957,-96.59656202108503,100.77512704698454
2026-04-11 00:30:00,0.0,79.35556393695849,-113.41345064316879,-34.0578867062103
2026-04-11 00:45:00,0.0,-7.6740252625681755,38.28364459950682,30.609619336938646
2026-04-11 01:00:00,0.0,108.31107651856195,-27.43054710374554,80.88052941481641
2026-04-11 01:15:00,0.0,-51.61089918893214,89.16658996040121,37.555690771469074
2026-04-11 01:30:00,0.0,-60.22329070983229,131.4751837613463,71.251893051514
2026-04-11 01:45:00,0.0,-44.33025582409974,102.68876580891184,58.3585099848121
2026-04-11 02:00:00,0.0,61.810891337046655,204.57826985365838,266.38916119070507
2026-04-11 02:15:00,0.0,46.74371076968677,1466.5032487331464,1513.246959502833
2026-04-11 02:30:00,0.0,63.83813689905742,951.1101993619884,1014.9483362610458
2026-04-11 02:45:00,0.0,40.17303821466765,412.24011051052236,452.41314872519
2026-04-11 03:00:00,0.0,44.93353581312583,-9.365467170765058,35.56806864236077
2026-04-11 03:15:00,0.0,-15.537459957223865,48.33116294432634,32.79370298710247
2026-04-11 03:30:00,0.0,40.97658504905266,-16.75708860468264,24.21949644437002
2026-04-11 03:45:00,0.0,57.86931346689667,-14.655883162833916,43.213430304062754
2026-04-11 04:00:00,0.0,-59.3470202694975,77.17167013975565,17.82464987025815
2026-04-11 04:15:00,0.0,-31.432856702909366,102.23005167434147,70.7971949714321
2026-04-11 04:30:00,0.0,-36.05548347173256,65.74782642532023,29.69234295358767
2026-04-11 04:45:00,0.0,21.381677587291232,-68.06675041875694,-46.6850728314657
2026-04-11 05:00:00,0.0,-31.65275854575397,199.01919470580313,167.36643616004915
2026-04-11 05:15:00,0.0,-40.629258162890245,17.15664585048549,-23.472612312404756
2026-04-11 05:30:00,0.0,42.64000390609361,-16.386093824805837,26.253910081287774
2026-04-11 05:45:00,0.0,38.774445501991124,-119.91538866937788,-81.14094316738675
2026-04-11 06:00:00,0.0,-37.24300385249915,655.0716780389865,617.8286741864874
2026-04-11 06:15:00,0.0,-48.65877617925569,89.7570335335269,41.098257354271205
2026-04-11 06:30:00,0.0,-52.85864946030139,230.23663572789098,177.3779862675896
2026-04-11 06:45:00,0.0,-21.141518654360585,450.36985410050806,429.22833544614747
2026-04-11 07:00:00,0.0,70.00748439833926,-39.87908403364261,30.128400364696645
2026-04-11 07:15:00,0.0,22.513329395296857,-29.196265589484263,-6.6829361941874055
2026-04-11 07:30:00,0.0,-40.776212227746704,68.59149120887278,27.815278981126077
2026-04-11 07:45:00,0.0,-34.208608057923115,51.89365939810958,17.68505134018646
2026-04-11 08:00:00,0.0,61.48687244653469,-18.277223597219002,43.209648849315684
2026-04-11 08:15:00,0.0,35.24897810682692,6.8917623710975535,42.140740477924474
2026-04-11 08:30:00,0.0,56.07088990587616,-2.6445847424066953,53.426305163469465
2026-04-11 08:45:00,0.0,45.82602499918819,-12.231006262985883,33.595018736202306
2026-04-11 09:00:00,0.0,76.3463147172128,-21.768327274306348,54.57798744290646
2026-04-11 09:15:00,0.0,52.63608132326786,-6.714426517848768,45.921654805419095
2026-04-11 09:30:00,0.0,15.073427329183403,-16.099999699943485,-1.026572370760082
2026-04-11 09:45:00,0.0,18.787646428380565,-8.26751703583802,10.520129392542545
2026-04-11 10:00:00,0.0,15.014597192643544,-9.422415617029715,5.592181575613829
2026-04-11 10:15:00,0.0,4.093718919023981,-8.386518556445838,-4.292799637421856
2026-04-11 10:30:00,0.0,1.529689824068852,27.968870394944748,29.4985602190136
2026-04-11 10:45:00,0.0,-19.769794639120338,397.74990732855565,377.9801126894353
2026-04-11 11:00:00,0.0,0.9697402451403261,1251.5788717379514,1252.5486119830919
2026-04-11 11:15:00,0.0,7.9355813692865045,7588.939382490502,7596.874963859788
2026-04-11 11:30:00,0.0,22.444770910769115,7925.402014577201,7947.84678548797
2026-04-11 11:45:00,0.0,25.860183896574437,6015.39745390452,6041.2576378010945
2026-04-11 12:00:00,0.0,10.8933562189563,40.09557764933058,50.98893386828688
2026-04-11 12:15:00,0.0,39.850828405289235,230.1686323548692,270.01946076015844
2026-04-11 12:30:00,0.0,4.263377401911399,9061.749859905825,9066.013237307738
2026-04-11 12:45:00,0.0,23.567404851678027,1830.4187398708482,1853.9861447225262
2026-04-11 13:00:00,0.0,42.70492997631237,83.91754129549633,126.6224712718087
2026-04-11 13:15:00,0.0,61.419317629897954,269.89818243216746,331.3175000620654
2026-04-11 13:30:00,0.0,120.45027741411508,201.51466248456944,321.9649398986845
2026-04-11 13:45:00,0.0,-101.97057258760758,140.77181806906196,38.80124548145439
2026-04-11 14:00:00,0.0,109.97685547465707,-30.257232040877106,79.71962343377996
2026-04-11 14:15:00,0.0,-69.33108209378032,72.89674044433706,3.565658350556731
2026-04-11 14:30:00,0.0,65.4777383869421,-29.717523732143107,35.760214654798986
2026-04-11 14:45:00,0.0,-45.478834491106255,90.98250591778469,45.50367142667844
2026-04-11 15:00:00,0.0,80.3116637684227,74.0362236455388,154.3478874139615
2026-04-11 15:15:00,0.0,-36.693970312394356,64.53758688332474,27.84361657093038
2026-04-11 15:30:00,0.0,49.71181213413135,-32.92207295509062,16.78973917904073
2026-04-11 15:45:00,0.0,49.560050977637616,-13.73913728211454,35.820913695523075
2026-04-11 16:00:00,0.0,50.18660224661099,-16.816393078644822,33.370209167966166
2026-04-11 16:15:00,0.0,14.948779689941077,-12.204152102755081,2.7446275871859953
2026-04-11 16:30:00,0.0,7.99927083182024,-4.685582530059981,3.3136883017602594
2026-04-11 16:45:00,0.0,-3.2771036533950597,76.43368019954337,73.15657654614832
2026-04-11 17:00:00,0.0,-19.572609479749296,659.8894072734126,640.3167977936633
2026-04-11 17:15:00,0.0,-5.586940468360489,155.44151844621965,149.85457797785915
2026-04-11 17:30:00,0.0,10.238909231761305,-11.063329956709067,-0.8244207249477622
2026-04-11 17:45:00,0.0,25.18022045352238,29.448746325716492,54.62896677923887
2026-04-11 18:00:00,0.0,31.979149710256067,-6.785134865611072,25.194014844644997
2026-04-11 18:15:00,0.0,-26.08009884151266,168.45593728509277,142.3758384435801
2026-04-11 18:30:00,0.0,-34.80862261225101,28.771126823198408,-6.037495789052599
2026-04-11 18:45:00,0.0,56.36358486110283,-74.13958972410069,-17.77600486299786
2026-04-11 19:00:00,0.0,-38.73596636597475,39.521609363161744,0.7856429971869971
2026-04-11 19:15:00,0.0,-30.355791268561877,523.8497071449606,493.4939158763987
2026-04-11 19:30:00,0.0,-42.32845031024877,379.8617113935414,337.5332610832926
2026-04-11 19:45:00,0.0,48.81598503926788,-4.776090965978375,44.0398940732895
2026-04-11 20:00:00,0.0,42.98726771153318,749.3576912674112,792.3449589789443
2026-04-11 20:15:00,0.0,57.01949893677158,-0.34751318689867416,56.67198574987291
2026-04-11 20:30:00,0.0,71.58657850337991,-23.55028201717001,48.036296486209906
2026-04-11 20:45:00,0.0,71.12329344425238,-44.25677340413329,26.86652004011909
2026-04-11 21:00:00,0.0,97.59767406457425,-26.773720571599828,70.82395349297443
2026-04-11 21:15:00,0.0,71.74978130110094,-27.68498187454995,44.06479942655099
2026-04-11 21:30:00,0.0,-87.09601524139532,54.03916610018911,-33.056849141206214
2026-04-11 21:45:00,0.0,75.83925273147352,67.09764700804155,142.93689973951507
2026-04-11 22:00:00,0.0,94.80089367400507,-77.61658303673634,17.184310637268723
2026-04-11 22:15:00,0.0,71.34577276116116,-16.635560837019995,54.71021192414116
2026-04-11 22:30:00,0.0,84.60494733783031,-48.01327189472958,36.59167544310073
2026-04-11 22:45:00,0.0,73.14076964759558,-25.211851582356633,47.928918065238946
2026-04-11 23:00:00,0.0,58.915071467577214,2.180445519664465,61.09551698724168
2026-04-11 23:15:00,0.0,41.85026213801791,541.6493421097723,583.4996042477902
2026-04-11 23:30:00,0.0,77.92604357116983,354.5366565253181,432.46270009648794
2026-04-11 23:45:00,0.0,71.01674956153383,18.294091108756906,89.31084067029073
2026-04-12 00:00:00,0.0,-25.038949294052024,36.56385941915713,11.524910125105109
2026-04-12 00:15:00,0.0,29.871689068069507,-28.78600809389107,1.0856809741784375
2026-04-12 00:30:00,0.0,41.93056393695844,-34.626636808830504,7.303927128127938
2026-04-12 00:45:00,0.0,-26.024025262568166,37.522294252850095,11.498268990281929
2026-04-12 01:00:00,0.0,-49.31107651856195,31.45332445893281,-17.85775205962914
2026-04-12 01:15:00,0.0,-27.985899188932137,25.49470134925877,-2.4911978396733687
2026-04-12 01:30:00,0.0,25.448290709832307,-8.9256665079611,16.522624201871206
2026-04-12 01:45:00,0.0,-7.430255824099731,27.125009902206557,19.694754078106826
2026-04-12 02:00:00,0.0,32.01089133704666,-19.7693491994262,12.24154213762046
2026-04-12 02:15:00,0.0,16.69371076968676,-25.303294415098314,-8.609583645411554
2026-04-12 02:30:00,0.0,23.513136899057443,-28.70439035090619,-5.191253451848748
2026-04-12 02:45:00,0.0,29.523038214667633,-14.662939219212639,14.860098995454994
2026-04-12 03:00:00,0.0,32.008535813125825,-26.006635097677687,6.001900715448137
2026-04-12 03:15:00,0.0,11.212459957223867,-24.389485170542148,-13.17702521331828
2026-04-12 03:30:00,0.0,20.901585049052667,15.882911395317347,36.78449644437001
2026-04-12 03:45:00,0.0,43.894313466896705,-7.795767182744315,36.09854628415239
2026-04-12 04:00:00,0.0,33.24702026949747,7.823394497129854,41.07041476662732
2026-04-12 04:15:00,0.0,18.532856702909356,-4.8834353039233855,13.649421398985972
2026-04-12 04:30:00,0.0,20.255483471732546,-1.7488639901074803,18.506619481625066
2026-04-12 04:45:00,0.0,16.206677587291235,0.3226386562461637,16.529316243537398
2026-04-12 05:00:00,0.0,-19.57775854575398,8.59060307954289,-10.98715546621109
2026-04-12 05:15:00,0.0,40.90425816289026,-7.865686140841495,33.03857202204876
2026-04-12 05:30:00,0.0,35.0150039060936,6.981841448394577,41.99684535448817
2026-04-12 05:45:00,0.0,27.474445501991134,-0.508290195122617,26.96615530686852
2026-04-12 06:00:00,0.0,17.018003852499128,-4.683880970467973,12.334122882031155
2026-04-12 06:15:00,0.0,31.483776179255678,-0.6686779875043682,30.81509819175131
2026-04-12 06:30:00,0.0,35.35864946030137,0.4750730875285052,35.83372254782988
2026-04-12 06:45:00,0.0,-20.36651865436058,32.02191246030487,11.65539380594429
2026-04-12 07:00:00,0.0,-27.982484398339267,8.329474789962001,-19.653009608377268
2026-04-12 07:15:00,0.0,15.413329395296852,2.5696009943222147,17.982930389619067
2026-04-12 07:30:00,0.0,32.95121222774672,-11.49820745350835,21.453004774238373
2026-04-12 07:45:00,0.0,23.458608057923122,-19.122508019491583,4.336100038431539
2026-04-12 08:00:00,0.0,-25.7618724465347,18.572668316662803,-7.1892041298718965
2026-04-12 08:15:00,0.0,36.3239781068269,4.515292587960466,40.839270694787366
2026-04-12 08:30:00,0.0,25.44588990587615,-5.219566687728728,20.22632321814742
2026-04-12 08:45:00,0.0,15.67602499918821,-14.81425574107039,0.8617692581178193
2026-04-12 09:00:00,0.0,-45.22131471721281,27.925340910735784,-17.29597380647703
2026-04-12 09:15:00,0.0,33.76108132326785,-16.816758253953378,16.944323069314475
2026-04-12 09:30:00,0.0,38.848427329183394,-32.69333287610434,6.155094453079052
2026-04-12 09:45:00,0.0,-7.287353571619423,625.7572897905867,618.4699362189673
2026-04-12 10:00:00,0.0,-45.66459719264353,545.8592663026184,500.1946691099748
2026-04-12 10:15:00,0.0,-34.68128108097602,484.5103610186632,449.8290799376872
2026-04-12 10:30:00,0.0,-37.97968982406887,275.2594215024529,237.279731678384
2026-04-12 10:45:00,0.0,25.530205360879656,-16.781307919652708,8.748897441226948
2026-04-12 11:00:00,0.0,42.86974024514032,4.930984564156453,47.800724809296774
2026-04-12 11:15:00,0.0,-29.114418630713487,101.41158318109085,72.29716455037736
2026-04-12 11:30:00,0.0,-14.605229089230875,64.68110801746069,50.07587892822981
2026-04-12 11:45:00,0.0,-29.08981610342557,48.34359964748495,19.25378354405938
2026-04-12 12:00:00,0.0,-51.60664378104368,50.833754720648905,-0.7728890603947747
2026-04-12 12:15:00,0.0,36.774171594710765,-12.845482145198579,23.928689449512184
2026-04-12 12:30:00,0.0,53.03662259808861,22.385077051797396,75.42169964988601
2026-04-12 12:45:00,0.0,16.03259514832198,1102.431260129151,1118.463855277473
2026-04-12 13:00:00,0.0,15.695070023687624,245.20110546576277,260.8961754894504
2026-04-12 13:15:00,0.0,2.730682370102049,660.1452263517488,662.8759087218508
2026-04-12 13:30:00,0.0,-7.150277414115034,59.12533751543063,51.9750601013156
2026-04-12 13:45:00,0.0,-11.82942741239241,23.160267472537225,11.330840060144814
2026-04-12 14:00:00,0.0,7.3018554746571525,12.171258293030442,19.473113767687593
2026-04-12 14:15:00,0.0,-7.068917906219704,39.861921527861675,32.79300362164197
2026-04-12 14:30:00,0.0,-18.372261613057937,36.274609469155315,17.90234785609738
2026-04-12 14:45:00,0.0,-32.89616550889376,6.762808308235822,-26.133357200657937
2026-04-12 15:00:00,0.0,3.3133362315773085,-19.02740375630791,-15.7140675247306
2026-04-12 15:15:00,0.0,-41.10602968760566,17.23914923851315,-23.866880449092513
2026-04-12 15:30:00,0.0,43.11318786586868,-9.150788390601939,33.96239947526674
2026-04-12 15:45:00,0.0,-70.68994902236236,497.71858381752327,427.0286347951609
2026-04-12 16:00:00,0.0,51.788397753389006,-43.169016820721296,8.61938093266771
2026-04-12 16:15:00,0.0,65.72622031005895,-33.51424548700862,32.211974823050326
2026-04-12 16:30:00,0.0,-42.42427083182024,17.258954292125825,-25.165316539694413
2026-04-12 16:45:00,0.0,-48.677103653395044,18.859866749809736,-29.817236903585307
2026-04-12 17:00:00,0.0,99.02260947974935,-41.65576290936505,57.3668465703843
2026-04-12 17:15:00,0.0,64.21305953163953,-24.806160517926756,39.406899013712774
2026-04-12 17:30:00,0.0,119.41390923176122,-36.76734449429253,82.6465647374687
2026-04-12 17:45:00,0.0,147.14477954647762,-44.8146841319068,102.33009541457082
2026-04-12 18:00:00,0.0,125.70414971025605,-131.25307520117045,-5.5489254909143995
2026-04-12 18:15:00,0.0,168.65509884151265,-77.58474982807421,91.07034901343845
2026-04-12 18:30:00,0.0,-259.93362261225104,675.9590455156414,416.02542290339034
2026-04-12 18:45:00,0.0,376.66358486110266,-57.38986479754459,319.2737200635581
2026-04-12 19:00:00,0.0,254.98596636597472,-69.46906638553307,185.51689998044165
2026-04-12 19:15:00,0.0,-285.10579126856186,691.2897364304641,406.1839451619023
2026-04-12 19:30:00,0.0,-312.82845031024857,466.6688839898816,153.840433679633
2026-04-12 19:45:00,0.0,381.41598503926775,-245.3490606439855,136.06692439528226
2026-04-12 20:00:00,0.0,-292.16226771153316,701.9234624226999,409.76119471116675
2026-04-12 20:15:00,0.0,328.14449893677164,-445.16981034810624,-117.0253114113346
2026-04-12 20:30:00,0.0,-328.5365785033801,560.6303290200318,232.0937505166517
2026-04-12 20:45:00,0.0,-325.3232934442524,738.7574261168197,413.43413267256733
2026-04-12 21:00:00,0.0,364.2476740645742,-171.47393380966648,192.77374025490772
2026-04-12 21:15:00,0.0,-320.52478130110103,516.4918787124145,195.9670974113135
2026-04-12 21:30:00,0.0,343.49601524139536,-325.01947402194486,18.476541219450496
2026-04-12 21:45:00,0.0,324.9142527314735,-271.29032443479053,53.62392829668295
2026-04-12 22:00:00,0.0,360.5258936740051,-111.04247491102086,249.48341876298423
2026-04-12 22:15:00,0.0,330.895772761161,-13.335825942311077,317.55994681884994
2026-04-12 22:30:00,0.0,321.9549473378304,-4.853087578918239,317.10185975891216
2026-04-12 22:45:00,0.0,298.36576964759547,-161.92213895949018,136.4436306881053
2026-04-12 23:00:00,0.0,-333.29007146757726,604.0354406308965,270.7453691633192
2026-04-12 23:15:00,0.0,-282.77526213801787,669.9406249957166,387.1653628576987
2026-04-12 23:30:00,0.0,302.9010435711701,-133.5088484941574,169.39219507701267
2026-04-12 23:45:00,0.0,295.9167495615338,-87.73563123548345,208.18111832605032
2026-04-13 00:00:00,0.0,290.56394929405207,-323.45380382028543,-32.889854526233364
2026-04-13 00:15:00,0.0,-285.8216890680695,324.16169125959647,38.34000219152699
2026-04-13 00:30:00,0.0,259.08056393695836,-431.23752635970703,-172.15696242274868
2026-04-13 00:45:00,0.0,235.79902526256828,-303.46188622511767,-67.66286096254939
2026-04-13 01:00:00,0.0,296.71107651856204,-286.9889908720453,9.722085646516746
2026-04-13 01:15:00,0.0,-277.7358991889322,788.673088492185,510.9371893032528
2026-04-13 01:30:00,0.0,-271.8982907098324,242.15284619401925,-29.745444515813148
2026-04-13 01:45:00,0.0,-251.33025582409965,356.0951544469796,104.76489862287997
2026-04-13 02:00:00,0.0,-278.2608913370466,315.95533332568164,37.69444198863505
2026-04-13 02:15:00,0.0,-228.99371076968688,448.347725886798,219.35401511711112
2026-04-13 02:30:00,0.0,-242.63813689905737,231.30191527115488,-11.33622162790249
2026-04-13 02:45:00,0.0,235.84803821466772,-434.7961533032929,-198.94811508862517
2026-04-13 03:00:00,0.0,-268.50853581312583,331.67004629280524,63.16151047967941
2026-04-13 03:15:00,0.0,-198.7124599572238,465.07143701973155,266.35897706250773
2026-04-13 03:30:00,0.0,-240.90158504905273,520.3553670853067,279.453782036254
2026-04-13 03:45:00,0.0,-217.7443134668968,292.64946477743484,74.90515131053803
2026-04-13 04:00:00,0.0,-280.3720202694975,444.64102898053414,164.26900871103663
2026-04-13 04:15:00,0.0,-262.53285670290927,196.10359911125428,-66.42925759165499
2026-04-13 04:30:00,0.0,-209.03048347173254,201.50306347180927,-7.527419999923268
2026-04-13 04:45:00,0.0,231.88167758729122,-446.1986857125085,-214.31700812521728
2026-04-13 05:00:00,0.0,-271.352758545754,428.9181603459556,157.56540180020158
2026-04-13 05:15:00,0.0,-286.2042581628902,115.31273751029129,-170.8915206525989
2026-04-13 05:30:00,0.0,-267.5400039060936,250.50326454900306,-17.03673935709054
2026-04-13 05:45:00,0.0,-203.77444550199118,379.277778539296,175.5033330373048
2026-04-13 06:00:00,0.0,-255.26800385249913,196.28721146072138,-58.980792391777754
2026-04-13 06:15:00,0.0,-319.3337761792556,640.774333619324,321.4405574400684
2026-04-13 06:30:00,0.0,-340.33364946030133,458.86689500952383,118.5332455492225
2026-04-13 06:45:00,0.0,-344.5665186543606,679.0838978703558,334.5173792159952
2026-04-13 07:00:00,0.0,-334.40748439833925,291.82723739498095,-42.580247003358295
2026-04-13 07:15:00,0.0,-299.2633293952968,260.1351995028389,-39.128129892457935
2026-04-13 07:30:00,0.0,-363.85121222774677,355.298842474966,-8.552369752780749
2026-04-13 07:45:00,0.0,-356.8836080579231,977.7489512525099,620.8653431945868
2026-04-13 08:00:00,0.0,-429.3118724465346,685.357445956941,256.04557351040637
2026-04-13 08:15:00,0.0,-417.24897810682677,287.3124271951765,-129.93655091165027
2026-04-13 08:30:00,0.0,-403.04588990587604,950.163262523695,547.117372617819
2026-04-13 08:45:00,0.0,-375.0260249991884,647.2282546972397,272.20222969805127
2026-04-13 09:00:00,0.0,-478.1463147172127,914.0618000014474,435.9154852842347
2026-04-13 09:15:00,0.0,-446.4860813232679,1383.274984558517,936.7889032352491
2026-04-13 09:30:00,0.0,-352.07342732918335,1307.9483329189698,955.8749055897864
2026-04-13 09:45:00,0.0,-286.8373535716195,1864.092231078007,1577.2548775063874
2026-04-13 10:00:00,0.0,-418.2145971926434,1787.2745487683394,1369.059951575696
2026-04-13 10:15:00,0.0,-333.00628108097607,1582.5586480675522,1249.552366986576
2026-04-13 10:30:00,0.0,275.70468982406896,-83.67135083063104,192.03333899343792
2026-04-13 10:45:00,0.0,280.3552053608798,290.89990732855574,571.2551126894355
2026-04-13 11:00:00,0.0,-316.74474024514035,884.4711282620482,567.7263880169078
2026-04-13 11:15:00,0.0,295.2894186307135,-67.75851843393932,227.53090019677418
2026-04-13 11:30:00,0.0,302.5552290892308,1122.1979854227989,1424.7532145120297
2026-04-13 11:45:00,0.0,340.68981610342547,631.4525460954819,972.1423621989074
2026-04-13 12:00:00,0.0,336.1816437810437,-17.710288824665295,318.47135495637843
2026-04-13 12:15:00,0.0,306.32417159471083,-59.80493277421108,246.51923882049977
2026-04-13 12:30:00,0.0,319.4116225980886,-61.407475483519036,258.0041471145696
2026-04-13 12:45:00,0.0,275.732595148322,666.8812601291519,942.6138552774739
2026-04-13 13:00:00,0.0,310.6200700236877,-30.978528906847433,279.64154111684024
2026-04-13 13:15:00,0.0,307.5306823701021,760.5720270274348,1068.102709397537
2026-04-13 13:30:00,0.0,297.799722585885,791.6922291923844,1089.4919517782694
2026-04-13 13:45:00,0.0,305.9294274123925,669.413903610661,975.3433310230535
2026-04-13 14:00:00,0.0,304.4981445253427,-47.65664779216912,256.8414967331736
2026-04-13 14:15:00,0.0,276.9189179062197,-137.3146252500906,139.6042926561291
2026-04-13 14:30:00,0.0,271.4222616130579,-76.43554013473994,194.98672147831797
2026-04-13 14:45:00,0.0,295.44616550889367,-108.47655633564092,186.96960917325276
2026-04-13 15:00:00,0.0,292.9883362315773,-164.67537580061554,128.31296043096177
2026-04-13 15:15:00,0.0,277.6810296876057,-239.22121520805374,38.459814479551966
2026-04-13 15:30:00,0.0,-162.4381878658686,310.18832124021026,147.75013337434166
2026-04-13 15:45:00,0.0,-156.9899490223624,221.73429190876175,64.74434288639935
2026-04-13 16:00:00,0.0,-148.13839775338903,121.24143464778142,-26.89696310560761
2026-04-13 16:15:00,0.0,-138.12622031005895,618.8315195893721,480.7052992793131
2026-04-13 16:30:00,0.0,-161.24927083182027,242.56316950296412,81.31389867114385
2026-04-13 16:45:00,0.0,-176.12710365339512,488.12558692441013,311.998483271015
2026-04-13 17:00:00,0.0,-139.2226094797493,265.3973730912003,126.17476361145097
2026-04-13 17:15:00,0.0,-189.08805953163952,444.85072125165635,255.76266172001684
2026-04-13 17:30:00,0.0,-244.86390923176117,332.68957995670905,87.82567072494788
2026-04-13 17:45:00,0.0,-285.84477954647764,455.10515181024084,169.2603722637632
2026-04-13 18:00:00,0.0,214.929149710256,-330.02638486561113,-115.09723515535512
2026-04-13 18:15:00,0.0,-322.5800988415126,1191.1579163801234,868.5778175386108
2026-04-13 18:30:00,0.0,-316.75862261225103,436.78294023479776,120.02431762254673
2026-04-13 18:45:00,0.0,371.36358486110277,-300.80526056967466,70.55832429142811
2026-04-13 19:00:00,0.0,320.7609663659747,-215.17809217211035,105.58287419386434
2026-04-13 19:15:00,0.0,343.38079126856195,-270.82478035872026,72.55601090984169
2026-04-13 19:30:00,0.0,310.95345031024857,-138.98992562475777,171.9635246854908
2026-04-13 19:45:00,0.0,412.4909850392679,-78.97238322253123,333.5186018167367
2026-04-13 20:00:00,0.0,315.2122677115332,-71.12134630988825,244.09092140164492
2026-04-13 20:15:00,0.0,311.5194989367716,-229.50012119974429,82.0193777370273
2026-04-13 20:30:00,0.0,359.56157850337996,84.2995299713833,443.8611084747632
2026-04-13 20:45:00,0.0,346.07329344425244,-280.8851601061999,65.18813333805252
2026-04-13 21:00:00,0.0,-332.94767406457436,658.4884484767325,325.54077441215816
2026-04-13 21:15:00,0.0,283.5997813011009,-227.15601022011168,56.44377108098922
2026-04-13 21:30:00,0.0,309.84601524139555,-217.2694740219447,92.57654121945086
2026-04-13 21:45:00,0.0,293.4142527314735,-312.04003464090954,-18.625781909436057
2026-04-13 22:00:00,0.0,348.9508936740051,-297.17242473306277,51.77846894094233
2026-04-13 22:15:00,0.0,-302.2957727611611,490.79651510529123,188.50074234413012
2026-04-13 22:30:00,0.0,323.3299473378304,-300.79521659998613,22.534730737844257
2026-04-13 22:45:00,0.0,-309.59076964759555,523.7858221170059,214.1950524694103
2026-04-13 23:00:00,0.0,-323.4650714675772,465.0529010179756,141.5878295503984
2026-04-13 23:15:00,0.0,-297.15026213801787,379.9379111813924,82.78764904337453
2026-04-13 23:30:00,0.0,-310.2010435711701,474.0939284811737,163.8928849100036
2026-04-13 23:45:00,0.0,-304.6417495615338,502.09199457234797,197.45024501081417
2026-04-14 00:00:00,0.0,-294.7389492940521,571.3971551262011,276.65820583214906
2026-04-14 00:15:00,0.0,-281.27168906806935,293.67082531131746,12.399136243248108
2026-04-14 00:30:00,0.0,-292.73056393695845,614.8932845858457,322.1627206488872
2026-04-14 00:45:00,0.0,275.2490252625682,-251.57728587846077,23.67173938410741
2026-04-14 01:00:00,0.0,301.08607651856204,-173.29859801080562,127.78747850775642
2026-04-14 01:15:00,0.0,287.9858991889322,-198.2866488096197,89.6992503793125
2026-04-14 01:30:00,0.0,282.3732907098322,-233.8785597366471,48.494730973185085
2026-04-14 01:45:00,0.0,279.78025582409987,-203.50644544772933,76.27381037637053
2026-04-14 02:00:00,0.0,296.48589133704655,-233.37283332568146,63.1130580113651
2026-04-14 02:15:00,0.0,-289.74371076968674,335.22520964313213,45.48149887344539
2026-04-14 02:30:00,0.0,290.1631368990575,-180.57742523925415,109.58571165980337
2026-04-14 02:45:00,0.0,295.3230382146676,-260.91193645644955,34.411101758218024
2026-04-14 03:00:00,0.0,284.88353581312566,-138.15627314640255,146.7272626667231
2026-04-14 03:15:00,0.0,252.5874599572239,-198.45780739675791,54.129652560465985
2026-04-14 03:30:00,0.0,283.7265850490526,-266.61155062987774,17.115034419174833
2026-04-14 03:45:00,0.0,302.1943134668966,-211.58413917610756,90.61017429078902
2026-04-14 04:00:00,0.0,281.5220202694975,-179.53843202520608,101.98358824429141
2026-04-14 04:15:00,0.0,250.03285670290936,-53.29911637041814,196.7337403324912
2026-04-14 04:30:00,0.0,287.35548347173255,-124.47527720276759,162.88020626896497
2026-04-14 04:45:00,0.0,282.60667758729124,8.73636050624003,291.3430380935313
2026-04-14 05:00:00,0.0,279.10275854575406,687.5097709343488,966.6125294801029
2026-04-14 05:15:00,0.0,309.15425816289036,302.2989443987055,611.4532025615958
2026-04-14 05:30:00,0.0,308.34000390609356,-137.91657927580275,170.4234246302908
2026-04-14 05:45:00,0.0,262.29944550199116,-266.7684586043369,-4.469013102345741
2026-04-14 06:00:00,0.0,291.59300385249924,-208.06029706851865,83.53270678398059
2026-04-14 06:15:00,0.0,320.2087761792557,-142.12973344772965,178.07904273152607
2026-04-14 06:30:00,0.0,317.1336494603013,-247.7285040580497,69.40514540225158
2026-04-14 06:45:00,0.0,389.7915186543606,-171.46746352512704,218.32405512923353
2026-04-14 07:00:00,0.0,-359.6824843983392,621.1474222689582,261.46493787061894
2026-04-14 07:15:00,0.0,406.0133293952969,-191.56683291903246,214.44649647626446
2026-04-14 07:30:00,0.0,436.1762122277468,-131.42317123748305,304.7530409902638
2026-04-14 07:45:00,0.0,-393.6086080579232,767.1432809515646,373.5346728936414
2026-04-14 08:00:00,0.0,479.7368724465346,-265.9826683166628,213.75420412987182
2026-04-14 08:15:00,0.0,448.4989781068268,-301.4144876289024,147.08449047792442
2026-04-14 08:30:00,0.0,376.3458899058762,-197.0321750157966,179.3137148900796
2026-04-14 08:45:00,0.0,327.12602499918836,-213.081006262986,114.04501873620237
2026-04-14 09:00:00,0.0,435.07131471721266,-158.26145454644146,276.80986017077123
2026-04-14 09:15:00,0.0,161.51108132326786,-116.26765282241274,45.24342850085512
2026-04-14 09:30:00,0.0,343.8734273291834,-105.14666643805216,238.72676089113125
2026-04-14 09:45:00,0.0,277.3873535716195,104.56907763457176,381.95643120619127
2026-04-14 10:00:00,0.0,-294.7895971926436,770.788701371177,475.9991041785334
2026-04-14 10:15:00,0.0,198.43128108097602,-8.02149993599765,190.40978114497838
2026-04-14 10:30:00,0.0,256.9046898240689,19.011253912862752,275.91594373693164
2026-04-14 10:45:00,0.0,77.28020536087965,785.7499073285557,863.0301126894353
2026-04-14 11:00:00,0.0,82.46974024514034,528.2017063576054,610.6714466027457
2026-04-14 11:15:00,0.0,36.214418630713496,825.8106175094954,862.0250361402088
2026-04-14 11:30:00,0.0,-8.844770910769121,801.0979854227987,792.2532145120296
2026-04-14 11:45:00,0.0,4.410183896574446,9.071290604646093,13.48147450122054
2026-04-14 12:00:00,0.0,-68.68164378104373,735.0801988439756,666.3985550629319
2026-04-14 12:15:00,0.0,-3.299171594710778,646.5397310968445,643.2405595021338
2026-04-14 12:30:00,0.0,-113.0366225980886,394.8524264505571,281.81580385246855
2026-04-14 12:45:00,0.0,-53.93259514832198,580.6281179095936,526.6955227612716
2026-04-14 13:00:00,0.0,-5.695070023687623,578.98411562739,573.2890456037023
2026-04-14 13:15:00,0.0,-13.205682370102046,733.8193277023661,720.613645332264
2026-04-14 13:30:00,0.0,-22.94972258588496,558.8718838355215,535.9221612496366
2026-04-14 13:45:00,0.0,-89.2044274123924,654.6260295212045,565.4216021088121
2026-04-14 14:00:00,0.0,-8.723144525342851,25.227832875646005,16.504688350303155
2026-04-14 14:15:00,0.0,16.643917906219706,-85.07878269454847,-68.43486478832875
2026-04-14 14:30:00,0.0,-40.54726161305793,37.86519706818148,-2.6820645448764466
2026-04-14 14:45:00,0.0,81.19616550889376,-35.16843182878965,46.027733680104106
2026-04-14 15:00:00,0.0,-6.863336231577303,24.307993811692473,17.44465758011517
2026-04-14 15:15:00,0.0,39.50602968760565,-34.60121520805367,4.90481447955198
2026-04-14 15:30:00,0.0,-17.513187865868673,8.497861345692556,-9.015326520176117
2026-04-14 15:45:00,0.0,-53.71494902236237,80.64457948139011,26.92963045902774
2026-04-14 16:00:00,0.0,14.38660224661098,50.90475444651363,65.29135669312461
2026-04-14 16:15:00,0.0,-2.8262203100589245,43.28995030748123,40.463729997422305
2026-04-14 16:30:00,0.0,10.49927083182024,-31.704710767994143,-21.205439936173903
2026-04-14 16:45:00,0.0,-3.3021036533950623,88.45769352456236,85.1555898711673
2026-04-14 17:00:00,0.0,45.472609479749295,-108.54311472771819,-63.070505247968896
2026-04-14 17:15:00,0.0,109.26305953163947,-79.55168112217467,29.7113784094648
2026-04-14 17:30:00,0.0,150.6639092317612,-100.25594405352146,50.40796517823975
2026-04-14 17:45:00,0.0,162.69477954647758,-19.22483961643106,143.4699399300465
2026-04-14 18:00:00,0.0,160.129149710256,-117.27631385893287,42.852835851323135
2026-04-14 18:15:00,0.0,258.93009884151263,-119.20395819006171,139.72614065145092
2026-04-14 18:30:00,0.0,-178.40862261225107,181.03881462706474,2.630192014813673
2026-04-14 18:45:00,0.0,444.0635848611029,-215.64862930131375,228.41495555978918
2026-04-14 19:00:00,0.0,233.08596636597474,-144.61762655421322,88.46833981176152
2026-04-14 19:15:00,0.0,291.43079126856196,-262.4735083945924,28.957282873969575
2026-04-14 19:30:00,0.0,286.1784503102487,-294.3202530284176,-8.14180271816889
2026-04-14 19:45:00,0.0,-421.9659850392679,1012.3416699973966,590.3756849581287
2026-04-14 20:00:00,0.0,-267.3122677115332,1961.3923087325875,1694.0800410210543
2026-04-14 20:15:00,0.0,-262.0194989367717,2241.7791886448317,1979.75968970806
2026-04-14 20:30:00,0.0,-389.86157850337986,1280.950399524324,891.0888210209441
2026-04-14 20:45:00,0.0,-386.07329344425244,316.8783867020667,-69.19490674218576
2026-04-14 21:00:00,0.0,-354.6476740645744,499.15829409546643,144.51062003089203
2026-04-14 21:15:00,0.0,-275.2997813011009,796.2846802934823,520.9848989923814
2026-04-14 21:30:00,0.0,-293.49601524139536,808.8186950610672,515.3226798196717
2026-04-14 21:45:00,0.0,-266.3892527314737,879.2628244347908,612.8735717033171
2026-04-14 22:00:00,0.0,-266.57589367400504,1235.4606911624521,968.884797488447
2026-04-14 22:15:00,0.0,244.17077276116115,488.76417405768876,732.9349468188499
2026-04-14 22:30:00,0.0,-299.02994733783027,1358.8117603894452,1059.781813051615
2026-04-14 22:45:00,0.0,-330.8657696475956,217.44080210980889,-113.4249675377867
2026-04-14 23:00:00,0.0,-268.41507146757715,306.831611405055,38.416539937477864
2026-04-14 23:15:00,0.0,-251.67526213801796,315.6178618396253,63.94259970160732
2026-04-14 23:30:00,0.0,-291.32604357116975,340.9935959844198,49.667552413250064
2026-04-14 23:45:00,0.0,251.86674956153394,-127.21340889124313,124.6533406702908
